Date,Open,High,Low,Close,Adj Close,Volume
1982-03-31,5.680555820465088,5.805555820465088,5.555555820465088,5.805555820465088,2.224573850631714,1474200
1982-04-01,5.680555820465088,5.805555820465088,5.555555820465088,5.805555820465088,2.224573850631714,1474200
1982-04-02,5.944444179534912,6.055555820465088,5.8333330154418945,6.0,2.299081802368164,1710900
1982-04-05,6.055555820465088,6.111111164093018,6.0,6.055555820465088,2.3203680515289307,1604700
1982-04-06,5.986111164093018,6.027778148651123,5.944444179534912,6.027778148651123,2.309725046157837,1361700
1982-04-07,6.055555820465088,6.097221851348877,6.013888835906982,6.055555820465088,2.3203680515289307,1206000
1982-04-08,6.0833330154418945,6.152778148651123,6.013888835906982,6.111111164093018,2.341656446456909,1188000
1982-04-12,6.0833330154418945,6.138888835906982,6.013888835906982,6.027778148651123,2.309725046157837,805500
1982-04-13,6.055555820465088,6.097221851348877,6.013888835906982,6.0833330154418945,2.3310136795043945,1282500
1982-04-14,6.0416669845581055,6.069444179534912,6.013888835906982,6.055555820465088,2.3203680515289307,207000
1982-04-15,6.013888835906982,6.055555820465088,5.972221851348877,6.0416669845581055,2.3150482177734375,331200
1982-04-16,6.055555820465088,6.0833330154418945,6.013888835906982,6.0416669845581055,2.3150482177734375,576900
1982-04-19,6.0833330154418945,6.111111164093018,6.0416669845581055,6.055555820465088,2.3203680515289307,713700
1982-04-20,6.0416669845581055,6.069444179534912,6.013888835906982,6.0416669845581055,2.3150482177734375,508500
1982-04-21,6.0,6.027778148651123,5.972221851348877,5.972221851348877,2.288437604904175,254700
1982-04-22,6.0,6.027778148651123,5.9583330154418945,5.986111164093018,2.29375958442688,576000
1982-04-23,5.680555820465088,5.694444179534912,5.652778148651123,5.694444179534912,2.181997060775757,3060900
1982-04-26,5.597221851348877,5.694444179534912,5.5,5.569444179534912,2.134101629257202,3427200
1982-04-27,5.513888835906982,5.569444179534912,5.4583330154418945,5.472221851348877,2.0968475341796875,2219400
1982-04-28,5.486111164093018,5.527778148651123,5.444444179534912,5.444444179534912,2.086203098297119,542700
1982-04-29,5.472221851348877,5.513888835906982,5.4166669845581055,5.4166669845581055,2.0755600929260254,423900
1982-04-30,5.361111164093018,5.388888835906982,5.3333330154418945,5.347221851348877,2.048949718475342,2470500
1982-05-03,5.305555820465088,5.347221851348877,5.263888835906982,5.2916669845581055,2.0276622772216797,1687500
1982-05-04,5.2916669845581055,5.305555820465088,5.277778148651123,5.305555820465088,2.0329842567443848,1632600
1982-05-05,5.277778148651123,5.305555820465088,5.25,5.2916669845581055,2.0276622772216797,587700
1982-05-06,5.2916669845581055,5.3333330154418945,5.25,5.305555820465088,2.0329842567443848,1586700
1982-05-07,5.25,5.305555820465088,5.194444179534912,5.222221851348877,2.001051902770996,2665800
1982-05-10,5.25,5.2916669845581055,5.2083330154418945,5.236111164093018,2.0063748359680176,1100700
1982-05-11,5.319444179534912,5.361111164093018,5.277778148651123,5.347221851348877,2.048949718475342,941400
1982-05-12,5.222221851348877,5.361111164093018,5.0833330154418945,5.0833330154418945,1.9478323459625244,2474100
1982-05-13,4.597221851348877,4.652778148651123,4.527778148651123,4.569444179534912,1.7509210109710693,15327900
1982-05-14,4.680555820465088,4.7083330154418945,4.638888835906982,4.694444179534912,1.7988187074661255,4312800
1982-05-17,4.694444179534912,4.722221851348877,4.6666669845581055,4.694444179534912,1.7988187074661255,1360800
1982-05-18,4.680555820465088,4.694444179534912,4.652778148651123,4.6666669845581055,1.7881752252578735,1487700
1982-05-19,4.611111164093018,4.638888835906982,4.569444179534912,4.5833330154418945,1.7562423944473267,2322900
1982-05-20,4.527778148651123,4.569444179534912,4.486111164093018,4.555555820465088,1.7455990314483643,2007900
1982-05-21,4.5,4.527778148651123,4.472221851348877,4.486111164093018,1.7189894914627075,1656000
1982-05-24,4.430555820465088,4.486111164093018,4.361111164093018,4.375,1.6764135360717773,3863700
1982-05-25,4.430555820465088,4.4583330154418945,4.388888835906982,4.388888835906982,1.681735873222351,2444400
1982-05-26,4.347221851348877,4.388888835906982,4.2916669845581055,4.319444179534912,1.6551250219345093,2028600
1982-05-27,4.2916669845581055,4.319444179534912,4.263888835906982,4.305555820465088,1.6498044729232788,1105200
1982-05-28,4.2916669845581055,4.319444179534912,4.25,4.263888835906982,1.6338379383087158,1545300
1982-06-01,4.222221851348877,4.25,4.180555820465088,4.222221851348877,1.6178711652755737,1088100
1982-06-02,4.25,4.277778148651123,4.222221851348877,4.25,1.6285163164138794,1796400
1982-06-03,4.222221851348877,4.263888835906982,4.1666669845581055,4.236111164093018,1.6231942176818848,1359000
1982-06-04,4.152778148651123,4.236111164093018,4.055555820465088,4.0833330154418945,1.5646523237228394,1927800
1982-06-07,3.972222089767456,4.013888835906982,3.9166669845581055,3.972222089767456,1.5462703704833984,1387800
1982-06-08,3.8611109256744385,3.944443941116333,3.777777910232544,3.8333330154418945,1.4922045469284058,1832400
1982-06-09,3.7916669845581055,3.8611109256744385,3.722222089767456,3.722222089767456,1.4489524364471436,3247200
1982-06-10,3.7916669845581055,3.8611109256744385,3.722222089767456,3.75,1.459765911102295,2754900
1982-06-11,3.8333330154418945,3.875,3.777777910232544,3.8333330154418945,1.4922045469284058,3304800
1982-06-14,3.75,3.819443941116333,3.6666669845581055,3.6666669845581055,1.4273267984390259,4736700
1982-06-15,3.722222089767456,3.75,3.694443941116333,3.75,1.459765911102295,1662300
1982-06-16,3.75,3.7916669845581055,3.694443941116333,3.7638890743255615,1.4651718139648438,1773000
1982-06-17,3.7083330154418945,3.7638890743255615,3.6388890743255615,3.6666669845581055,1.4273267984390259,3891600
1982-06-18,3.6111109256744385,3.6666669845581055,3.5416669845581055,3.555556058883667,1.3840737342834473,1819800
1982-06-21,3.597222089767456,3.6388890743255615,3.555556058883667,3.555556058883667,1.3840737342834473,1149300
1982-06-22,3.6111109256744385,3.7083330154418945,3.5,3.7083330154418945,1.4435458183288574,2377800
1982-06-23,3.7083330154418945,3.75,3.652777910232544,3.75,1.459765911102295,1052100
1982-06-24,3.805556058883667,3.847222089767456,3.75,3.75,1.459765911102295,1432800
1982-06-25,3.7916669845581055,3.8333330154418945,3.75,3.7916669845581055,1.4759856462478638,535500
1982-06-28,3.7916669845581055,3.805556058883667,3.7638890743255615,3.7916669845581055,1.4759856462478638,373500
1982-06-29,3.777777910232544,3.819443941116333,3.7361109256744385,3.777777910232544,1.4705784320831299,1080000
1982-06-30,3.805556058883667,3.847222089767456,3.7638890743255615,3.777777910232544,1.4705784320831299,1343700
1982-07-01,3.7361109256744385,3.777777910232544,3.694443941116333,3.722222089767456,1.4489524364471436,2231100
1982-07-02,3.6666669845581055,3.694443941116333,3.625,3.6666669845581055,1.4273267984390259,353700
1982-07-06,3.5416669845581055,3.6388890743255615,3.444443941116333,3.5833330154418945,1.39488685131073,1067400
1982-07-07,3.527777910232544,3.5833330154418945,3.472222089767456,3.472222089767456,1.351635456085205,2426400
1982-07-08,3.5833330154418945,3.694443941116333,3.4583330154418945,3.6388890743255615,1.416513204574585,3788100
1982-07-09,3.6666669845581055,3.722222089767456,3.6111109256744385,3.6388890743255615,1.416513204574585,2414700
1982-07-12,3.597222089767456,3.6388890743255615,3.555556058883667,3.6111109256744385,1.405700445175171,5817600
1982-07-13,3.6111109256744385,3.680556058883667,3.555556058883667,3.5833330154418945,1.39488685131073,2309400
1982-07-14,3.597222089767456,3.6388890743255615,3.555556058883667,3.6111109256744385,1.405700445175171,5817600
1982-07-15,3.6388890743255615,3.652777910232544,3.625,3.652777910232544,1.4219201803207397,5258700
1982-07-16,3.652777910232544,3.680556058883667,3.625,3.680556058883667,1.4327336549758911,2407500
1982-07-19,3.694443941116333,3.722222089767456,3.6666669845581055,3.680556058883667,1.4327336549758911,729000
1982-07-20,3.680556058883667,3.7083330154418945,3.652777910232544,3.652777910232544,1.4219201803207397,1065600
1982-07-21,3.7083330154418945,3.722222089767456,3.680556058883667,3.694443941116333,1.4381396770477295,2344500
1982-07-22,3.75,3.819443941116333,3.6666669845581055,3.819443941116333,1.4867982864379883,2825100
1982-07-23,3.847222089767456,3.875,3.805556058883667,3.847222089767456,1.49761164188385,1725300
1982-07-26,3.7916669845581055,3.8333330154418945,3.7361109256744385,3.75,1.459765911102295,655200
1982-07-27,3.7361109256744385,3.75,3.722222089767456,3.75,1.459765911102295,2628900
1982-07-28,3.694443941116333,3.722222089767456,3.6666669845581055,3.694443941116333,1.4381396770477295,2241900
1982-07-29,3.75,3.7916669845581055,3.694443941116333,3.7638890743255615,1.4651718139648438,2802600
1982-07-30,3.7638890743255615,3.7916669845581055,3.722222089767456,3.722222089767456,1.4489524364471436,583200
1982-08-02,3.7916669845581055,3.819443941116333,3.75,3.7916669845581055,1.4759856462478638,3060000
1982-08-03,3.805556058883667,3.847222089767456,3.7638890743255615,3.7638890743255615,1.4651718139648438,851400
1982-08-04,3.7916669845581055,3.819443941116333,3.75,3.805556058883667,1.481391429901123,1365300
1982-08-05,3.75,3.777777910232544,3.722222089767456,3.75,1.459765911102295,1467900
1982-08-06,3.7361109256744385,3.7638890743255615,3.7083330154418945,3.722222089767456,1.4489524364471436,827100
1982-08-09,3.680556058883667,3.722222089767456,3.6388890743255615,3.6666669845581055,1.4273267984390259,1173600
1982-08-10,3.6666669845581055,3.7083330154418945,3.625,3.625,1.411107063293457,1104300
1982-08-11,3.7083330154418945,3.777777910232544,3.625,3.777777910232544,1.4705784320831299,1999800
1982-08-12,3.8333330154418945,3.9166669845581055,3.75,3.805556058883667,1.481391429901123,1404000
1982-08-13,3.875,3.930556058883667,3.805556058883667,3.930556058883667,1.5300501585006714,783000
1982-08-16,3.930556058883667,3.972222089767456,3.875,3.875,1.5084246397018433,773100
1982-08-17,4.027778148651123,4.097221851348877,3.944443941116333,4.097221851348877,1.5949294567108154,2520900
1982-08-18,4.222221851348877,4.388888835906982,4.0416669845581055,4.138888835906982,1.6111496686935425,2708100
1982-08-19,4.069444179534912,4.138888835906982,4.0,4.0,1.557083010673523,897300
1982-08-20,4.111111164093018,4.194444179534912,4.013888835906982,4.194444179534912,1.6327751874923706,1468800
1982-08-23,4.138888835906982,4.194444179534912,4.069444179534912,4.1666669845581055,1.6219618320465088,1809000
1982-08-24,4.2083330154418945,4.25,4.152778148651123,4.194444179534912,1.6327751874923706,1518300
1982-08-25,4.194444179534912,4.25,4.138888835906982,4.152778148651123,1.6165558099746704,3152700
1982-08-26,4.263888835906982,4.361111164093018,4.152778148651123,4.2916669845581055,1.6706215143203735,1206000
1982-08-27,4.222221851348877,4.263888835906982,4.180555820465088,4.194444179534912,1.6327751874923706,1261800
1982-08-30,4.194444179534912,4.222221851348877,4.152778148651123,4.180555820465088,1.6273682117462158,994500
1982-08-31,4.2083330154418945,4.277778148651123,4.125,4.277778148651123,1.6652140617370605,1538100
1982-09-01,4.236111164093018,4.2916669845581055,4.180555820465088,4.222221851348877,1.643587350845337,1389600
1982-09-02,4.152778148651123,4.236111164093018,4.069444179534912,4.222221851348877,1.643587350845337,2134800
1982-09-03,4.2083330154418945,4.2916669845581055,4.111111164093018,4.125,1.60574209690094,3523500
1982-09-07,4.013888835906982,4.055555820465088,3.972222089767456,4.013888835906982,1.5870705842971802,1977300
1982-09-08,3.9583330154418945,4.0,3.9166669845581055,3.9166669845581055,1.5486302375793457,1879200
1982-09-09,3.930556058883667,3.944443941116333,3.9166669845581055,3.930556058883667,1.554121494293213,1242000
1982-09-10,3.9166669845581055,3.930556058883667,3.8888890743255615,3.9166669845581055,1.5486302375793457,1122300
1982-09-13,3.9861109256744385,4.069444179534912,3.8888890743255615,4.069444179534912,1.6090372800827026,516600
1982-09-14,4.055555820465088,4.0833330154418945,4.013888835906982,4.013888835906982,1.5870705842971802,639000
1982-09-15,4.069444179534912,4.1666669845581055,3.972222089767456,4.1666669845581055,1.647478699684143,1977300
1982-09-16,4.152778148651123,4.194444179534912,4.097221851348877,4.097221851348877,1.6200203895568848,3915000
1982-09-17,4.138888835906982,4.194444179534912,4.0833330154418945,4.0833330154418945,1.614529013633728,885600
1982-09-20,4.069444179534912,4.097221851348877,4.0416669845581055,4.0833330154418945,1.614529013633728,791100
1982-09-21,4.138888835906982,4.180555820465088,4.0833330154418945,4.180555820465088,1.6529710292816162,1564200
1982-09-22,4.263888835906982,4.3333330154418945,4.180555820465088,4.194444179534912,1.658461570739746,2683800
1982-09-23,4.180555820465088,4.2083330154418945,4.138888835906982,4.1666669845581055,1.647478699684143,1050300
1982-09-24,4.180555820465088,4.194444179534912,4.152778148651123,4.194444179534912,1.658461570739746,888300
1982-09-27,4.222221851348877,4.25,4.180555820465088,4.25,1.680428385734558,850500
1982-09-28,4.263888835906982,4.305555820465088,4.222221851348877,4.236111164093018,1.6749356985092163,637200
1982-09-29,4.2083330154418945,4.236111164093018,4.180555820465088,4.2083330154418945,1.6639535427093506,1419300
1982-09-30,4.194444179534912,4.222221851348877,4.152778148651123,4.1666669845581055,1.647478699684143,630900
1982-10-01,4.2083330154418945,4.277778148651123,4.138888835906982,4.277778148651123,1.6914111375808716,1710900
1982-10-04,4.2916669845581055,4.361111164093018,4.222221851348877,4.347221851348877,1.718868613243103,859500
1982-10-05,4.3333330154418945,4.361111164093018,4.2916669845581055,4.347221851348877,1.718868613243103,767700
1982-10-06,4.430555820465088,4.5,4.347221851348877,4.5,1.7792766094207764,1665900
1982-10-07,4.611111164093018,4.694444179534912,4.513888835906982,4.680555820465088,1.8506666421890259,3037500
1982-10-08,4.680555820465088,4.75,4.611111164093018,4.7083330154418945,1.8616513013839722,1383300
1982-10-11,4.805555820465088,4.875,4.736111164093018,4.805555820465088,1.9000920057296753,2195100
1982-10-12,4.805555820465088,4.847221851348877,4.7083330154418945,4.8333330154418945,1.9110758304595947,1688400
1982-10-13,4.902778148651123,5.013888835906982,4.777778148651123,4.944444179534912,1.9550074338912964,1706400
1982-10-14,4.9583330154418945,5.0,4.9166669845581055,4.930555820465088,1.9495164155960083,1208700
1982-10-15,4.847221851348877,4.888888835906982,4.7916669845581055,4.819444179534912,1.9055839776992798,2032200
1982-10-18,4.819444179534912,4.9583330154418945,4.805555820465088,4.944444179534912,1.9550074338912964,817200
1982-10-19,4.902778148651123,4.972221851348877,4.8333330154418945,4.9166669845581055,1.9440251588821411,866700
1982-10-20,4.875,4.9166669845581055,4.8333330154418945,4.9166669845581055,1.9440251588821411,942300
1982-10-21,5.027778148651123,5.097221851348877,4.9583330154418945,5.027778148651123,1.9879579544067383,1361700
1982-10-22,4.930555820465088,4.986111164093018,4.861111164093018,4.944444179534912,1.9550074338912964,2244600
1982-10-25,4.805555820465088,4.930555820465088,4.6666669845581055,4.6666669845581055,1.845175862312317,948600
1982-10-26,4.75,4.875,4.611111164093018,4.861111164093018,1.9220590591430664,1147500
1982-10-27,4.75,4.8333330154418945,4.652778148651123,4.75,1.8781248331069946,873900
1982-10-28,4.7083330154418945,4.75,4.652778148651123,4.694444179534912,1.8561581373214722,555300
1982-10-29,4.652778148651123,4.722221851348877,4.5833330154418945,4.694444179534912,1.8561581373214722,1212300
1982-11-01,4.652778148651123,4.680555820465088,4.611111164093018,4.6666669845581055,1.845175862312317,1039500
1982-11-02,4.7916669845581055,4.888888835906982,4.694444179534912,4.8333330154418945,1.9110758304595947,1164600
1982-11-03,4.972221851348877,5.138888835906982,4.805555820465088,5.138888835906982,2.0318896770477295,1597500
1982-11-04,5.194444179534912,5.305555820465088,5.0833330154418945,5.125,2.0263988971710205,2401200
1982-11-05,5.25,5.361111164093018,5.125,5.361111164093018,2.1197550296783447,1604700
1982-11-08,5.236111164093018,5.305555820465088,5.1666669845581055,5.180555820465088,2.048365354537964,1977300
1982-11-09,5.25,5.319444179534912,5.180555820465088,5.25,2.0758211612701416,1512000
1982-11-10,5.319444179534912,5.388888835906982,5.236111164093018,5.263888835906982,2.0813143253326416,1639800
1982-11-11,5.263888835906982,5.319444179534912,5.194444179534912,5.319444179534912,2.103280782699585,1164600
1982-11-12,5.375,5.402778148651123,5.3333330154418945,5.3333330154418945,2.1087722778320312,1006200
1982-11-15,5.2916669845581055,5.3333330154418945,5.25,5.305555820465088,2.0977892875671387,804600
1982-11-16,5.277778148651123,5.361111164093018,5.194444179534912,5.361111164093018,2.1197550296783447,633600
1982-11-17,5.375,5.402778148651123,5.3333330154418945,5.361111164093018,2.1197550296783447,884700
1982-11-18,5.347221851348877,5.375,5.319444179534912,5.3333330154418945,2.1087722778320312,313200
1982-11-19,5.2916669845581055,5.347221851348877,5.236111164093018,5.25,2.0758211612701416,862200
1982-11-22,5.2083330154418945,5.305555820465088,5.111111164093018,5.1666669845581055,2.0428733825683594,1496700
1982-11-23,5.125,5.194444179534912,5.055555820465088,5.0833330154418945,2.0099239349365234,1287000
1982-11-24,4.986111164093018,5.055555820465088,4.9166669845581055,5.0,1.976974606513977,2166300
1982-11-26,4.875,5.0,4.75,4.9166669845581055,1.9440251588821411,1178100
1982-11-29,4.847221851348877,4.944444179534912,4.75,4.805555820465088,1.9000920057296753,1032300
1982-11-30,4.986111164093018,5.1666669845581055,4.805555820465088,5.1666669845581055,2.0428733825683594,1105200
1982-12-01,5.069444179534912,5.180555820465088,4.944444179534912,4.972221851348877,1.965991735458374,789300
1982-12-02,5.013888835906982,5.0833330154418945,4.930555820465088,5.027778148651123,1.9879579544067383,2011500
1982-12-03,5.125,5.194444179534912,5.055555820465088,5.125,2.0263988971710205,691200
1982-12-06,5.125,5.319444179534912,5.097221851348877,5.305555820465088,2.0977892875671387,849600
1982-12-07,5.2916669845581055,5.361111164093018,5.222221851348877,5.222221851348877,2.0900070667266846,1969200
1982-12-08,5.25,5.319444179534912,5.180555820465088,5.180555820465088,2.0733320713043213,931500
1982-12-09,5.0833330154418945,5.180555820465088,4.972221851348877,4.972221851348877,1.9899547100067139,580500
1982-12-10,4.847221851348877,4.972221851348877,4.722221851348877,4.736111164093018,1.8954590559005737,1918800
1982-12-13,4.763888835906982,4.805555820465088,4.722221851348877,4.736111164093018,1.8954590559005737,1178100
1982-12-14,4.763888835906982,4.805555820465088,4.722221851348877,4.777778148651123,1.912135124206543,3229200
1982-12-15,4.8333330154418945,4.902778148651123,4.763888835906982,4.8333330154418945,1.9343693256378174,1011600
1982-12-16,4.75,4.8333330154418945,4.6666669845581055,4.694444179534912,1.8787822723388672,810900
1982-12-17,4.736111164093018,4.777778148651123,4.694444179534912,4.777778148651123,1.912135124206543,1262700
1982-12-20,4.7083330154418945,4.75,4.652778148651123,4.6666669845581055,1.8676661252975464,609300
1982-12-21,4.694444179534912,4.777778148651123,4.611111164093018,4.75,1.9010167121887207,721800
1982-12-22,4.819444179534912,4.902778148651123,4.722221851348877,4.847221851348877,1.939927339553833,1197000
1982-12-23,4.972221851348877,5.027778148651123,4.9166669845581055,5.0,2.0010712146759033,849600
1982-12-27,5.027778148651123,5.055555820465088,5.0,5.027778148651123,2.0121889114379883,1510200
1982-12-28,5.0,5.027778148651123,4.972221851348877,5.0,2.0010712146759033,1283400
1982-12-29,4.944444179534912,4.986111164093018,4.902778148651123,4.9166669845581055,1.9677202701568604,2007900
1982-12-30,4.847221851348877,4.902778148651123,4.777778148651123,4.847221851348877,1.939927339553833,725400
1982-12-31,4.875,4.9166669845581055,4.8333330154418945,4.9166669845581055,1.9677202701568604,193500
1983-01-03,4.805555820465088,4.847221851348877,4.75,4.75,1.9010167121887207,1038600
1983-01-04,4.7916669845581055,4.819444179534912,4.75,4.777778148651123,1.912135124206543,948600
1983-01-05,4.819444179534912,4.875,4.75,4.763888835906982,1.906576156616211,1707300
1983-01-06,4.819444179534912,4.861111164093018,4.777778148651123,4.847221851348877,1.939927339553833,2188800
1983-01-07,4.805555820465088,4.875,4.722221851348877,4.8333330154418945,1.9343693256378174,2857500
1983-01-10,4.930555820465088,4.972221851348877,4.875,4.930555820465088,1.973278284072876,1428300
1983-01-11,4.930555820465088,4.9583330154418945,4.888888835906982,4.944444179534912,1.9788365364074707,2412000
1983-01-12,5.097221851348877,5.2083330154418945,4.972221851348877,5.138888835906982,2.0566556453704834,1208700
1983-01-13,5.069444179534912,5.111111164093018,5.013888835906982,5.055555820465088,2.023305654525757,1253700
1983-01-14,5.027778148651123,5.111111164093018,4.944444179534912,5.055555820465088,2.023305654525757,1239300
1983-01-17,4.9583330154418945,5.027778148651123,4.888888835906982,4.888888835906982,1.9566025733947754,2043000
1983-01-18,4.861111164093018,4.861111164093018,4.555555820465088,4.680555820465088,1.873223900794983,3400200
1983-01-19,4.652778148651123,4.680555820465088,4.611111164093018,4.6666669845581055,1.8676661252975464,917100
1983-01-20,4.611111164093018,4.7083330154418945,4.513888835906982,4.652778148651123,1.8621084690093994,1988100
1983-01-21,4.611111164093018,4.6666669845581055,4.5416669845581055,4.569444179534912,1.82875657081604,716400
1983-01-24,4.430555820465088,4.472221851348877,4.375,4.388888835906982,1.756495714187622,1373400
1983-01-25,4.388888835906982,4.444444179534912,4.3333330154418945,4.388888835906982,1.756495714187622,1715400
1983-01-26,4.3333330154418945,4.402778148651123,4.25,4.25,1.7009106874465942,1635300
1983-01-27,4.2916669845581055,4.347221851348877,4.236111164093018,4.3333330154418945,1.7342619895935059,1766700
1983-01-28,4.2916669845581055,4.361111164093018,4.2083330154418945,4.25,1.7009106874465942,1116000
1983-01-31,4.305555820465088,4.375,4.222221851348877,4.375,1.7509377002716064,1836900
1983-02-01,4.347221851348877,4.388888835906982,4.2916669845581055,4.2916669845581055,1.7175856828689575,2278800
1983-02-02,4.277778148651123,4.305555820465088,4.25,4.2916669845581055,1.7175856828689575,2288700
1983-02-03,4.361111164093018,4.430555820465088,4.2916669845581055,4.4166669845581055,1.7676125764846802,1470600
1983-02-04,4.4583330154418945,4.5,4.4166669845581055,4.5,1.8009636402130127,2121300
1983-02-07,4.472221851348877,4.555555820465088,4.388888835906982,4.5416669845581055,1.8176391124725342,1463400
1983-02-08,4.486111164093018,4.555555820465088,4.4166669845581055,4.430555820465088,1.7731709480285645,754200
1983-02-09,4.277778148651123,4.361111164093018,4.180555820465088,4.2916669845581055,1.7175856828689575,5403600
1983-02-10,4.388888835906982,4.430555820465088,4.347221851348877,4.402778148651123,1.7620538473129272,2809800
1983-02-11,4.486111164093018,4.527778148651123,4.430555820465088,4.486111164093018,1.7954062223434448,6250500
1983-02-14,4.527778148651123,4.611111164093018,4.444444179534912,4.597221851348877,1.8398733139038086,2197800
1983-02-15,4.652778148651123,4.7083330154418945,4.5833330154418945,4.7083330154418945,1.8843425512313843,3636000
1983-02-16,4.722221851348877,4.763888835906982,4.6666669845581055,4.722221851348877,1.8899006843566895,2264400
1983-02-17,4.805555820465088,4.888888835906982,4.7083330154418945,4.888888835906982,1.9566025733947754,2357100
1983-02-18,4.902778148651123,5.0,4.7916669845581055,5.0,2.0010712146759033,4657500
1983-02-22,5.069444179534912,5.111111164093018,5.013888835906982,5.069444179534912,2.0288643836975098,4330800
1983-02-23,5.097221851348877,5.138888835906982,5.0416669845581055,5.138888835906982,2.0566556453704834,3110400
1983-02-24,5.097221851348877,5.138888835906982,5.055555820465088,5.111111164093018,2.0455400943756104,1982700
1983-02-25,4.944444179534912,5.097221851348877,4.777778148651123,4.888888835906982,1.9566025733947754,4371300
1983-02-28,4.7916669845581055,4.861111164093018,4.722221851348877,4.777778148651123,1.912135124206543,2099700
1983-03-01,4.875,5.0,4.75,4.986111164093018,1.9955122470855713,3824100
1983-03-02,4.930555820465088,4.972221851348877,4.888888835906982,4.972221851348877,1.9899547100067139,2260800
1983-03-03,4.986111164093018,5.013888835906982,4.944444179534912,5.0,2.0010712146759033,2965500
1983-03-04,5.0416669845581055,5.111111164093018,4.972221851348877,5.0,2.0010712146759033,3045600
1983-03-07,4.9583330154418945,4.986111164093018,4.930555820465088,4.972221851348877,2.0177550315856934,877500
1983-03-08,4.902778148651123,4.972221851348877,4.819444179534912,4.861111164093018,1.9726654291152954,898200
1983-03-09,4.875,4.9166669845581055,4.8333330154418945,4.888888835906982,1.9839369058609009,537300
1983-03-10,4.9166669845581055,4.972221851348877,4.847221851348877,4.930555820465088,2.0008456707000732,1135800
1983-03-11,4.902778148651123,4.972221851348877,4.8333330154418945,4.875,1.978301763534546,1038600
1983-03-14,4.847221851348877,4.888888835906982,4.805555820465088,4.8333330154418945,1.961393117904663,601200
1983-03-15,4.7916669845581055,4.875,4.7083330154418945,4.875,1.978301763534546,1537200
1983-03-16,4.9166669845581055,4.972221851348877,4.847221851348877,4.944444179534912,2.0064809322357178,1077300
1983-03-17,4.944444179534912,5.0,4.875,4.902778148651123,1.9895727634429932,2246400
1983-03-18,5.013888835906982,5.0833330154418945,4.944444179534912,5.0,2.029026985168457,1575000
1983-03-21,5.0833330154418945,5.138888835906982,5.027778148651123,5.111111164093018,2.0741167068481445,1119600
1983-03-22,5.138888835906982,5.222221851348877,5.125,5.180555820465088,2.1022965908050537,1368000
1983-03-23,5.222221851348877,5.444444179534912,5.222221851348877,5.4166669845581055,2.198111057281494,1540800
1983-03-24,5.388888835906982,5.430555820465088,5.3333330154418945,5.388888835906982,2.1868388652801514,2044800
1983-03-25,5.3333330154418945,5.402778148651123,5.236111164093018,5.3333330154418945,2.164294481277466,2066400
1983-03-28,5.236111164093018,5.319444179534912,5.194444179534912,5.2083330154418945,2.113569498062134,381600
1983-03-29,5.236111164093018,5.277778148651123,5.2083330154418945,5.222221851348877,2.1192049980163574,729900
1983-03-30,5.319444179534912,5.361111164093018,5.277778148651123,5.305555820465088,2.153022289276123,740700
1983-03-31,5.305555820465088,5.402778148651123,5.305555820465088,5.319444179534912,2.158658981323242,909000
1983-04-04,5.2916669845581055,5.305555820465088,5.222221851348877,5.305555820465088,2.153022289276123,262800
1983-04-05,5.388888835906982,5.4166669845581055,5.319444179534912,5.347221851348877,2.1699306964874268,1064700
1983-04-06,5.319444179534912,5.319444179534912,5.263888835906982,5.263888835906982,2.1361141204833984,1268100
1983-04-07,5.2916669845581055,5.319444179534912,5.277778148651123,5.2916669845581055,2.1473867893218994,545400
1983-04-08,5.2916669845581055,5.3333330154418945,5.263888835906982,5.319444179534912,2.158658981323242,657900
1983-04-11,5.319444179534912,5.361111164093018,5.277778148651123,5.319444179534912,2.158658981323242,722700
1983-04-12,5.347221851348877,5.361111164093018,5.222221851348877,5.305555820465088,2.153022289276123,1197900
1983-04-13,5.305555820465088,5.347221851348877,5.25,5.2916669845581055,2.1473867893218994,1172700
1983-04-14,5.2916669845581055,5.527778148651123,5.263888835906982,5.472221851348877,2.220656394958496,1716300
1983-04-15,5.527778148651123,5.5833330154418945,5.5,5.555555820465088,2.254473924636841,2249100
1983-04-18,5.555555820465088,5.5833330154418945,5.5,5.5416669845581055,2.248838186264038,5827500
1983-04-19,5.5416669845581055,5.555555820465088,5.5,5.5,2.231929063796997,1411200
1983-04-20,5.513888835906982,5.6666669845581055,5.513888835906982,5.638888835906982,2.2882907390594482,1532700
1983-04-21,5.722221851348877,5.722221851348877,5.569444179534912,5.5833330154418945,2.265747547149658,1150200
1983-04-22,5.597221851348877,5.597221851348877,5.527778148651123,5.555555820465088,2.254473924636841,746100
1983-04-25,5.513888835906982,5.569444179534912,5.444444179534912,5.4583330154418945,2.215020179748535,576000
1983-04-26,5.555555820465088,5.611111164093018,5.486111164093018,5.611111164093018,2.27701735496521,760500
1983-04-27,5.625,5.694444179534912,5.5416669845581055,5.5833330154418945,2.265747547149658,4080600
1983-04-28,5.625,5.6666669845581055,5.5833330154418945,5.638888835906982,2.2882907390594482,1527300
1983-04-29,5.625,5.6666669845581055,5.569444179534912,5.597221851348877,2.2713820934295654,3043800
1983-05-02,5.5,5.597221851348877,5.402778148651123,5.430555820465088,2.203749418258667,1136700
1983-05-03,5.430555820465088,5.444444179534912,5.305555820465088,5.444444179534912,2.209383726119995,1467000
1983-05-04,5.513888835906982,5.527778148651123,5.5,5.527778148651123,2.2432022094726562,1073700
1983-05-05,5.5416669845581055,5.5833330154418945,5.5,5.5416669845581055,2.248838186264038,813600
1983-05-06,5.569444179534912,5.652778148651123,5.555555820465088,5.569444179534912,2.2601099014282227,9065700
1983-05-09,5.569444179534912,5.597221851348877,5.527778148651123,5.527778148651123,2.2432022094726562,747900
1983-05-10,5.5416669845581055,5.5416669845581055,5.486111164093018,5.5,2.231929063796997,2509200
1983-05-11,5.472221851348877,5.486111164093018,5.305555820465088,5.375,2.1812045574188232,938700
1983-05-12,5.375,5.375,5.194444179534912,5.222221851348877,2.1192049980163574,3081600
1983-05-13,5.222221851348877,5.347221851348877,5.2083330154418945,5.319444179534912,2.158658981323242,3456900
1983-05-16,5.305555820465088,5.305555820465088,5.236111164093018,5.25,2.130476474761963,2332800
1983-05-17,5.25,5.277778148651123,5.222221851348877,5.263888835906982,2.1361141204833984,2420100
1983-05-18,5.263888835906982,5.388888835906982,5.263888835906982,5.347221851348877,2.1699306964874268,2327400
1983-05-19,5.361111164093018,5.375,5.2916669845581055,5.2916669845581055,2.1473867893218994,1639800
1983-05-20,5.277778148651123,5.277778148651123,5.180555820465088,5.25,2.130476474761963,2959200
1983-05-23,5.194444179534912,5.375,5.1666669845581055,5.3333330154418945,2.164294481277466,2120400
1983-05-24,5.4166669845581055,5.472221851348877,5.402778148651123,5.444444179534912,2.209383726119995,1147500
1983-05-25,5.4583330154418945,5.472221851348877,5.388888835906982,5.444444179534912,2.209383726119995,2724300
1983-05-26,5.555555820465088,5.555555820465088,5.444444179534912,5.486111164093018,2.2262930870056152,2057400
1983-05-27,5.486111164093018,5.486111164093018,5.402778148651123,5.4166669845581055,2.198111057281494,1297800
1983-05-31,5.388888835906982,5.486111164093018,5.388888835906982,5.472221851348877,2.220656394958496,1474200
1983-06-01,5.472221851348877,5.5416669845581055,5.4583330154418945,5.513888835906982,2.2375645637512207,2415600
1983-06-02,5.5416669845581055,5.555555820465088,5.4166669845581055,5.430555820465088,2.203749418258667,3438000
1983-06-03,5.4166669845581055,5.430555820465088,5.388888835906982,5.388888835906982,2.1868388652801514,1095300
1983-06-06,5.319444179534912,5.430555820465088,5.305555820465088,5.402778148651123,2.2208664417266846,4672800
1983-06-07,5.444444179534912,5.5,5.444444179534912,5.4583330154418945,2.2437028884887695,940500
1983-06-08,5.486111164093018,5.486111164093018,5.4166669845581055,5.430555820465088,2.232286214828491,368100
1983-06-09,5.444444179534912,5.486111164093018,5.361111164093018,5.402778148651123,2.2208664417266846,3980700
1983-06-10,5.402778148651123,5.444444179534912,5.3333330154418945,5.388888835906982,2.215155839920044,2783700
1983-06-13,5.388888835906982,5.444444179534912,5.3333330154418945,5.444444179534912,2.2379934787750244,2150100
1983-06-14,5.430555820465088,5.430555820465088,5.3333330154418945,5.4166669845581055,2.226574420928955,488700
1983-06-15,5.430555820465088,5.430555820465088,5.3333330154418945,5.4166669845581055,2.226574420928955,1746000
1983-06-16,5.444444179534912,5.486111164093018,5.361111164093018,5.486111164093018,2.2551214694976807,1499400
1983-06-17,5.4583330154418945,5.472221851348877,5.375,5.430555820465088,2.232286214828491,609300
1983-06-20,5.4166669845581055,5.4166669845581055,5.3333330154418945,5.388888835906982,2.215155839920044,1023300
1983-06-21,5.361111164093018,5.375,5.25,5.305555820465088,2.180901288986206,3078000
1983-06-22,5.277778148651123,5.319444179534912,5.236111164093018,5.305555820465088,2.180901288986206,1684800
1983-06-23,5.277778148651123,5.305555820465088,5.222221851348877,5.277778148651123,2.1694843769073486,566100
1983-06-24,5.277778148651123,5.388888835906982,5.236111164093018,5.361111164093018,2.2037391662597656,743400
1983-06-27,5.402778148651123,5.430555820465088,5.25,5.2916669845581055,2.1751933097839355,684900
1983-06-28,5.305555820465088,5.319444179534912,5.236111164093018,5.277778148651123,2.1694843769073486,465300
1983-06-29,5.25,5.2916669845581055,5.236111164093018,5.2916669845581055,2.1751933097839355,465300
1983-06-30,5.3333330154418945,5.402778148651123,5.319444179534912,5.347221851348877,2.198029041290283,489600
1983-07-01,5.319444179534912,5.3333330154418945,5.277778148651123,5.2916669845581055,2.1751933097839355,711000
1983-07-05,5.25,5.277778148651123,5.236111164093018,5.236111164093018,2.1523566246032715,477000
1983-07-06,5.25,5.388888835906982,5.25,5.388888835906982,2.215155839920044,598500
1983-07-07,5.388888835906982,5.430555820465088,5.347221851348877,5.361111164093018,2.2037391662597656,928800
1983-07-08,5.347221851348877,5.402778148651123,5.347221851348877,5.388888835906982,2.215155839920044,377100
1983-07-11,5.4166669845581055,5.444444179534912,5.361111164093018,5.388888835906982,2.215155839920044,495900
1983-07-12,5.361111164093018,5.388888835906982,5.222221851348877,5.263888835906982,2.163773775100708,1206000
1983-07-13,5.2916669845581055,5.2916669845581055,5.1666669845581055,5.2083330154418945,2.1409382820129395,707400
1983-07-14,5.2083330154418945,5.25,5.194444179534912,5.2083330154418945,2.1409382820129395,1023300
1983-07-15,5.2083330154418945,5.2083330154418945,5.111111164093018,5.152778148651123,2.1181020736694336,956700
1983-07-18,5.180555820465088,5.2916669845581055,5.180555820465088,5.2083330154418945,2.1409382820129395,622800
1983-07-19,5.222221851348877,5.277778148651123,5.2083330154418945,5.236111164093018,2.1523566246032715,932400
1983-07-20,5.263888835906982,5.319444179534912,5.236111164093018,5.2916669845581055,2.1751933097839355,1873800
1983-07-21,5.305555820465088,5.319444179534912,5.194444179534912,5.236111164093018,2.1523566246032715,1273500
1983-07-22,5.2083330154418945,5.25,5.1666669845581055,5.236111164093018,2.1523566246032715,581400
1983-07-25,5.263888835906982,5.444444179534912,5.2083330154418945,5.361111164093018,2.2037391662597656,873000
1983-07-26,5.3333330154418945,5.3333330154418945,5.222221851348877,5.277778148651123,2.1694843769073486,557100
1983-07-27,4.777778148651123,4.875,4.736111164093018,4.75,1.9525352716445923,6727500
1983-07-28,4.722221851348877,4.75,4.611111164093018,4.694444179534912,1.9296987056732178,7978500
1983-07-29,4.625,4.652778148651123,4.444444179534912,4.5833330154418945,1.884024739265442,4424400
1983-08-01,4.555555820465088,4.694444179534912,4.527778148651123,4.625,1.9011536836624146,2729700
1983-08-02,4.6666669845581055,4.694444179534912,4.5833330154418945,4.625,1.9011536836624146,1534500
1983-08-03,4.652778148651123,4.6666669845581055,4.5833330154418945,4.611111164093018,1.8954448699951172,3186900
1983-08-04,4.597221851348877,4.597221851348877,4.444444179534912,4.4583330154418945,1.8326420783996582,3270600
1983-08-05,4.4583330154418945,4.472221851348877,4.402778148651123,4.444444179534912,1.8269340991973877,4544100
1983-08-08,4.388888835906982,4.430555820465088,4.388888835906982,4.4166669845581055,1.8155158758163452,1408500
1983-08-09,4.402778148651123,4.444444179534912,4.388888835906982,4.430555820465088,1.821225643157959,2888100
1983-08-10,4.4166669845581055,4.597221851348877,4.388888835906982,4.5833330154418945,1.884024739265442,1584900
1983-08-11,4.5833330154418945,4.5833330154418945,4.5,4.527778148651123,1.861189842224121,776700
1983-08-12,4.527778148651123,4.597221851348877,4.5,4.5833330154418945,1.884024739265442,897300
1983-08-15,4.611111164093018,4.736111164093018,4.611111164093018,4.611111164093018,1.8954448699951172,2246400
1983-08-16,4.625,4.680555820465088,4.611111164093018,4.638888835906982,1.9068610668182373,1214100
1983-08-17,4.6666669845581055,4.777778148651123,4.6666669845581055,4.722221851348877,1.9411174058914185,6282900
1983-08-18,4.75,4.763888835906982,4.694444179534912,4.7083330154418945,1.9354089498519897,612900
1983-08-19,4.638888835906982,4.652778148651123,4.5416669845581055,4.611111164093018,1.8954448699951172,1166400
1983-08-22,4.625,4.638888835906982,4.472221851348877,4.527778148651123,1.861189842224121,918900
1983-08-23,4.444444179534912,4.5,4.4166669845581055,4.4583330154418945,1.8326420783996582,1400400
1983-08-24,4.430555820465088,4.486111164093018,4.430555820465088,4.472221851348877,1.8383522033691406,747000
1983-08-25,4.472221851348877,4.513888835906982,4.444444179534912,4.513888835906982,1.8554790019989014,587700
1983-08-26,4.555555820465088,4.611111164093018,4.513888835906982,4.611111164093018,1.8954448699951172,1226700
1983-08-29,4.569444179534912,4.569444179534912,4.5,4.5416669845581055,1.8668975830078125,562500
1983-08-30,4.597221851348877,4.6666669845581055,4.555555820465088,4.5833330154418945,1.884024739265442,672300
1983-08-31,4.5833330154418945,4.694444179534912,4.555555820465088,4.6666669845581055,1.9182804822921753,970200
1983-09-01,4.680555820465088,4.75,4.680555820465088,4.680555820465088,1.9239890575408936,1646100
1983-09-02,4.625,4.722221851348877,4.625,4.694444179534912,1.9585243463516235,10271700
1983-09-06,4.777778148651123,4.930555820465088,4.763888835906982,4.930555820465088,2.0570294857025146,1510200
1983-09-07,4.861111164093018,4.875,4.736111164093018,4.777778148651123,1.9932918548583984,3297600
1983-09-08,4.7916669845581055,4.902778148651123,4.763888835906982,4.8333330154418945,2.016469955444336,934200
1983-09-09,4.847221851348877,4.875,4.819444179534912,4.847221851348877,2.0222625732421875,917100
1983-09-12,4.930555820465088,4.944444179534912,4.777778148651123,4.819444179534912,2.0106751918792725,1967400
1983-09-13,4.847221851348877,4.902778148651123,4.847221851348877,4.888888835906982,2.0396459102630615,607500
1983-09-14,4.888888835906982,4.9166669845581055,4.888888835906982,4.9166669845581055,2.051237106323242,1230300
1983-09-15,4.888888835906982,4.888888835906982,4.75,4.75,1.9817019701004028,1629000
1983-09-16,4.75,4.819444179534912,4.722221851348877,4.75,1.9817019701004028,1395900
1983-09-19,4.763888835906982,4.8333330154418945,4.736111164093018,4.805555820465088,2.0048816204071045,590400
1983-09-20,4.8333330154418945,4.875,4.7916669845581055,4.8333330154418945,2.016469955444336,1080000
1983-09-21,4.847221851348877,4.861111164093018,4.805555820465088,4.819444179534912,2.0106751918792725,1619100
1983-09-22,4.805555820465088,4.847221851348877,4.805555820465088,4.847221851348877,2.0222625732421875,1693800
1983-09-23,4.847221851348877,4.875,4.777778148651123,4.875,2.03385329246521,792000
1983-09-26,4.944444179534912,4.986111164093018,4.861111164093018,4.888888835906982,2.0396459102630615,2339100
1983-09-27,4.9166669845581055,4.9166669845581055,4.861111164093018,4.861111164093018,2.0280587673187256,885600
1983-09-28,4.875,4.902778148651123,4.847221851348877,4.902778148651123,2.045440912246704,604800
1983-09-29,4.902778148651123,4.944444179534912,4.888888835906982,4.9166669845581055,2.051237106323242,780300
1983-09-30,4.902778148651123,4.9166669845581055,4.888888835906982,4.9166669845581055,2.051237106323242,1088100
1983-10-03,4.888888835906982,4.9166669845581055,4.875,4.875,2.03385329246521,1120500
1983-10-04,4.902778148651123,4.944444179534912,4.888888835906982,4.944444179534912,2.062824249267578,953100
1983-10-05,4.944444179534912,5.097221851348877,4.888888835906982,5.069444179534912,2.1149747371673584,1479600
1983-10-06,5.111111164093018,5.152778148651123,5.055555820465088,5.152778148651123,2.1497416496276855,1034100
1983-10-07,5.152778148651123,5.236111164093018,5.111111164093018,5.222221851348877,2.178713321685791,1630800
1983-10-10,5.222221851348877,5.25,5.152778148651123,5.25,2.1903023719787598,690300
1983-10-11,5.222221851348877,5.222221851348877,5.152778148651123,5.1666669845581055,2.155536413192749,1205100
1983-10-12,5.138888835906982,5.152778148651123,5.055555820465088,5.069444179534912,2.1149747371673584,774900
1983-10-13,5.0416669845581055,5.0833330154418945,5.027778148651123,5.0416669845581055,2.1033856868743896,657000
1983-10-14,5.069444179534912,5.125,5.0416669845581055,5.125,2.138153553009033,847800
1983-10-17,5.097221851348877,5.2083330154418945,5.097221851348877,5.1666669845581055,2.155536413192749,2037600
1983-10-18,5.1666669845581055,5.1666669845581055,5.013888835906982,5.069444179534912,2.1149747371673584,2315700
1983-10-19,5.055555820465088,5.069444179534912,5.013888835906982,5.0416669845581055,2.1033856868743896,2601900
1983-10-20,5.0416669845581055,5.069444179534912,5.0416669845581055,5.055555820465088,2.1091794967651367,1014300
1983-10-21,5.055555820465088,5.055555820465088,4.986111164093018,5.013888835906982,2.091797113418579,1710000
1983-10-24,5.0416669845581055,5.0416669845581055,4.944444179534912,5.013888835906982,2.091797113418579,1508400
1983-10-25,5.013888835906982,5.0416669845581055,4.9583330154418945,5.0,2.0860018730163574,507600
1983-10-26,5.013888835906982,5.027778148651123,4.972221851348877,5.013888835906982,2.091797113418579,1258200
1983-10-27,5.027778148651123,5.111111164093018,4.972221851348877,5.097221851348877,2.126563310623169,2412900
1983-10-28,5.111111164093018,5.125,5.0416669845581055,5.069444179534912,2.1149747371673584,1263600
1983-10-31,5.097221851348877,5.097221851348877,5.027778148651123,5.0833330154418945,2.1207692623138428,804600
1983-11-01,5.111111164093018,5.138888835906982,5.055555820465088,5.138888835906982,2.143947124481201,1752300
1983-11-02,5.138888835906982,5.1666669845581055,5.097221851348877,5.097221851348877,2.126563310623169,1194300
1983-11-03,5.097221851348877,5.097221851348877,4.986111164093018,4.986111164093018,2.0802080631256104,484200
1983-11-04,4.986111164093018,5.0416669845581055,4.902778148651123,5.013888835906982,2.091797113418579,856800
1983-11-07,5.0416669845581055,5.0416669845581055,4.986111164093018,5.013888835906982,2.091797113418579,529200
1983-11-08,4.972221851348877,4.986111164093018,4.888888835906982,4.888888835906982,2.0396459102630615,873900
1983-11-09,4.9166669845581055,5.0416669845581055,4.9166669845581055,5.0416669845581055,2.1033856868743896,501300
1983-11-10,5.069444179534912,5.069444179534912,4.9583330154418945,4.9583330154418945,2.0686187744140625,1282500
1983-11-11,4.986111164093018,4.986111164093018,4.875,4.944444179534912,2.062824249267578,2141100
1983-11-14,4.944444179534912,4.944444179534912,4.847221851348877,4.847221851348877,2.0222625732421875,1180800
1983-11-15,4.847221851348877,4.861111164093018,4.777778148651123,4.777778148651123,1.9932918548583984,2359800
1983-11-16,4.819444179534912,4.8333330154418945,4.75,4.7916669845581055,1.999085783958435,1149300
1983-11-17,4.805555820465088,4.805555820465088,4.763888835906982,4.763888835906982,1.987496018409729,615600
1983-11-18,4.763888835906982,4.7916669845581055,4.75,4.777778148651123,1.9932918548583984,1179000
1983-11-21,4.75,4.819444179534912,4.736111164093018,4.777778148651123,1.9932918548583984,983700
1983-11-22,4.805555820465088,4.9166669845581055,4.805555820465088,4.888888835906982,2.0396459102630615,1224900
1983-11-23,4.9166669845581055,4.930555820465088,4.888888835906982,4.930555820465088,2.0570294857025146,1448100
1983-11-25,4.9583330154418945,4.986111164093018,4.902778148651123,4.972221851348877,2.074413537979126,497700
1983-11-28,4.972221851348877,4.986111164093018,4.930555820465088,4.9583330154418945,2.0686187744140625,951300
1983-11-29,4.944444179534912,4.986111164093018,4.944444179534912,4.986111164093018,2.0802080631256104,262800
1983-11-30,4.9583330154418945,5.027778148651123,4.9583330154418945,5.0,2.0860018730163574,758700
1983-12-01,5.0,5.125,4.972221851348877,5.125,2.138153553009033,2511000
1983-12-02,5.125,5.1666669845581055,5.069444179534912,5.0833330154418945,2.1207692623138428,5126400
1983-12-05,5.013888835906982,5.0833330154418945,5.0,5.069444179534912,2.144031047821045,1420200
1983-12-06,5.055555820465088,5.0833330154418945,5.055555820465088,5.055555820465088,2.138155937194824,1872000
1983-12-07,5.055555820465088,5.0833330154418945,5.055555820465088,5.069444179534912,2.144031047821045,1287900
1983-12-08,5.055555820465088,5.0833330154418945,5.027778148651123,5.027778148651123,2.1264090538024902,1085400
1983-12-09,5.0416669845581055,5.097221851348877,5.027778148651123,5.069444179534912,2.144031047821045,2829600
1983-12-12,5.069444179534912,5.0833330154418945,5.055555820465088,5.0833330154418945,2.14990496635437,838800
1983-12-13,5.069444179534912,5.069444179534912,5.027778148651123,5.0416669845581055,2.1322810649871826,1021500
1983-12-14,5.013888835906982,5.069444179534912,4.986111164093018,4.986111164093018,2.10878586769104,640800
1983-12-15,4.9583330154418945,4.972221851348877,4.9166669845581055,4.930555820465088,2.08528995513916,960300
1983-12-16,4.902778148651123,4.9166669845581055,4.819444179534912,4.8333330154418945,2.044172525405884,1207800
1983-12-19,4.805555820465088,4.888888835906982,4.805555820465088,4.847221851348877,2.050045967102051,722700
1983-12-20,4.847221851348877,4.847221851348877,4.8333330154418945,4.8333330154418945,2.044172525405884,951300
1983-12-21,4.805555820465088,4.819444179534912,4.75,4.777778148651123,2.0206751823425293,1759500
1983-12-22,4.805555820465088,4.875,4.805555820465088,4.847221851348877,2.050045967102051,2259000
1983-12-23,4.8333330154418945,4.888888835906982,4.8333330154418945,4.888888835906982,2.0676674842834473,946800
1983-12-27,4.888888835906982,4.902778148651123,4.861111164093018,4.888888835906982,2.0676674842834473,630000
1983-12-28,4.847221851348877,4.888888835906982,4.847221851348877,4.888888835906982,2.0676674842834473,835200
1983-12-29,4.888888835906982,4.9166669845581055,4.875,4.888888835906982,2.0676674842834473,767700
1983-12-30,4.861111164093018,4.888888835906982,4.847221851348877,4.861111164093018,2.0559194087982178,1293300
1984-01-03,4.861111164093018,4.861111164093018,4.7916669845581055,4.847221851348877,2.050045967102051,696600
1984-01-04,4.847221851348877,4.902778148651123,4.847221851348877,4.902778148651123,2.0735411643981934,1075500
1984-01-05,5.055555820465088,5.055555820465088,5.0,5.027778148651123,2.1264090538024902,1013400
1984-01-06,5.0,5.0,4.875,4.9583330154418945,2.0970380306243896,3563100
1984-01-09,4.902778148651123,4.9166669845581055,4.861111164093018,4.888888835906982,2.0676674842834473,2060100
1984-01-10,4.888888835906982,4.888888835906982,4.805555820465088,4.8333330154418945,2.044172525405884,723600
1984-01-11,4.7916669845581055,4.819444179534912,4.722221851348877,4.777778148651123,2.0206751823425293,2325600
1984-01-12,4.7916669845581055,4.805555820465088,4.722221851348877,4.763888835906982,2.014801502227783,5268600
1984-01-13,4.777778148651123,4.819444179534912,4.736111164093018,4.75,2.0089266300201416,550800
1984-01-16,4.763888835906982,4.777778148651123,4.736111164093018,4.763888835906982,2.014801502227783,1967400
1984-01-17,4.763888835906982,4.805555820465088,4.75,4.777778148651123,2.0206751823425293,2178900
1984-01-18,4.777778148651123,4.777778148651123,4.736111164093018,4.763888835906982,2.014801502227783,2945700
1984-01-19,4.763888835906982,4.777778148651123,4.736111164093018,4.75,2.0089266300201416,1966500
1984-01-20,4.736111164093018,4.763888835906982,4.736111164093018,4.763888835906982,2.014801502227783,1298700
1984-01-23,4.736111164093018,4.736111164093018,4.680555820465088,4.694444179534912,1.985430121421814,1187100
1984-01-24,4.680555820465088,4.722221851348877,4.6666669845581055,4.680555820465088,1.9795567989349365,715500
1984-01-25,4.680555820465088,4.722221851348877,4.597221851348877,4.638888835906982,1.9619354009628296,1452600
1984-01-26,4.638888835906982,4.6666669845581055,4.555555820465088,4.597221851348877,1.944312572479248,2230200
1984-01-27,4.597221851348877,4.597221851348877,4.5416669845581055,4.597221851348877,1.944312572479248,394200
1984-01-30,4.527778148651123,4.597221851348877,4.513888835906982,4.527778148651123,1.9149430990219116,2061900
1984-01-31,4.513888835906982,4.569444179534912,4.513888835906982,4.555555820465088,1.9266904592514038,575100
1984-02-01,4.527778148651123,4.555555820465088,4.486111164093018,4.486111164093018,1.897321343421936,925200
1984-02-02,4.5,4.527778148651123,4.4583330154418945,4.5,1.903194785118103,1649700
1984-02-03,4.513888835906982,4.555555820465088,4.486111164093018,4.486111164093018,1.897321343421936,1531800
1984-02-06,4.5,4.555555820465088,4.472221851348877,4.513888835906982,1.9090675115585327,1809900
1984-02-07,4.513888835906982,4.5416669845581055,4.486111164093018,4.5416669845581055,1.9208160638809204,2061900
1984-02-08,4.555555820465088,4.5833330154418945,4.402778148651123,4.4166669845581055,1.8679499626159668,1882800
1984-02-09,4.472221851348877,4.472221851348877,4.375,4.4166669845581055,1.8679499626159668,2682000
1984-02-10,4.444444179534912,4.4583330154418945,4.375,4.388888835906982,1.8562020063400269,1299600
1984-02-13,4.4166669845581055,4.4583330154418945,4.388888835906982,4.4166669845581055,1.8679499626159668,1759500
1984-02-14,4.402778148651123,4.472221851348877,4.388888835906982,4.4583330154418945,1.885572075843811,853200
1984-02-15,4.472221851348877,4.5,4.3333330154418945,4.402778148651123,1.8620750904083252,4614300
1984-02-16,4.375,4.430555820465088,4.3333330154418945,4.388888835906982,1.8562020063400269,976500
1984-02-17,4.4166669845581055,4.4166669845581055,4.347221851348877,4.388888835906982,1.8562020063400269,661500
1984-02-21,4.430555820465088,4.444444179534912,4.3333330154418945,4.347221851348877,1.838578462600708,1063800
1984-02-22,4.319444179534912,4.4166669845581055,4.2916669845581055,4.361111164093018,1.8444546461105347,2160000
1984-02-23,4.3333330154418945,4.4166669845581055,4.305555820465088,4.4166669845581055,1.8679499626159668,999900
1984-02-24,4.472221851348877,4.555555820465088,4.4166669845581055,4.513888835906982,1.9090675115585327,1252800
1984-02-27,4.5416669845581055,4.569444179534912,4.513888835906982,4.569444179534912,1.9325642585754395,1482300
1984-02-28,4.569444179534912,4.722221851348877,4.555555820465088,4.5833330154418945,1.938437581062317,4261500
1984-02-29,4.527778148651123,4.638888835906982,4.472221851348877,4.5833330154418945,1.938437581062317,1381500
1984-03-01,4.569444179534912,4.625,4.555555820465088,4.5833330154418945,1.938437581062317,1777500
1984-03-02,4.5,4.513888835906982,4.402778148651123,4.430555820465088,1.8738237619400024,2977200
1984-03-05,4.430555820465088,4.430555820465088,4.3333330154418945,4.388888835906982,1.8562020063400269,7260300
1984-03-06,4.4166669845581055,4.430555820465088,4.388888835906982,4.388888835906982,1.8562020063400269,5274000
1984-03-07,4.2916669845581055,4.347221851348877,4.263888835906982,4.319444179534912,1.8573949337005615,5250600
1984-03-08,4.319444179534912,4.444444179534912,4.305555820465088,4.4166669845581055,1.8992022275924683,3108600
1984-03-09,4.4166669845581055,4.444444179534912,4.388888835906982,4.444444179534912,1.911147952079773,432900
1984-03-12,4.444444179534912,4.555555820465088,4.430555820465088,4.5,1.9350366592407227,1043100
1984-03-13,4.5,4.527778148651123,4.4583330154418945,4.472221851348877,1.923092246055603,993600
1984-03-14,4.4583330154418945,4.472221851348877,4.4166669845581055,4.444444179534912,1.911147952079773,467100
1984-03-15,4.4583330154418945,4.486111164093018,4.444444179534912,4.444444179534912,1.911147952079773,575100
1984-03-16,4.527778148651123,4.527778148651123,4.486111164093018,4.527778148651123,1.9469815492630005,864900
1984-03-19,4.5,4.5,4.4583330154418945,4.472221851348877,1.923092246055603,1164600
1984-03-20,4.472221851348877,4.5416669845581055,4.430555820465088,4.527778148651123,1.9469815492630005,880200
1984-03-21,4.527778148651123,4.638888835906982,4.513888835906982,4.638888835906982,1.994759440422058,1571400
1984-03-22,4.625,4.625,4.569444179534912,4.5833330154418945,1.9708704948425293,3690000
1984-03-23,4.555555820465088,4.611111164093018,4.555555820465088,4.611111164093018,1.9828147888183594,440100
1984-03-26,4.638888835906982,4.722221851348877,4.625,4.7083330154418945,2.0246214866638184,3403800
1984-03-27,4.7083330154418945,4.722221851348877,4.680555820465088,4.7083330154418945,2.0246214866638184,1037700
1984-03-28,4.736111164093018,4.9166669845581055,4.736111164093018,4.861111164093018,2.0903172492980957,2788200
1984-03-29,4.888888835906982,4.888888835906982,4.847221851348877,4.847221851348877,2.0843448638916016,2784600
1984-03-30,4.847221851348877,4.861111164093018,4.75,4.805555820465088,2.0664281845092773,1687500
1984-04-02,4.777778148651123,4.777778148651123,4.694444179534912,4.736111164093018,2.0365664958953857,1605600
1984-04-03,4.722221851348877,4.763888835906982,4.7083330154418945,4.736111164093018,2.0365664958953857,1286100
1984-04-04,4.75,4.805555820465088,4.736111164093018,4.736111164093018,2.0365664958953857,1241100
1984-04-05,4.722221851348877,4.75,4.555555820465088,4.555555820465088,1.9589266777038574,6358500
1984-04-06,4.444444179534912,4.4583330154418945,4.361111164093018,4.4583330154418945,1.9171195030212402,2979000
1984-04-09,4.4583330154418945,4.486111164093018,4.430555820465088,4.444444179534912,1.911147952079773,1589400
1984-04-10,4.444444179534912,4.5,4.430555820465088,4.4583330154418945,1.9171195030212402,1413000
1984-04-11,4.4583330154418945,4.5,4.444444179534912,4.472221851348877,1.923092246055603,1181700
1984-04-12,4.5,4.638888835906982,4.444444179534912,4.638888835906982,1.994759440422058,1782000
1984-04-13,4.611111164093018,4.611111164093018,4.472221851348877,4.513888835906982,1.9410078525543213,2564100
1984-04-16,4.444444179534912,4.513888835906982,4.444444179534912,4.486111164093018,1.9290651082992554,1466100
1984-04-17,4.5,4.5,4.430555820465088,4.472221851348877,1.923092246055603,1134900
1984-04-18,4.472221851348877,4.472221851348877,4.4166669845581055,4.444444179534912,1.911147952079773,2989800
1984-04-19,4.4166669845581055,4.444444179534912,4.402778148651123,4.430555820465088,1.9051750898361206,1300500
1984-04-23,4.430555820465088,4.444444179534912,4.347221851348877,4.361111164093018,1.875313639640808,2101500
1984-04-24,4.347221851348877,4.361111164093018,4.305555820465088,4.3333330154418945,1.8633694648742676,1177200
1984-04-25,4.305555820465088,4.319444179534912,4.152778148651123,4.236111164093018,1.8215621709823608,5941800
1984-04-26,4.2083330154418945,4.347221851348877,4.2083330154418945,4.319444179534912,1.8573949337005615,1431900
1984-04-27,4.2916669845581055,4.4583330154418945,4.263888835906982,4.361111164093018,1.875313639640808,1790100
1984-04-30,4.388888835906982,4.444444179534912,4.3333330154418945,4.347221851348877,1.869340419769287,1061100
1984-05-01,4.319444179534912,4.4166669845581055,4.305555820465088,4.4166669845581055,1.8992022275924683,1279800
1984-05-02,4.402778148651123,4.4166669845581055,4.305555820465088,4.402778148651123,1.8932303190231323,2500200
1984-05-03,4.4166669845581055,4.444444179534912,4.388888835906982,4.388888835906982,1.8872568607330322,1542600
1984-05-04,4.347221851348877,4.347221851348877,4.25,4.263888835906982,1.833506464958191,952200
1984-05-07,4.25,4.305555820465088,4.2083330154418945,4.263888835906982,1.833506464958191,1102500
1984-05-08,4.277778148651123,4.361111164093018,4.277778148651123,4.347221851348877,1.869340419769287,2740500
1984-05-09,4.277778148651123,4.2916669845581055,4.069444179534912,4.111111164093018,1.767810583114624,9513000
1984-05-10,4.138888835906982,4.152778148651123,4.0833330154418945,4.111111164093018,1.767810583114624,2422800
1984-05-11,4.138888835906982,4.138888835906982,4.027778148651123,4.027778148651123,1.7319772243499756,1088100
1984-05-14,4.013888835906982,4.069444179534912,4.013888835906982,4.027778148651123,1.7319772243499756,1850400
1984-05-15,4.0,4.0833330154418945,4.0,4.0833330154418945,1.7558661699295044,1389600
1984-05-16,4.055555820465088,4.055555820465088,4.0,4.0,1.720031976699829,1815300
1984-05-17,4.013888835906982,4.027778148651123,4.0,4.0,1.720031976699829,813600
1984-05-18,4.0,4.013888835906982,3.902777910232544,3.902777910232544,1.6782262325286865,1422000
1984-05-21,3.9583330154418945,3.9861109256744385,3.902777910232544,3.972222089767456,1.7080883979797363,789300
1984-05-22,3.9583330154418945,3.972222089767456,3.9166669845581055,3.944443941116333,1.696143388748169,2399400
1984-05-23,3.930556058883667,3.944443941116333,3.875,3.875,1.6662814617156982,2159100
1984-05-24,3.875,3.930556058883667,3.875,3.902777910232544,1.6782262325286865,4517100
1984-05-25,3.8888890743255615,3.9166669845581055,3.847222089767456,3.8611109256744385,1.6603094339370728,1742400
1984-05-29,3.805556058883667,3.8333330154418945,3.805556058883667,3.805556058883667,1.6364200115203857,1355400
1984-05-30,3.7916669845581055,3.8333330154418945,3.75,3.7916669845581055,1.6304471492767334,3032100
1984-05-31,3.777777910232544,3.7916669845581055,3.75,3.777777910232544,1.6244748830795288,10152000
1984-06-01,3.777777910232544,3.805556058883667,3.75,3.7638890743255615,1.6185020208358765,2683800
1984-06-04,3.75,3.777777910232544,3.6666669845581055,3.694443941116333,1.5886411666870117,1511100
1984-06-05,3.680556058883667,3.694443941116333,3.652777910232544,3.6666669845581055,1.5766968727111816,6065100
1984-06-06,3.5833330154418945,3.680556058883667,3.5833330154418945,3.6388890743255615,1.5961915254592896,3534300
1984-06-07,3.6111109256744385,3.7083330154418945,3.6111109256744385,3.680556058883667,1.6144688129425049,730800
1984-06-08,3.680556058883667,3.7083330154418945,3.652777910232544,3.680556058883667,1.6144688129425049,872100
1984-06-11,3.680556058883667,3.680556058883667,3.5833330154418945,3.6111109256744385,1.5840063095092773,953100
1984-06-12,3.5833330154418945,3.597222089767456,3.472222089767456,3.5416669845581055,1.5535457134246826,14211000
1984-06-13,3.569443941116333,3.597222089767456,3.527777910232544,3.597222089767456,1.5779145956039429,1760400
1984-06-14,3.569443941116333,3.6111109256744385,3.5,3.527777910232544,1.5474530458450317,4967100
1984-06-15,3.527777910232544,3.5416669845581055,3.4861109256744385,3.5,1.5352680683135986,878400
1984-06-18,3.5138890743255615,3.555556058883667,3.5,3.555556058883667,1.5596377849578857,824400
1984-06-19,3.555556058883667,3.625,3.527777910232544,3.597222089767456,1.5779145956039429,1262700
1984-06-20,3.569443941116333,3.6666669845581055,3.555556058883667,3.6666669845581055,1.6083767414093018,1994400
1984-06-21,3.652777910232544,3.652777910232544,3.597222089767456,3.625,1.5900986194610596,2269800
1984-06-22,3.597222089767456,3.6388890743255615,3.555556058883667,3.6388890743255615,1.5961915254592896,986400
1984-06-25,3.652777910232544,3.652777910232544,3.569443941116333,3.5833330154418945,1.5718212127685547,521100
1984-06-26,3.5833330154418945,3.5833330154418945,3.5,3.5138890743255615,1.5413610935211182,1269000
1984-06-27,3.527777910232544,3.527777910232544,3.347222089767456,3.402777910232544,1.49262273311615,1494000
1984-06-28,3.402777910232544,3.5138890743255615,3.3888890743255615,3.4861109256744385,1.5291763544082642,2220300
1984-06-29,3.4861109256744385,3.527777910232544,3.4583330154418945,3.4861109256744385,1.5291763544082642,1562400
1984-07-02,3.472222089767456,3.4861109256744385,3.430556058883667,3.444443941116333,1.510898232460022,2424600
1984-07-03,3.444443941116333,3.5138890743255615,3.444443941116333,3.5138890743255615,1.5413610935211182,1992600
1984-07-05,3.5,3.5,3.444443941116333,3.472222089767456,1.5230834484100342,2453400
1984-07-06,3.4861109256744385,3.5138890743255615,3.4583330154418945,3.5138890743255615,1.5413610935211182,969300
1984-07-09,3.5416669845581055,3.652777910232544,3.5138890743255615,3.625,1.5900986194610596,742500
1984-07-10,3.652777910232544,3.7083330154418945,3.597222089767456,3.652777910232544,1.602284550666809,1169100
1984-07-11,3.597222089767456,3.597222089767456,3.4583330154418945,3.5,1.5352680683135986,1870200
1984-07-12,3.5138890743255615,3.555556058883667,3.5,3.5,1.5352680683135986,1444500
1984-07-13,3.5,3.5138890743255615,3.3888890743255615,3.402777910232544,1.49262273311615,3967200
1984-07-16,3.402777910232544,3.4166669845581055,3.2916669845581055,3.305556058883667,1.4499764442443848,1314000
1984-07-17,3.305556058883667,3.305556058883667,3.1666669845581055,3.2638890743255615,1.4316989183425903,3710700
1984-07-18,3.25,3.25,3.1111109256744385,3.125,1.3707754611968994,5135400
1984-07-19,3.125,3.1388890743255615,3.0,3.0138890743255615,1.3220367431640625,7110000
1984-07-20,3.0138890743255615,3.097222089767456,3.0138890743255615,3.0833330154418945,1.3524982929229736,2915100
1984-07-23,3.055556058883667,3.2361109256744385,3.0416669845581055,3.2361109256744385,1.4195141792297363,2451600
1984-07-24,3.2361109256744385,3.2916669845581055,3.2083330154418945,3.222222089767456,1.413421392440796,1983600
1984-07-25,3.25,3.3333330154418945,3.25,3.319443941116333,1.4560675621032715,3813300
1984-07-26,3.3333330154418945,3.3611109256744385,3.305556058883667,3.3611109256744385,1.474345326423645,2871900
1984-07-27,3.3611109256744385,3.402777910232544,3.319443941116333,3.3611109256744385,1.474345326423645,3045600
1984-07-30,3.3611109256744385,3.375,3.347222089767456,3.3611109256744385,1.474345326423645,1726200
1984-07-31,3.347222089767456,3.3611109256744385,3.319443941116333,3.3333330154418945,1.4621602296829224,691200
1984-08-01,3.319443941116333,3.5138890743255615,3.319443941116333,3.5,1.5352680683135986,2714400
1984-08-02,3.6111109256744385,3.694443941116333,3.597222089767456,3.6666669845581055,1.6083767414093018,4527900
1984-08-03,3.722222089767456,3.847222089767456,3.694443941116333,3.777777910232544,1.6571149826049805,5273100
1984-08-06,3.7916669845581055,3.8333330154418945,3.6111109256744385,3.6666669845581055,1.6083767414093018,3024900
1984-08-07,3.652777910232544,3.7083330154418945,3.597222089767456,3.6666669845581055,1.6083767414093018,2692800
1984-08-08,3.6666669845581055,3.722222089767456,3.6666669845581055,3.694443941116333,1.6205607652664185,2053800
1984-08-09,3.7083330154418945,3.8611109256744385,3.694443941116333,3.847222089767456,1.6875770092010498,2635200
1984-08-10,4.0,4.0,3.805556058883667,3.8611109256744385,1.6936695575714111,7506900
1984-08-13,3.847222089767456,3.944443941116333,3.777777910232544,3.9166669845581055,1.718038558959961,2726100
1984-08-14,3.972222089767456,4.0,3.9166669845581055,3.9166669845581055,1.718038558959961,4995000
1984-08-15,3.9583330154418945,4.027778148651123,3.930556058883667,3.9583330154418945,1.7363150119781494,3255300
1984-08-16,3.972222089767456,4.027778148651123,3.972222089767456,3.9861109256744385,1.7485008239746094,1560600
1984-08-17,4.055555820465088,4.0833330154418945,4.013888835906982,4.055555820465088,1.7789615392684937,1171800
1984-08-20,4.0833330154418945,4.152778148651123,4.069444179534912,4.125,1.8094234466552734,2166300
1984-08-21,4.125,4.25,4.125,4.236111164093018,1.858162760734558,5482800
1984-08-22,4.194444179534912,4.194444179534912,4.069444179534912,4.111111164093018,1.8033305406570435,8518500
1984-08-23,4.055555820465088,4.055555820465088,3.972222089767456,3.972222089767456,1.742408275604248,4773600
1984-08-24,3.944443941116333,3.972222089767456,3.930556058883667,3.944443941116333,1.730223298072815,3133800
1984-08-27,3.930556058883667,4.013888835906982,3.9166669845581055,4.013888835906982,1.760684609413147,797400
1984-08-28,4.0,4.069444179534912,3.9861109256744385,4.069444179534912,1.7850544452667236,1237500
1984-08-29,4.0833330154418945,4.125,4.055555820465088,4.055555820465088,1.7789615392684937,3726900
1984-08-30,4.055555820465088,4.0833330154418945,4.027778148651123,4.0416669845581055,1.7728697061538696,1103400
1984-08-31,4.027778148651123,4.055555820465088,4.0,4.055555820465088,1.7789615392684937,686700
1984-09-04,4.0416669845581055,4.0416669845581055,4.0,4.0,1.7545921802520752,872100
1984-09-05,3.9583330154418945,4.0,3.944443941116333,4.0,1.7545921802520752,1755000
1984-09-06,3.930556058883667,4.0,3.9166669845581055,3.944443941116333,1.762037754058838,1937700
1984-09-07,3.944443941116333,3.972222089767456,3.8611109256744385,3.8888890743255615,1.7372206449508667,2256300
1984-09-10,3.8333330154418945,3.9583330154418945,3.8333330154418945,3.944443941116333,1.762037754058838,1987200
1984-09-11,3.972222089767456,4.097221851348877,3.930556058883667,3.944443941116333,1.762037754058838,2189700
1984-09-12,3.9166669845581055,4.013888835906982,3.8888890743255615,3.972222089767456,1.774446964263916,1458900
1984-09-13,4.0,4.069444179534912,4.0,4.069444179534912,1.8178770542144775,3578400
1984-09-14,4.138888835906982,4.138888835906982,4.055555820465088,4.0833330154418945,1.8240809440612793,3956400
1984-09-17,4.097221851348877,4.111111164093018,4.055555820465088,4.0833330154418945,1.8240809440612793,1005300
1984-09-18,4.125,4.1666669845581055,4.111111164093018,4.138888835906982,1.8488976955413818,2610900
1984-09-19,4.111111164093018,4.194444179534912,4.111111164093018,4.138888835906982,1.8488976955413818,3538800
1984-09-20,4.1666669845581055,4.222221851348877,4.138888835906982,4.1666669845581055,1.8613076210021973,3643200
1984-09-21,4.1666669845581055,4.194444179534912,4.0416669845581055,4.0416669845581055,1.8054686784744263,8955000
1984-09-24,4.0416669845581055,4.069444179534912,4.013888835906982,4.027778148651123,1.799263834953308,1118700
1984-09-25,4.0,4.125,4.0,4.0833330154418945,1.8240809440612793,1325700
1984-09-26,4.0833330154418945,4.0833330154418945,4.0,4.0416669845581055,1.8054686784744263,913500
1984-09-27,4.027778148651123,4.111111164093018,4.027778148651123,4.111111164093018,1.8364893198013306,4464000
1984-09-28,4.111111164093018,4.111111164093018,4.027778148651123,4.055555820465088,1.8116719722747803,4438800
1984-10-01,4.0416669845581055,4.125,4.0416669845581055,4.0833330154418945,1.8240809440612793,1364400
1984-10-02,4.111111164093018,4.194444179534912,4.111111164093018,4.125,1.8426942825317383,891000
1984-10-03,4.097221851348877,4.152778148651123,4.0833330154418945,4.138888835906982,1.8488976955413818,3394800
1984-10-04,4.138888835906982,4.194444179534912,4.138888835906982,4.194444179534912,1.8737162351608276,968400
1984-10-05,4.1666669845581055,4.180555820465088,4.125,4.125,1.8426942825317383,3736800
1984-10-08,4.111111164093018,4.111111164093018,4.069444179534912,4.097221851348877,1.8302853107452393,482400
1984-10-09,4.125,4.138888835906982,4.097221851348877,4.111111164093018,1.8364893198013306,1449900
1984-10-10,4.097221851348877,4.138888835906982,4.0833330154418945,4.138888835906982,1.8488976955413818,991800
1984-10-11,4.111111164093018,4.138888835906982,4.097221851348877,4.138888835906982,1.8488976955413818,1131300
1984-10-12,4.138888835906982,4.2083330154418945,4.125,4.1666669845581055,1.8613076210021973,2569500
1984-10-15,4.152778148651123,4.2083330154418945,4.138888835906982,4.194444179534912,1.8737162351608276,1625400
1984-10-16,4.222221851348877,4.277778148651123,4.194444179534912,4.277778148651123,1.91094172000885,1004400
1984-10-17,4.277778148651123,4.319444179534912,4.236111164093018,4.277778148651123,1.91094172000885,1539900
1984-10-18,4.2916669845581055,4.319444179534912,4.277778148651123,4.319444179534912,1.9295543432235718,2304900
1984-10-19,4.3333330154418945,4.402778148651123,4.305555820465088,4.361111164093018,1.9481688737869263,5208300
1984-10-22,4.305555820465088,4.3333330154418945,4.277778148651123,4.305555820465088,1.9233511686325073,763200
1984-10-23,4.277778148651123,4.3333330154418945,4.1666669845581055,4.25,1.8985340595245361,962100
1984-10-24,4.25,4.25,4.138888835906982,4.222221851348877,1.8861247301101685,946800
1984-10-25,4.2083330154418945,4.2083330154418945,4.125,4.138888835906982,1.8488976955413818,657900
1984-10-26,4.125,4.125,4.069444179534912,4.0833330154418945,1.8240809440612793,824400
1984-10-29,4.111111164093018,4.180555820465088,4.097221851348877,4.1666669845581055,1.8613076210021973,745200
1984-10-30,4.1666669845581055,4.25,4.111111164093018,4.25,1.8985340595245361,1693800
1984-10-31,4.25,4.277778148651123,4.111111164093018,4.138888835906982,1.8488976955413818,2059200
1984-11-01,4.1666669845581055,4.2083330154418945,4.125,4.180555820465088,1.8675121068954468,3697200
1984-11-02,4.180555820465088,4.305555820465088,4.125,4.236111164093018,1.8923295736312866,1061100
1984-11-05,4.430555820465088,4.430555820465088,4.361111164093018,4.402778148651123,1.966781735420227,2352600
1984-11-06,4.388888835906982,4.388888835906982,4.305555820465088,4.388888835906982,1.9605762958526611,1829700
1984-11-07,4.402778148651123,4.402778148651123,4.3333330154418945,4.388888835906982,1.9605762958526611,1385100
1984-11-08,4.361111164093018,4.4583330154418945,4.347221851348877,4.4166669845581055,1.9729862213134766,3672900
1984-11-09,4.430555820465088,4.472221851348877,4.4166669845581055,4.444444179534912,1.9853945970535278,1473300
1984-11-12,4.444444179534912,4.4583330154418945,4.444444179534912,4.4583330154418945,1.9915984869003296,1024200
1984-11-13,4.4583330154418945,4.486111164093018,4.444444179534912,4.444444179534912,1.9853945970535278,2502000
1984-11-14,4.444444179534912,4.444444179534912,4.361111164093018,4.375,1.9543730020523071,2682000
1984-11-15,4.388888835906982,4.388888835906982,4.277778148651123,4.277778148651123,1.91094172000885,2192400
1984-11-16,4.305555820465088,4.3333330154418945,4.222221851348877,4.277778148651123,1.91094172000885,2791800
1984-11-19,4.263888835906982,4.277778148651123,4.236111164093018,4.25,1.8985340595245361,672300
1984-11-20,4.222221851348877,4.361111164093018,4.222221851348877,4.319444179534912,1.9295543432235718,1117800
1984-11-21,4.305555820465088,4.4583330154418945,4.305555820465088,4.444444179534912,1.9853945970535278,697500
1984-11-23,4.444444179534912,4.5416669845581055,4.444444179534912,4.527778148651123,2.0226211547851562,1423800
1984-11-26,4.527778148651123,4.555555820465088,4.513888835906982,4.527778148651123,2.0226211547851562,2882700
1984-11-27,4.513888835906982,4.638888835906982,4.513888835906982,4.611111164093018,2.059847116470337,3406500
1984-11-28,4.5833330154418945,4.625,4.527778148651123,4.555555820465088,2.0350301265716553,1946700
1984-11-29,4.513888835906982,4.527778148651123,4.472221851348877,4.486111164093018,2.0040082931518555,1455300
1984-11-30,4.4583330154418945,4.472221851348877,4.4166669845581055,4.472221851348877,1.9978032112121582,1051200
1984-12-03,4.4583330154418945,4.486111164093018,4.430555820465088,4.4583330154418945,1.9915984869003296,838800
1984-12-04,4.4166669845581055,4.4583330154418945,4.402778148651123,4.444444179534912,1.9853945970535278,931500
1984-12-05,4.444444179534912,4.4583330154418945,4.402778148651123,4.4166669845581055,1.9729862213134766,1713600
1984-12-06,4.4166669845581055,4.4583330154418945,4.388888835906982,4.4583330154418945,1.9915984869003296,2301300
1984-12-07,4.375,4.430555820465088,4.375,4.402778148651123,1.9991670846939087,4717800
1984-12-10,4.402778148651123,4.513888835906982,4.402778148651123,4.513888835906982,2.0496184825897217,1375200
1984-12-11,4.513888835906982,4.569444179534912,4.513888835906982,4.569444179534912,2.074845314025879,571500
1984-12-12,4.555555820465088,4.597221851348877,4.555555820465088,4.5833330154418945,2.081151008605957,878400
1984-12-13,4.5416669845581055,4.555555820465088,4.5,4.513888835906982,2.0496184825897217,722700
1984-12-14,4.5416669845581055,4.5833330154418945,4.527778148651123,4.555555820465088,2.0685386657714844,1116000
1984-12-17,4.5416669845581055,4.611111164093018,4.5416669845581055,4.597221851348877,2.0874571800231934,947700
1984-12-18,4.652778148651123,4.75,4.638888835906982,4.75,2.156829357147217,3956400
1984-12-19,4.75,4.763888835906982,4.722221851348877,4.736111164093018,2.1505234241485596,1492200
1984-12-20,4.736111164093018,4.805555820465088,4.736111164093018,4.777778148651123,2.1694421768188477,2017800
1984-12-21,4.7916669845581055,4.847221851348877,4.777778148651123,4.8333330154418945,2.194668769836426,2142900
1984-12-24,4.861111164093018,4.861111164093018,4.777778148651123,4.777778148651123,2.1694421768188477,655200
1984-12-26,4.7916669845581055,4.805555820465088,4.777778148651123,4.7916669845581055,2.1757493019104004,674100
1984-12-27,4.7916669845581055,4.861111164093018,4.7916669845581055,4.8333330154418945,2.194668769836426,987300
1984-12-28,4.8333330154418945,4.9166669845581055,4.8333330154418945,4.9166669845581055,2.232508420944214,1854000
1984-12-31,4.930555820465088,4.944444179534912,4.902778148651123,4.930555820465088,2.2388150691986084,821700
1985-01-02,4.9166669845581055,4.9166669845581055,4.888888835906982,4.9166669845581055,2.232508420944214,1002600
1985-01-03,4.902778148651123,4.944444179534912,4.888888835906982,4.902778148651123,2.2262015342712402,1503000
1985-01-04,4.888888835906982,4.930555820465088,4.847221851348877,4.861111164093018,2.2072815895080566,1065600
1985-01-07,4.888888835906982,4.902778148651123,4.861111164093018,4.888888835906982,2.219893455505371,367200
1985-01-08,4.875,4.888888835906982,4.847221851348877,4.847221851348877,2.2009754180908203,676800
1985-01-09,4.847221851348877,4.861111164093018,4.8333330154418945,4.847221851348877,2.2009754180908203,549900
1985-01-10,4.875,4.902778148651123,4.8333330154418945,4.888888835906982,2.219893455505371,1710900
1985-01-11,4.861111164093018,5.0,4.861111164093018,4.972221851348877,2.257734537124634,1900800
1985-01-14,4.944444179534912,5.0833330154418945,4.930555820465088,5.069444179534912,2.301879644393921,2173500
1985-01-15,5.0833330154418945,5.0833330154418945,5.027778148651123,5.069444179534912,2.301879644393921,2723400
1985-01-16,5.055555820465088,5.1666669845581055,5.055555820465088,5.1666669845581055,2.346024751663208,2601000
1985-01-17,5.194444179534912,5.194444179534912,5.138888835906982,5.194444179534912,2.3586373329162598,2351700
1985-01-18,5.2083330154418945,5.3333330154418945,5.2083330154418945,5.305555820465088,2.4090912342071533,4376700
1985-01-21,5.277778148651123,5.277778148651123,5.180555820465088,5.2083330154418945,2.364943027496338,3105000
1985-01-22,5.111111164093018,5.152778148651123,5.0833330154418945,5.097221851348877,2.314492702484131,3661200
1985-01-23,5.111111164093018,5.1666669845581055,5.0416669845581055,5.138888835906982,2.333411693572998,1996200
1985-01-24,5.2083330154418945,5.2083330154418945,5.152778148651123,5.194444179534912,2.3586373329162598,1841400
1985-01-25,5.180555820465088,5.2083330154418945,5.1666669845581055,5.194444179534912,2.3586373329162598,626400
1985-01-28,5.180555820465088,5.222221851348877,5.1666669845581055,5.194444179534912,2.3586373329162598,2587500
1985-01-29,5.1666669845581055,5.236111164093018,5.138888835906982,5.236111164093018,2.377558946609497,749700
1985-01-30,5.236111164093018,5.263888835906982,5.152778148651123,5.1666669845581055,2.346024751663208,1102500
1985-01-31,5.0833330154418945,5.125,5.069444179534912,5.111111164093018,2.320800304412842,4152600
1985-02-01,5.0833330154418945,5.097221851348877,5.055555820465088,5.0833330154418945,2.308187246322632,1017000
1985-02-04,5.069444179534912,5.194444179534912,5.069444179534912,5.194444179534912,2.3586373329162598,3996900
1985-02-05,5.222221851348877,5.319444179534912,5.222221851348877,5.277778148651123,2.3964786529541016,4892400
1985-02-06,5.277778148651123,5.444444179534912,5.277778148651123,5.402778148651123,2.4532363414764404,6565500
1985-02-07,5.3333330154418945,5.3333330154418945,5.222221851348877,5.222221851348877,2.371250629425049,19224000
1985-02-08,5.222221851348877,5.277778148651123,5.194444179534912,5.277778148651123,2.3964786529541016,1143000
1985-02-11,5.25,5.25,5.180555820465088,5.2083330154418945,2.364943027496338,3116700
1985-02-12,5.1666669845581055,5.194444179534912,5.111111164093018,5.111111164093018,2.320800304412842,908100
1985-02-13,5.138888835906982,5.277778148651123,5.125,5.263888835906982,2.3901703357696533,3549600
1985-02-14,5.25,5.277778148651123,5.2083330154418945,5.236111164093018,2.377558946609497,2713500
1985-02-15,5.236111164093018,5.3333330154418945,5.222221851348877,5.319444179534912,2.4153974056243896,3303000
1985-02-19,5.361111164093018,5.388888835906982,5.2916669845581055,5.375,2.440622329711914,5503500
1985-02-20,5.375,5.4166669845581055,5.3333330154418945,5.402778148651123,2.4532363414764404,2586600
1985-02-21,5.388888835906982,5.388888835906982,5.3333330154418945,5.3333330154418945,2.4217026233673096,1108800
1985-02-22,5.361111164093018,5.388888835906982,5.3333330154418945,5.375,2.440622329711914,3322800
1985-02-25,5.361111164093018,5.402778148651123,5.347221851348877,5.402778148651123,2.4532363414764404,592200
1985-02-26,5.388888835906982,5.444444179534912,5.388888835906982,5.402778148651123,2.4532363414764404,3447900
1985-02-27,5.388888835906982,5.4166669845581055,5.388888835906982,5.4166669845581055,2.4595417976379395,3920400
1985-02-28,5.402778148651123,5.513888835906982,5.388888835906982,5.513888835906982,2.5036873817443848,1235700
1985-03-01,5.486111164093018,5.652778148651123,5.486111164093018,5.638888835906982,2.5604472160339355,1818900
1985-03-04,5.652778148651123,5.652778148651123,5.527778148651123,5.527778148651123,2.509995937347412,1080900
1985-03-05,5.555555820465088,5.5833330154418945,5.5,5.527778148651123,2.509995937347412,1750500
1985-03-06,5.527778148651123,5.555555820465088,5.444444179534912,5.472221851348877,2.484768867492676,10980000
1985-03-07,5.361111164093018,5.472221851348877,5.347221851348877,5.375,2.4732651710510254,10530000
1985-03-08,5.361111164093018,5.402778148651123,5.3333330154418945,5.361111164093018,2.46687388420105,2124000
1985-03-11,5.347221851348877,5.375,5.305555820465088,5.319444179534912,2.4477009773254395,468000
1985-03-12,5.2916669845581055,5.5,5.2916669845581055,5.5,2.530782461166382,5481900
1985-03-13,5.5,5.527778148651123,5.4166669845581055,5.430555820465088,2.4988291263580322,1344600
1985-03-14,5.402778148651123,5.4166669845581055,5.388888835906982,5.388888835906982,2.4796555042266846,2880000
1985-03-15,5.388888835906982,5.430555820465088,5.375,5.4166669845581055,2.4924371242523193,1916100
1985-03-18,5.402778148651123,5.444444179534912,5.388888835906982,5.388888835906982,2.4796555042266846,1665900
1985-03-19,5.4166669845581055,5.430555820465088,5.388888835906982,5.402778148651123,2.4860472679138184,1152000
1985-03-20,5.388888835906982,5.388888835906982,5.305555820465088,5.305555820465088,2.441310405731201,1167300
1985-03-21,5.305555820465088,5.361111164093018,5.2916669845581055,5.347221851348877,2.4604828357696533,1494900
1985-03-22,5.347221851348877,5.347221851348877,5.2916669845581055,5.305555820465088,2.441310405731201,1233000
1985-03-25,5.305555820465088,5.347221851348877,5.305555820465088,5.3333330154418945,2.4540915489196777,355500
1985-03-26,5.3333330154418945,5.347221851348877,5.319444179534912,5.347221851348877,2.4604828357696533,1029600
1985-03-27,5.347221851348877,5.402778148651123,5.3333330154418945,5.388888835906982,2.4796555042266846,302400
1985-03-28,5.388888835906982,5.472221851348877,5.347221851348877,5.4166669845581055,2.4924371242523193,2364300
1985-03-29,5.444444179534912,5.5416669845581055,5.430555820465088,5.527778148651123,2.543565034866333,1738800
1985-04-01,5.513888835906982,5.5416669845581055,5.5,5.5416669845581055,2.5499556064605713,1148400
1985-04-02,5.513888835906982,5.555555820465088,5.4583330154418945,5.5,2.530782461166382,1056600
1985-04-03,5.5,5.513888835906982,5.319444179534912,5.4166669845581055,2.4924371242523193,721800
1985-04-04,5.4166669845581055,5.4166669845581055,5.319444179534912,5.375,2.4732651710510254,784800
1985-04-08,5.375,5.430555820465088,5.347221851348877,5.361111164093018,2.46687388420105,893700
1985-04-09,5.3333330154418945,5.402778148651123,5.3333330154418945,5.3333330154418945,2.4540915489196777,767700
1985-04-10,5.361111164093018,5.444444179534912,5.361111164093018,5.430555820465088,2.4988291263580322,1359900
1985-04-11,5.402778148651123,5.527778148651123,5.402778148651123,5.430555820465088,2.4988291263580322,924300
1985-04-12,5.444444179534912,5.444444179534912,5.402778148651123,5.4166669845581055,2.4924371242523193,774900
1985-04-15,5.430555820465088,5.4583330154418945,5.388888835906982,5.4583330154418945,2.5116090774536133,1251900
1985-04-16,5.486111164093018,5.5,5.361111164093018,5.402778148651123,2.4860472679138184,710100
1985-04-17,5.388888835906982,5.402778148651123,5.347221851348877,5.375,2.4732651710510254,636300
1985-04-18,5.444444179534912,5.527778148651123,5.444444179534912,5.527778148651123,2.543565034866333,1773000
1985-04-19,5.527778148651123,5.555555820465088,5.513888835906982,5.5416669845581055,2.5499556064605713,2032200
1985-04-22,5.5416669845581055,5.625,5.5416669845581055,5.625,2.5882997512817383,2070000
1985-04-23,5.597221851348877,5.805555820465088,5.597221851348877,5.763888835906982,2.652209520339966,2347200
1985-04-24,5.7916669845581055,5.986111164093018,5.7916669845581055,5.972221851348877,2.7480716705322266,3531600
1985-04-25,6.0,6.138888835906982,6.0,6.111111164093018,2.8119800090789795,3560400
1985-04-26,6.055555820465088,6.069444179534912,5.9166669845581055,5.9166669845581055,2.7225089073181152,643500
1985-04-29,5.9166669845581055,5.9166669845581055,5.805555820465088,5.805555820465088,2.6713829040527344,765900
1985-04-30,5.805555820465088,5.805555820465088,5.680555820465088,5.7083330154418945,2.6266465187072754,1166400
1985-05-01,5.694444179534912,5.7083330154418945,5.638888835906982,5.638888835906982,2.5946924686431885,690300
1985-05-02,5.625,5.75,5.625,5.75,2.6458187103271484,1374300
1985-05-03,5.777778148651123,6.0833330154418945,5.777778148651123,6.013888835906982,2.767245054244995,2482200
1985-05-06,6.055555820465088,6.125,6.013888835906982,6.027778148651123,2.7736361026763916,1876500
1985-05-07,6.0,6.027778148651123,5.972221851348877,5.986111164093018,2.754462957382202,671400
1985-05-08,5.986111164093018,6.0,5.930555820465088,5.972221851348877,2.7480716705322266,796500
1985-05-09,5.972221851348877,6.069444179534912,5.9583330154418945,6.069444179534912,2.7928080558776855,2364300
1985-05-10,6.111111164093018,6.152778148651123,6.013888835906982,6.138888835906982,2.8247625827789307,2232000
1985-05-13,6.111111164093018,6.152778148651123,6.055555820465088,6.055555820465088,2.786419153213501,2115900
1985-05-14,6.055555820465088,6.069444179534912,5.986111164093018,6.0,2.7608535289764404,1233000
1985-05-15,5.986111164093018,6.0,5.888888835906982,5.930555820465088,2.7288999557495117,3128400
1985-05-16,5.902778148651123,6.0416669845581055,5.902778148651123,6.027778148651123,2.7736361026763916,2448900
1985-05-17,5.986111164093018,6.152778148651123,5.986111164093018,6.055555820465088,2.786419153213501,2753100
1985-05-20,6.138888835906982,6.194444179534912,6.125,6.1666669845581055,2.8375463485717773,2916000
1985-05-21,6.152778148651123,6.347221851348877,6.152778148651123,6.347221851348877,2.9206254482269287,2814300
1985-05-22,6.319444179534912,6.319444179534912,6.138888835906982,6.1666669845581055,2.8375463485717773,2757600
1985-05-23,6.1666669845581055,6.2916669845581055,6.1666669845581055,6.263888835906982,2.882279396057129,2692800
1985-05-24,6.263888835906982,6.3333330154418945,6.25,6.3333330154418945,2.9142355918884277,2219400
1985-05-28,6.347221851348877,6.361111164093018,6.25,6.277778148651123,2.888671875,835200
1985-05-29,6.2916669845581055,6.2916669845581055,6.125,6.1666669845581055,2.8375463485717773,4977000
1985-05-30,6.1666669845581055,6.180555820465088,6.125,6.125,2.8183722496032715,1295100
1985-05-31,6.152778148651123,6.2083330154418945,6.111111164093018,6.138888835906982,2.8247625827789307,1186200
1985-06-03,6.194444179534912,6.194444179534912,6.125,6.152778148651123,2.83115291595459,1943100
1985-06-04,6.1666669845581055,6.2083330154418945,6.1666669845581055,6.194444179534912,2.8503265380859375,711000
1985-06-05,6.222221851348877,6.305555820465088,6.152778148651123,6.236111164093018,2.8694982528686523,2083500
1985-06-06,6.2083330154418945,6.2083330154418945,6.069444179534912,6.2083330154418945,2.890187978744507,1065600
1985-06-07,6.236111164093018,6.2916669845581055,6.236111164093018,6.263888835906982,2.9160513877868652,1642500
1985-06-10,6.25,6.25,6.1666669845581055,6.180555820465088,2.8772573471069336,702000
1985-06-11,6.194444179534912,6.236111164093018,6.194444179534912,6.2083330154418945,2.890187978744507,927000
1985-06-12,6.236111164093018,6.236111164093018,6.138888835906982,6.180555820465088,2.8772573471069336,620100
1985-06-13,6.1666669845581055,6.194444179534912,6.0833330154418945,6.111111164093018,2.844928503036499,595800
1985-06-14,6.138888835906982,6.25,6.138888835906982,6.2083330154418945,2.890187978744507,1263600
1985-06-17,6.2083330154418945,6.263888835906982,6.180555820465088,6.236111164093018,2.903120279312134,1373400
1985-06-18,6.263888835906982,6.3333330154418945,6.263888835906982,6.3333330154418945,2.9483814239501953,1440000
1985-06-19,6.3333330154418945,6.361111164093018,6.277778148651123,6.305555820465088,2.9354500770568848,1648800
1985-06-20,6.3333330154418945,6.361111164093018,6.277778148651123,6.319444179534912,2.9419162273406982,1677600
1985-06-21,6.3333330154418945,6.5,6.263888835906982,6.472221851348877,3.013037919998169,1658700
1985-06-24,6.430555820465088,6.444444179534912,6.319444179534912,6.319444179534912,2.9419162273406982,1321200
1985-06-25,6.4166669845581055,6.430555820465088,6.375,6.4166669845581055,2.9871764183044434,803700
1985-06-26,6.402778148651123,6.5,6.388888835906982,6.472221851348877,3.013037919998169,2119500
1985-06-27,6.513888835906982,6.555555820465088,6.472221851348877,6.555555820465088,3.051833152770996,1229400
1985-06-28,6.555555820465088,6.638888835906982,6.527778148651123,6.597221851348877,3.0712296962738037,875700
1985-07-01,6.597221851348877,6.611111164093018,6.5,6.611111164093018,3.077695846557617,1264500
1985-07-02,6.611111164093018,6.611111164093018,6.513888835906982,6.5416669845581055,3.0453665256500244,2072700
1985-07-03,6.527778148651123,6.527778148651123,6.472221851348877,6.472221851348877,3.013037919998169,1917900
1985-07-05,6.486111164093018,6.486111164093018,6.472221851348877,6.486111164093018,3.0195024013519287,1191600
1985-07-08,6.472221851348877,6.472221851348877,6.388888835906982,6.444444179534912,3.0001065731048584,1688400
1985-07-09,6.444444179534912,6.513888835906982,6.444444179534912,6.5,3.025968074798584,820800
1985-07-10,6.5,6.5833330154418945,6.5,6.569444179534912,3.0582985877990723,2463300
1985-07-11,6.569444179534912,6.5833330154418945,6.513888835906982,6.527778148651123,3.0389010906219482,4900500
1985-07-12,6.555555820465088,6.638888835906982,6.555555820465088,6.611111164093018,3.077695846557617,1596600
1985-07-15,6.555555820465088,6.611111164093018,6.5416669845581055,6.569444179534912,3.0582985877990723,880200
1985-07-16,6.5833330154418945,6.652778148651123,6.569444179534912,6.652778148651123,3.0970921516418457,1498500
1985-07-17,6.652778148651123,6.7083330154418945,6.638888835906982,6.7083330154418945,3.1229543685913086,2124900
1985-07-18,6.7083330154418945,6.7083330154418945,6.611111164093018,6.638888835906982,3.0906267166137695,2326500
1985-07-19,6.611111164093018,6.694444179534912,6.611111164093018,6.694444179534912,3.116489887237549,891000
1985-07-22,6.6666669845581055,6.6666669845581055,6.611111164093018,6.625,3.0841622352600098,1427400
1985-07-23,6.611111164093018,6.611111164093018,6.472221851348877,6.5,3.025968074798584,3257100
1985-07-24,6.5,6.5,6.305555820465088,6.375,2.9677772521972656,1307700
1985-07-25,6.361111164093018,6.361111164093018,6.222221851348877,6.2916669845581055,2.9289844036102295,1629000
1985-07-26,6.277778148651123,6.347221851348877,6.263888835906982,6.263888835906982,2.9160513877868652,1180800
1985-07-29,6.263888835906982,6.263888835906982,5.944444179534912,6.027778148651123,2.8061342239379883,2876400
1985-07-30,6.0,6.027778148651123,5.944444179534912,5.944444179534912,2.767340660095215,2810700
1985-07-31,5.944444179534912,6.138888835906982,5.888888835906982,6.0833330154418945,2.8319966793060303,2884500
1985-08-01,6.097221851348877,6.2083330154418945,6.0833330154418945,6.194444179534912,2.8837227821350098,3537000
1985-08-02,6.194444179534912,6.236111164093018,6.1666669845581055,6.1666669845581055,2.870793342590332,1027800
1985-08-05,6.180555820465088,6.180555820465088,6.0833330154418945,6.125,2.8513948917388916,1470600
1985-08-06,6.097221851348877,6.111111164093018,6.027778148651123,6.027778148651123,2.8061342239379883,2565000
1985-08-07,6.0833330154418945,6.0833330154418945,6.027778148651123,6.0833330154418945,2.8319966793060303,1691100
1985-08-08,6.0833330154418945,6.305555820465088,6.0833330154418945,6.305555820465088,2.9354500770568848,3102300
1985-08-09,6.263888835906982,6.277778148651123,6.236111164093018,6.25,2.90958571434021,434700
1985-08-12,6.25,6.25,6.2083330154418945,6.222221851348877,2.8966543674468994,481500
1985-08-13,6.2083330154418945,6.263888835906982,6.2083330154418945,6.2083330154418945,2.890187978744507,636300
1985-08-14,6.222221851348877,6.25,6.222221851348877,6.222221851348877,2.8966543674468994,375300
1985-08-15,6.222221851348877,6.25,6.2083330154418945,6.236111164093018,2.903120279312134,755100
1985-08-16,6.2083330154418945,6.236111164093018,6.180555820465088,6.180555820465088,2.8772573471069336,1388700
1985-08-19,6.2083330154418945,6.236111164093018,6.180555820465088,6.2083330154418945,2.890187978744507,272700
1985-08-20,6.2083330154418945,6.2083330154418945,6.111111164093018,6.1666669845581055,2.870793342590332,728100
1985-08-21,6.138888835906982,6.1666669845581055,6.0833330154418945,6.138888835906982,2.857860565185547,1450800
1985-08-22,6.111111164093018,6.111111164093018,6.0,6.0,2.793203353881836,748800
1985-08-23,6.0,6.0,5.944444179534912,5.972221851348877,2.780271291732788,602100
1985-08-26,5.972221851348877,6.027778148651123,5.930555820465088,6.027778148651123,2.8061342239379883,778500
1985-08-27,6.013888835906982,6.0833330154418945,6.013888835906982,6.0416669845581055,2.8126003742218018,570600
1985-08-28,6.055555820465088,6.125,6.0416669845581055,6.125,2.8513948917388916,1462500
1985-08-29,6.1666669845581055,6.194444179534912,6.152778148651123,6.194444179534912,2.8837227821350098,645300
1985-08-30,6.222221851348877,6.222221851348877,6.180555820465088,6.180555820465088,2.8772573471069336,554400
1985-09-03,6.180555820465088,6.194444179534912,6.111111164093018,6.111111164093018,2.844928503036499,345600
1985-09-04,6.138888835906982,6.152778148651123,6.069444179534912,6.0833330154418945,2.8319966793060303,293400
1985-09-05,6.0833330154418945,6.111111164093018,6.0833330154418945,6.0833330154418945,2.8319966793060303,6887700
1985-09-06,6.0833330154418945,6.097221851348877,6.027778148651123,6.0833330154418945,2.8660223484039307,603000
1985-09-09,6.069444179534912,6.111111164093018,6.055555820465088,6.0833330154418945,2.8660223484039307,795600
1985-09-10,6.097221851348877,6.125,6.069444179534912,6.0833330154418945,2.8660223484039307,1489500
1985-09-11,6.0833330154418945,6.097221851348877,5.944444179534912,5.944444179534912,2.800589084625244,500400
1985-09-12,5.972221851348877,6.055555820465088,5.972221851348877,5.972221851348877,2.8136751651763916,1603800
1985-09-13,5.944444179534912,5.972221851348877,5.861111164093018,5.9166669845581055,2.7875020503997803,1102500
1985-09-16,5.888888835906982,5.9583330154418945,5.888888835906982,5.9166669845581055,2.7875020503997803,1431900
1985-09-17,5.9166669845581055,5.9166669845581055,5.875,5.902778148651123,2.780958652496338,772200
1985-09-18,5.888888835906982,5.972221851348877,5.888888835906982,5.930555820465088,2.79404616355896,531900
1985-09-19,5.930555820465088,6.0,5.875,5.986111164093018,2.820218801498413,752400
1985-09-20,5.972221851348877,6.0416669845581055,5.972221851348877,6.0,2.8267626762390137,1901700
1985-09-23,6.027778148651123,6.0833330154418945,6.027778148651123,6.0833330154418945,2.8660223484039307,729900
1985-09-24,6.055555820465088,6.111111164093018,6.0416669845581055,6.0416669845581055,2.846393346786499,1639800
1985-09-25,5.888888835906982,5.888888835906982,5.819444179534912,5.847221851348877,2.754784107208252,2703600
1985-09-26,5.8333330154418945,5.902778148651123,5.8333330154418945,5.888888835906982,2.774414300918579,1179900
1985-09-30,6.0,6.013888835906982,5.972221851348877,6.0,2.8267626762390137,2187000
1985-10-01,6.0,6.069444179534912,6.0,6.069444179534912,2.8594796657562256,1784700
1985-10-02,6.069444179534912,6.0833330154418945,6.0,6.013888835906982,2.8333053588867188,796500
1985-10-03,6.0416669845581055,6.0416669845581055,6.0,6.0,2.8267626762390137,1450800
1985-10-04,5.972221851348877,6.0,5.944444179534912,5.986111164093018,2.820218801498413,820800
1985-10-07,6.0,6.0,5.902778148651123,5.902778148651123,2.780958652496338,1534500
1985-10-08,5.902778148651123,5.944444179534912,5.875,5.944444179534912,2.800589084625244,1180800
1985-10-09,5.9166669845581055,6.055555820465088,5.9166669845581055,6.0416669845581055,2.846393346786499,964800
1985-10-10,6.055555820465088,6.055555820465088,6.027778148651123,6.055555820465088,2.8529374599456787,253800
1985-10-11,6.0416669845581055,6.194444179534912,6.0416669845581055,6.194444179534912,2.918370246887207,1762200
1985-10-14,6.1666669845581055,6.305555820465088,6.138888835906982,6.305555820465088,2.9707183837890625,1594800
1985-10-15,6.305555820465088,6.347221851348877,6.263888835906982,6.319444179534912,2.977262496948242,1613700
1985-10-16,6.319444179534912,6.472221851348877,6.305555820465088,6.444444179534912,3.0361526012420654,1170900
1985-10-17,6.430555820465088,6.444444179534912,6.3333330154418945,6.4166669845581055,3.0230660438537598,1018800
1985-10-18,6.388888835906982,6.388888835906982,6.2916669845581055,6.319444179534912,2.977262496948242,523800
1985-10-21,6.305555820465088,6.319444179534912,6.1666669845581055,6.1666669845581055,2.905285358428955,623700
1985-10-22,6.152778148651123,6.3333330154418945,6.152778148651123,6.3333330154418945,2.983804702758789,696600
1985-10-23,6.361111164093018,6.402778148651123,6.347221851348877,6.375,3.003434181213379,1332900
1985-10-24,6.388888835906982,6.4583330154418945,6.375,6.402778148651123,3.0165212154388428,2150100
1985-10-25,6.402778148651123,6.402778148651123,6.319444179534912,6.3333330154418945,2.983804702758789,551700
1985-10-28,6.3333330154418945,6.361111164093018,6.25,6.361111164093018,2.996892213821411,755100
1985-10-29,6.361111164093018,6.430555820465088,6.361111164093018,6.4166669845581055,3.0230660438537598,270900
1985-10-30,6.4166669845581055,6.472221851348877,6.4166669845581055,6.4583330154418945,3.0426957607269287,863100
1985-10-31,6.4583330154418945,6.555555820465088,6.444444179534912,6.472221851348877,3.049238681793213,3096000
1985-11-01,6.555555820465088,6.5833330154418945,6.472221851348877,6.5833330154418945,3.1015870571136475,3150000
1985-11-04,6.611111164093018,6.805555820465088,6.611111164093018,6.777778148651123,3.1931955814361572,3617100
1985-11-05,6.777778148651123,6.847221851348877,6.75,6.777778148651123,3.1931955814361572,3222000
1985-11-06,6.819444179534912,6.8333330154418945,6.777778148651123,6.7916669845581055,3.1997382640838623,1856700
1985-11-07,6.805555820465088,6.805555820465088,6.75,6.805555820465088,3.2062816619873047,754200
1985-11-08,6.805555820465088,6.861111164093018,6.75,6.861111164093018,3.2324559688568115,2981700
1985-11-11,6.861111164093018,6.972221851348877,6.861111164093018,6.9583330154418945,3.2782599925994873,2406600
1985-11-12,6.986111164093018,7.013888835906982,6.888888835906982,6.888888835906982,3.2455410957336426,1673100
1985-11-13,6.888888835906982,6.902778148651123,6.777778148651123,6.847221851348877,3.225912094116211,1089000
1985-11-14,6.819444179534912,6.888888835906982,6.819444179534912,6.875,3.2389988899230957,1294200
1985-11-15,6.875,6.875,6.777778148651123,6.805555820465088,3.2062816619873047,3229200
1985-11-18,6.7916669845581055,6.8333330154418945,6.777778148651123,6.8333330154418945,3.2193684577941895,895500
1985-11-19,6.8333330154418945,6.847221851348877,6.736111164093018,6.75,3.180107355117798,925200
1985-11-20,6.736111164093018,6.805555820465088,6.736111164093018,6.777778148651123,3.1931955814361572,1076400
1985-11-21,6.7916669845581055,6.8333330154418945,6.7916669845581055,6.8333330154418945,3.2193684577941895,1236600
1985-11-22,6.805555820465088,6.9166669845581055,6.805555820465088,6.888888835906982,3.2455410957336426,1784700
1985-11-25,6.944444179534912,6.944444179534912,6.763888835906982,6.777778148651123,3.1931955814361572,798300
1985-11-26,6.7916669845581055,6.847221851348877,6.777778148651123,6.805555820465088,3.2062816619873047,881100
1985-11-27,6.8333330154418945,6.944444179534912,6.7916669845581055,6.944444179534912,3.2717127799987793,1374300
1985-11-29,6.972221851348877,7.0,6.9166669845581055,6.9583330154418945,3.2782599925994873,696600
1985-12-02,6.9583330154418945,6.986111164093018,6.847221851348877,6.847221851348877,3.225912094116211,745200
1985-12-03,6.875,6.9166669845581055,6.861111164093018,6.9166669845581055,3.258629322052002,617400
1985-12-04,6.944444179534912,6.972221851348877,6.888888835906982,6.944444179534912,3.2717127799987793,1228500
1985-12-05,6.944444179534912,7.0,6.902778148651123,6.902778148651123,3.2520861625671387,1287900
1985-12-06,6.888888835906982,6.930555820465088,6.819444179534912,6.8333330154418945,3.2193684577941895,1807200
1985-12-09,6.8333330154418945,6.875,6.777778148651123,6.8333330154418945,3.253756046295166,2251800
1985-12-10,6.8333330154418945,6.875,6.819444179534912,6.861111164093018,3.266984701156616,1091700
1985-12-11,6.861111164093018,6.9166669845581055,6.8333330154418945,6.888888835906982,3.280210018157959,1884600
1985-12-12,6.888888835906982,7.013888835906982,6.861111164093018,6.9166669845581055,3.293437957763672,2354400
1985-12-13,6.944444179534912,7.013888835906982,6.902778148651123,6.944444179534912,3.306662082672119,2213100
1985-12-16,6.972221851348877,7.0416669845581055,6.9166669845581055,7.0,3.3331165313720703,3043800
1985-12-17,6.972221851348877,6.986111164093018,6.888888835906982,6.9166669845581055,3.293437957763672,1843200
1985-12-18,6.902778148651123,6.9583330154418945,6.861111164093018,6.861111164093018,3.266984701156616,775800
1985-12-19,6.861111164093018,6.930555820465088,6.861111164093018,6.888888835906982,3.280210018157959,1207800
1985-12-20,6.888888835906982,6.972221851348877,6.8333330154418945,6.944444179534912,3.306662082672119,1864800
1985-12-23,6.944444179534912,6.944444179534912,6.819444179534912,6.944444179534912,3.306662082672119,1864800
1985-12-24,6.9583330154418945,6.972221851348877,6.861111164093018,6.888888835906982,3.280210018157959,327600
1985-12-26,6.888888835906982,6.902778148651123,6.8333330154418945,6.902778148651123,3.2868247032165527,211500
1985-12-27,6.9166669845581055,6.9583330154418945,6.888888835906982,6.9583330154418945,3.3132781982421875,765000
1985-12-30,7.0,7.055555820465088,6.986111164093018,7.027778148651123,3.3463456630706787,1114200
1985-12-31,7.055555820465088,7.138888835906982,7.055555820465088,7.138888835906982,3.3992509841918945,1009800
1986-01-02,7.138888835906982,7.152778148651123,7.0,7.0,3.3331165313720703,1131300
1986-01-03,7.0416669845581055,7.069444179534912,7.0,7.027778148651123,3.3463456630706787,759600
1986-01-06,7.055555820465088,7.1666669845581055,7.013888835906982,7.111111164093018,3.3860232830047607,783000
1986-01-07,7.125,7.361111164093018,7.125,7.361111164093018,3.5050649642944336,1695600
1986-01-08,7.388888835906982,7.472221851348877,7.277778148651123,7.277778148651123,3.465385913848877,1833300
1986-01-09,7.25,7.277778148651123,7.138888835906982,7.1666669845581055,3.4124765396118164,1771200
1986-01-10,7.1666669845581055,7.1666669845581055,7.027778148651123,7.055555820465088,3.359570026397705,865800
1986-01-13,7.111111164093018,7.111111164093018,7.0833330154418945,7.0833330154418945,3.3727972507476807,1087200
1986-01-14,7.125,7.222221851348877,7.097221851348877,7.111111164093018,3.3860232830047607,2070000
1986-01-15,7.138888835906982,7.319444179534912,7.125,7.2916669845581055,3.4719958305358887,2504700
1986-01-16,7.388888835906982,7.388888835906982,7.2083330154418945,7.236111164093018,3.4455442428588867,2027700
1986-01-17,7.277778148651123,7.361111164093018,7.236111164093018,7.361111164093018,3.5050649642944336,1589400
1986-01-20,7.3333330154418945,7.375,7.277778148651123,7.3333330154418945,3.4918370246887207,860400
1986-01-21,7.375,7.402778148651123,7.3333330154418945,7.347221851348877,3.498448610305786,963900
1986-01-22,7.347221851348877,7.375,7.263888835906982,7.263888835906982,3.458767890930176,558000
1986-01-23,7.263888835906982,7.263888835906982,7.138888835906982,7.194444179534912,3.425704002380371,562500
1986-01-24,7.1666669845581055,7.236111164093018,7.1666669845581055,7.236111164093018,3.4455442428588867,2484900
1986-01-27,7.236111164093018,7.444444179534912,7.236111164093018,7.444444179534912,3.5447425842285156,3656700
1986-01-28,7.5,7.694444179534912,7.5,7.555555820465088,3.597651481628418,5319900
1986-01-29,7.722221851348877,7.944444179534912,7.722221851348877,7.763888835906982,3.6968483924865723,3999600
1986-01-30,7.75,7.75,7.0833330154418945,7.263888835906982,3.458767890930176,11799000
1986-01-31,6.944444179534912,7.5,6.944444179534912,7.305555820465088,3.4786102771759033,17757000
1986-02-03,7.3333330154418945,7.5,7.3333330154418945,7.4583330154418945,3.5513575077056885,3975300
1986-02-04,7.4583330154418945,7.6666669845581055,7.4583330154418945,7.638888835906982,3.6373291015625,5765400
1986-02-05,7.694444179534912,7.7083330154418945,7.611111164093018,7.6666669845581055,3.650557518005371,4164300
1986-02-06,7.694444179534912,7.777778148651123,7.694444179534912,7.75,3.6902360916137695,4378500
1986-02-07,7.777778148651123,7.777778148651123,7.611111164093018,7.652778148651123,3.6439430713653564,2349900
1986-02-10,7.680555820465088,7.763888835906982,7.6666669845581055,7.736111164093018,3.6836235523223877,1561500
1986-02-11,7.736111164093018,7.736111164093018,7.6666669845581055,7.680555820465088,3.6571693420410156,3336300
1986-02-12,7.680555820465088,7.7083330154418945,7.5416669845581055,7.555555820465088,3.597651481628418,2750400
1986-02-13,7.611111164093018,7.625,7.569444179534912,7.611111164093018,3.624102830886841,1892700
1986-02-14,7.611111164093018,7.75,7.569444179534912,7.75,3.6902360916137695,3555900
1986-02-18,7.8333330154418945,7.861111164093018,7.777778148651123,7.861111164093018,3.743143081665039,3000600
1986-02-19,7.902778148651123,8.0,7.847221851348877,7.847221851348877,3.736529588699341,2594700
1986-02-20,7.805555820465088,7.8333330154418945,7.722221851348877,7.805555820465088,3.7166907787323,1785600
1986-02-21,7.777778148651123,7.888888835906982,7.777778148651123,7.875,3.7497572898864746,1732500
1986-02-24,7.8333330154418945,7.861111164093018,7.736111164093018,7.763888835906982,3.6968483924865723,2187000
1986-02-25,7.722221851348877,7.722221851348877,7.527778148651123,7.5833330154418945,3.6108765602111816,1983600
1986-02-26,7.611111164093018,7.625,7.5,7.5833330154418945,3.6108765602111816,1324800
1986-02-27,7.597221851348877,7.638888835906982,7.472221851348877,7.638888835906982,3.6373291015625,3066300
1986-02-28,7.694444179534912,7.7083330154418945,7.569444179534912,7.5833330154418945,3.6108765602111816,2346300
1986-03-03,7.569444179534912,7.5833330154418945,7.472221851348877,7.5416669845581055,3.591036319732666,3339000
1986-03-04,7.5416669845581055,7.625,7.5,7.527778148651123,3.584425687789917,2387700
1986-03-05,7.5,7.5833330154418945,7.5,7.5833330154418945,3.6108765602111816,2129400
1986-03-06,7.638888835906982,7.694444179534912,7.638888835906982,7.6666669845581055,3.650557518005371,1877400
1986-03-07,7.597221851348877,7.694444179534912,7.597221851348877,7.625,3.66524600982666,841500
1986-03-10,7.652778148651123,7.694444179534912,7.625,7.680555820465088,3.691948413848877,1213200
1986-03-11,7.75,8.083333015441895,7.75,8.0,3.845503091812134,2711700
1986-03-12,7.986111164093018,8.097222328186035,7.9583330154418945,7.9583330154418945,3.825472831726074,2095200
1986-03-13,7.972221851348877,8.277777671813965,7.9166669845581055,8.25,3.965674877166748,1674000
1986-03-14,8.25,8.527777671813965,8.083333015441895,8.527777671813965,4.099200248718262,4958100
1986-03-17,8.305556297302246,8.402777671813965,8.277777671813965,8.305556297302246,3.9923791885375977,1750500
1986-03-18,8.347222328186035,8.38888931274414,8.333333015441895,8.375,4.025761127471924,1858500
1986-03-19,8.375,8.555556297302246,8.375,8.472222328186035,4.072494983673096,1830600
1986-03-20,8.51388931274414,8.583333015441895,8.444443702697754,8.48611068725586,4.079169750213623,1438200
1986-03-21,8.5,8.5,8.416666984558105,8.416666984558105,4.045792102813721,2657700
1986-03-24,8.416666984558105,8.444443702697754,8.180556297302246,8.222222328186035,3.9523227214813232,4807800
1986-03-25,8.222222328186035,8.26388931274414,8.055556297302246,8.125,3.9055886268615723,1700100
1986-03-26,8.13888931274414,8.277777671813965,8.13888931274414,8.25,3.965674877166748,4257000
1986-03-27,8.291666984558105,8.36111068725586,8.083333015441895,8.11111068725586,3.898911237716675,3316500
1986-03-31,8.097222328186035,8.11111068725586,7.972221851348877,8.069443702697754,3.878882884979248,1121400
1986-04-01,8.13888931274414,8.166666984558105,7.888888835906982,7.9166669845581055,3.8054440021514893,1677600
1986-04-02,7.888888835906982,8.01388931274414,7.861111164093018,8.01388931274414,3.852179527282715,2297700
1986-04-03,8.055556297302246,8.055556297302246,7.972221851348877,7.972221851348877,3.832150936126709,1989000
1986-04-04,8.0,8.027777671813965,7.944444179534912,7.9583330154418945,3.825472831726074,1053000
1986-04-07,7.9583330154418945,7.9583330154418945,7.8333330154418945,7.8333330154418945,3.7653896808624268,2207700
1986-04-08,7.861111164093018,8.0,7.8333330154418945,8.0,3.845503091812134,1508400
1986-04-09,8.083333015441895,8.083333015441895,7.8333330154418945,7.8333330154418945,3.7653896808624268,1895400
1986-04-10,7.888888835906982,7.930555820465088,7.694444179534912,7.736111164093018,3.7186548709869385,3780000
1986-04-11,7.763888835906982,7.861111164093018,7.736111164093018,7.8333330154418945,3.7653896808624268,2805300
1986-04-14,7.861111164093018,7.9166669845581055,7.861111164093018,7.875,3.785416841506958,1266300
1986-04-15,7.875,7.875,7.819444179534912,7.8333330154418945,3.7653896808624268,1956600
1986-04-16,7.9166669845581055,7.9166669845581055,7.847221851348877,7.902778148651123,3.7987706661224365,1337400
1986-04-17,7.888888835906982,7.888888835906982,7.805555820465088,7.875,3.785416841506958,1543500
1986-04-18,7.861111164093018,7.875,7.736111164093018,7.763888835906982,3.7320051193237305,1576800
1986-04-21,7.763888835906982,7.777778148651123,7.7083330154418945,7.736111164093018,3.7186548709869385,1569600
1986-04-22,7.7083330154418945,7.722221851348877,7.569444179534912,7.5833330154418945,3.6452152729034424,1708200
1986-04-23,7.611111164093018,7.611111164093018,7.402778148651123,7.4166669845581055,3.565101146697998,2673900
1986-04-24,7.444444179534912,7.486111164093018,7.375,7.375,3.5450737476348877,1548000
1986-04-25,7.402778148651123,7.430555820465088,7.3333330154418945,7.388888835906982,3.5517489910125732,1332000
1986-04-28,7.430555820465088,7.430555820465088,7.236111164093018,7.305555820465088,3.511690855026245,1856700
1986-04-29,7.319444179534912,7.319444179534912,7.138888835906982,7.2083330154418945,3.464958667755127,2206800
1986-04-30,7.222221851348877,7.222221851348877,6.944444179534912,6.944444179534912,3.338108777999878,2160900
1986-05-01,6.944444179534912,7.111111164093018,6.944444179534912,7.0416669845581055,3.384843349456787,3492000
1986-05-02,7.069444179534912,7.1666669845581055,7.0416669845581055,7.097221851348877,3.4115469455718994,1887300
1986-05-05,7.125,7.277778148651123,7.125,7.1666669845581055,3.4449288845062256,1912500
1986-05-06,7.222221851348877,7.25,7.138888835906982,7.194444179534912,3.4582817554473877,2474100
1986-05-07,7.194444179534912,7.194444179534912,7.027778148651123,7.0833330154418945,3.404872179031372,1588500
1986-05-08,7.0833330154418945,7.111111164093018,7.013888835906982,7.013888835906982,3.3714911937713623,1449900
1986-05-09,7.027778148651123,7.125,6.972221851348877,7.0833330154418945,3.404872179031372,1881900
1986-05-12,7.111111164093018,7.111111164093018,7.0,7.013888835906982,3.3714911937713623,1623600
1986-05-13,7.0416669845581055,7.0416669845581055,6.986111164093018,6.986111164093018,3.3581390380859375,2926800
1986-05-14,7.0,7.0,6.944444179534912,7.0,3.3648133277893066,1384200
1986-05-15,6.972221851348877,6.986111164093018,6.888888835906982,6.902778148651123,3.318081855773926,2314800
1986-05-16,6.888888835906982,6.888888835906982,6.75,6.763888835906982,3.2513186931610107,1655100
1986-05-19,6.777778148651123,6.847221851348877,6.777778148651123,6.819444179534912,3.2780239582061768,927900
1986-05-20,6.805555820465088,7.0,6.805555820465088,6.9166669845581055,3.324758291244507,1602000
1986-05-21,6.930555820465088,6.944444179534912,6.888888835906982,6.930555820465088,3.331434488296509,11682000
1986-05-22,6.944444179534912,7.027778148651123,6.944444179534912,7.027778148651123,3.3781685829162598,5944500
1986-05-23,7.055555820465088,7.152778148651123,7.055555820465088,7.097221851348877,3.4115469455718994,4125600
1986-05-27,7.111111164093018,7.277778148651123,7.111111164093018,7.277778148651123,3.4983415603637695,2179800
1986-05-28,7.3333330154418945,7.472221851348877,7.3333330154418945,7.402778148651123,3.558425188064575,4374000
1986-05-29,7.402778148651123,7.430555820465088,7.319444179534912,7.402778148651123,3.558425188064575,3060000
1986-05-30,7.375,7.430555820465088,7.347221851348877,7.361111164093018,3.538397789001465,2334600
1986-06-02,7.388888835906982,7.388888835906982,7.027778148651123,7.111111164093018,3.4182236194610596,1553400
1986-06-03,7.111111164093018,7.111111164093018,6.9583330154418945,7.013888835906982,3.3714911937713623,6330600
1986-06-04,7.069444179534912,7.097221851348877,7.027778148651123,7.069444179534912,3.3981947898864746,4957200
1986-06-05,7.055555820465088,7.0833330154418945,6.972221851348877,7.013888835906982,3.3714911937713623,2581200
1986-06-06,6.861111164093018,6.902778148651123,6.7916669845581055,6.861111164093018,3.332366943359375,3174300
1986-06-09,6.75,6.7916669845581055,6.680555820465088,6.75,3.2784008979797363,4273200
1986-06-10,6.777778148651123,6.7916669845581055,6.555555820465088,6.597221851348877,3.2041983604431152,6534000
1986-06-11,6.611111164093018,6.7083330154418945,6.555555820465088,6.625,3.217690944671631,6500700
1986-06-12,6.625,6.638888835906982,6.5833330154418945,6.625,3.217690944671631,3511800
1986-06-13,6.777778148651123,6.847221851348877,6.736111164093018,6.819444179534912,3.312128782272339,2662200
1986-06-16,6.8333330154418945,6.861111164093018,6.7916669845581055,6.7916669845581055,3.2986395359039307,1483200
1986-06-17,6.7916669845581055,6.7916669845581055,6.6666669845581055,6.7083330154418945,3.258164405822754,1365300
1986-06-18,6.7083330154418945,6.8333330154418945,6.680555820465088,6.777778148651123,3.2918903827667236,2050200
1986-06-19,6.777778148651123,6.902778148651123,6.75,6.805555820465088,3.3053841590881348,1758600
1986-06-20,6.8333330154418945,6.972221851348877,6.75,6.972221851348877,3.3863322734832764,1584900
1986-06-23,6.9166669845581055,6.9166669845581055,6.777778148651123,6.777778148651123,3.2918903827667236,1001700
1986-06-24,6.777778148651123,6.888888835906982,6.736111164093018,6.805555820465088,3.3053841590881348,1375200
1986-06-25,6.819444179534912,7.027778148651123,6.819444179534912,6.9583330154418945,3.3795876502990723,4139100
1986-06-26,6.986111164093018,7.055555820465088,6.972221851348877,6.972221851348877,3.3863322734832764,2478600
1986-06-27,7.0,7.027778148651123,6.986111164093018,7.013888835906982,3.406569004058838,1310400
1986-06-30,7.027778148651123,7.097221851348877,7.0,7.0416669845581055,3.420060634613037,1323900
1986-07-01,7.055555820465088,7.111111164093018,7.0416669845581055,7.0833330154418945,3.440296173095703,1411200
1986-07-02,7.097221851348877,7.097221851348877,7.069444179534912,7.097221851348877,3.4470417499542236,1663200
1986-07-03,7.111111164093018,7.138888835906982,7.0833330154418945,7.111111164093018,3.4537882804870605,2634300
1986-07-07,7.125,7.125,7.0,7.013888835906982,3.406569004058838,1943100
1986-07-08,6.902778148651123,6.944444179534912,6.861111164093018,6.888888835906982,3.3458573818206787,3012300
1986-07-09,6.9166669845581055,6.944444179534912,6.875,6.888888835906982,3.3458573818206787,2119500
1986-07-10,6.902778148651123,6.972221851348877,6.847221851348877,6.888888835906982,3.3458573818206787,2565900
1986-07-11,6.9166669845581055,7.0,6.902778148651123,6.930555820465088,3.3660941123962402,1270800
1986-07-14,6.972221851348877,6.986111164093018,6.9166669845581055,6.944444179534912,3.3728411197662354,1294200
1986-07-15,6.9166669845581055,6.986111164093018,6.888888835906982,6.902778148651123,3.352602243423462,2257200
1986-07-16,6.888888835906982,6.986111164093018,6.888888835906982,6.972221851348877,3.3863322734832764,2070000
1986-07-17,6.972221851348877,6.986111164093018,6.930555820465088,6.9583330154418945,3.3795876502990723,865800
1986-07-18,6.930555820465088,6.986111164093018,6.888888835906982,6.944444179534912,3.3728411197662354,2118600
1986-07-21,6.9166669845581055,6.930555820465088,6.819444179534912,6.8333330154418945,3.3188748359680176,1308600
1986-07-22,6.8333330154418945,6.888888835906982,6.75,6.861111164093018,3.332366943359375,1601100
1986-07-23,6.861111164093018,6.986111164093018,6.847221851348877,6.9583330154418945,3.3795876502990723,1808100
1986-07-24,6.944444179534912,7.0,6.888888835906982,6.930555820465088,3.3660941123962402,3687300
1986-07-25,6.944444179534912,6.944444179534912,6.888888835906982,6.944444179534912,3.3728411197662354,2697300
1986-07-28,6.972221851348877,7.027778148651123,6.805555820465088,6.8333330154418945,3.3188748359680176,2066400
1986-07-29,6.819444179534912,6.861111164093018,6.805555820465088,6.861111164093018,3.332366943359375,1762200
1986-07-30,6.8333330154418945,6.8333330154418945,6.736111164093018,6.805555820465088,3.3053841590881348,2382300
1986-07-31,6.763888835906982,6.819444179534912,6.75,6.805555820465088,3.3053841590881348,3187800
1986-08-01,6.805555820465088,6.847221851348877,6.736111164093018,6.75,3.2784008979797363,2321100
1986-08-04,6.736111164093018,6.763888835906982,6.680555820465088,6.75,3.2784008979797363,2632500
1986-08-05,6.75,6.75,6.6666669845581055,6.722221851348877,3.264910936355591,3312000
1986-08-06,6.722221851348877,6.763888835906982,6.7083330154418945,6.75,3.2784008979797363,1378800
1986-08-07,6.722221851348877,6.75,6.555555820465088,6.611111164093018,3.2109436988830566,5628600
1986-08-08,6.652778148651123,6.652778148651123,6.472221851348877,6.472221851348877,3.143486261367798,4094100
1986-08-11,6.5,6.611111164093018,6.5,6.611111164093018,3.2109436988830566,1513800
1986-08-12,6.611111164093018,6.611111164093018,6.527778148651123,6.555555820465088,3.183959484100342,7080300
1986-08-13,6.555555820465088,6.6666669845581055,6.527778148651123,6.625,3.217690944671631,4837500
1986-08-14,6.638888835906982,6.763888835906982,6.625,6.75,3.2784008979797363,2816100
1986-08-15,6.777778148651123,6.819444179534912,6.694444179534912,6.722221851348877,3.264910936355591,2635200
1986-08-18,6.722221851348877,6.722221851348877,6.569444179534912,6.652778148651123,3.2311794757843018,2962800
1986-08-19,6.625,6.638888835906982,6.527778148651123,6.555555820465088,3.183959484100342,4698000
1986-08-20,6.555555820465088,6.597221851348877,6.5,6.5833330154418945,3.197453260421753,4675500
1986-08-21,6.611111164093018,6.6666669845581055,6.569444179534912,6.597221851348877,3.2041983604431152,3082500
1986-08-22,6.5833330154418945,6.611111164093018,6.527778148651123,6.569444179534912,3.1907060146331787,4126500
1986-08-25,6.569444179534912,6.5833330154418945,6.5,6.5,3.1569793224334717,3961800
1986-08-26,6.5,6.597221851348877,6.486111164093018,6.597221851348877,3.2041983604431152,5211000
1986-08-27,6.5833330154418945,6.763888835906982,6.555555820465088,6.763888835906982,3.285146713256836,4427100
1986-08-28,6.7916669845581055,6.875,6.75,6.847221851348877,3.3256187438964844,2123100
1986-08-29,6.875,7.013888835906982,6.861111164093018,6.972221851348877,3.3863322734832764,4702500
1986-09-02,6.944444179534912,6.972221851348877,6.861111164093018,6.861111164093018,3.332366943359375,2339100
1986-09-03,6.861111164093018,6.875,6.736111164093018,6.8333330154418945,3.3188748359680176,2441700
1986-09-04,6.819444179534912,6.861111164093018,6.75,6.861111164093018,3.332366943359375,2144700
1986-09-05,6.8333330154418945,6.861111164093018,6.75,6.7916669845581055,3.2986395359039307,3323700
1986-09-08,6.625,6.7083330154418945,6.611111164093018,6.625,3.252274513244629,3943800
1986-09-09,6.6666669845581055,6.7083330154418945,6.555555820465088,6.569444179534912,3.2250008583068848,2269800
1986-09-10,6.5833330154418945,6.597221851348877,6.5,6.527778148651123,3.204547643661499,2286900
1986-09-11,6.527778148651123,6.527778148651123,6.25,6.430555820465088,3.156820058822632,3585600
1986-09-12,6.444444179534912,6.444444179534912,6.25,6.277778148651123,3.081819772720337,3898800
1986-09-15,6.305555820465088,6.3333330154418945,6.1666669845581055,6.222221851348877,3.0545461177825928,3064500
1986-09-16,6.152778148651123,6.152778148651123,6.069444179534912,6.138888835906982,3.013636350631714,4482000
1986-09-17,6.194444179534912,6.2083330154418945,6.0833330154418945,6.0833330154418945,2.9863641262054443,2264400
1986-09-18,6.0833330154418945,6.194444179534912,6.0833330154418945,6.194444179534912,3.0409095287323,2329200
1986-09-19,6.194444179534912,6.194444179534912,6.055555820465088,6.097221851348877,2.9931821823120117,2290500
1986-09-22,6.111111164093018,6.1666669845581055,6.111111164093018,6.138888835906982,3.013636350631714,1662300
1986-09-23,6.152778148651123,6.2083330154418945,6.111111164093018,6.138888835906982,3.013636350631714,3826800
1986-09-24,6.138888835906982,6.180555820465088,6.125,6.152778148651123,3.0204572677612305,2484000
1986-09-25,6.152778148651123,6.180555820465088,6.055555820465088,6.069444179534912,2.979546546936035,4131000
1986-09-26,6.055555820465088,6.069444179534912,6.013888835906982,6.055555820465088,2.972728729248047,1228500
1986-09-29,6.055555820465088,6.055555820465088,5.9583330154418945,6.0,2.945455551147461,1811700
1986-09-30,6.013888835906982,6.0833330154418945,6.0,6.013888835906982,2.9522743225097656,2157300
1986-10-01,6.013888835906982,6.1666669845581055,6.013888835906982,6.1666669845581055,3.027273654937744,2573100
1986-10-02,6.1666669845581055,6.277778148651123,6.152778148651123,6.2083330154418945,3.0477278232574463,1129500
1986-10-03,6.236111164093018,6.25,6.180555820465088,6.194444179534912,3.0409095287323,1265400
1986-10-06,6.180555820465088,6.305555820465088,6.180555820465088,6.263888835906982,3.0750014781951904,1161000
1986-10-07,6.25,6.277778148651123,6.236111164093018,6.263888835906982,3.0750014781951904,1731600
1986-10-08,6.25,6.361111164093018,6.236111164093018,6.3333330154418945,3.1090941429138184,2505600
1986-10-09,6.3333330154418945,6.3333330154418945,6.194444179534912,6.222221851348877,3.0545461177825928,1433700
1986-10-10,6.222221851348877,6.25,6.125,6.125,3.006819486618042,525600
1986-10-13,6.152778148651123,6.1666669845581055,6.111111164093018,6.152778148651123,3.0204572677612305,724500
1986-10-14,6.138888835906982,6.2083330154418945,6.125,6.138888835906982,3.013636350631714,553500
1986-10-15,6.180555820465088,6.25,6.138888835906982,6.2083330154418945,3.0477278232574463,5931900
1986-10-16,6.180555820465088,6.180555820465088,6.138888835906982,6.1666669845581055,3.027273654937744,2442600
1986-10-17,6.138888835906982,6.138888835906982,6.069444179534912,6.097221851348877,2.9931821823120117,2695500
1986-10-20,6.097221851348877,6.097221851348877,6.027778148651123,6.097221851348877,2.9931821823120117,835200
1986-10-21,6.0833330154418945,6.097221851348877,6.027778148651123,6.0416669845581055,2.965909481048584,1311300
1986-10-22,6.0416669845581055,6.055555820465088,6.013888835906982,6.0416669845581055,2.965909481048584,1486800
1986-10-23,6.055555820465088,6.097221851348877,6.0416669845581055,6.069444179534912,2.979546546936035,1598400
1986-10-24,6.069444179534912,6.069444179534912,6.013888835906982,6.027778148651123,2.959091901779175,1149300
1986-10-27,6.013888835906982,6.027778148651123,6.0,6.013888835906982,2.9522743225097656,1257300
1986-10-28,6.0416669845581055,6.055555820465088,6.0,6.013888835906982,2.9522743225097656,1301400
1986-10-29,6.0,6.0416669845581055,5.972221851348877,6.027778148651123,2.959091901779175,1835100
1986-10-30,6.111111164093018,6.138888835906982,6.069444179534912,6.138888835906982,3.013636350631714,3067200
1986-10-31,6.138888835906982,6.180555820465088,6.027778148651123,6.069444179534912,2.979546546936035,5695200
1986-11-03,6.055555820465088,6.069444179534912,5.972221851348877,5.972221851348877,2.9318196773529053,3595500
1986-11-04,6.027778148651123,6.027778148651123,5.986111164093018,6.013888835906982,2.9522743225097656,2933100
1986-11-05,6.0,6.069444179534912,5.944444179534912,6.027778148651123,2.959091901779175,3131100
1986-11-06,6.055555820465088,6.055555820465088,5.944444179534912,5.972221851348877,2.9318196773529053,2329200
1986-11-07,5.972221851348877,6.027778148651123,5.9583330154418945,5.986111164093018,2.9386379718780518,1602900
1986-11-10,5.986111164093018,6.0,5.9583330154418945,5.9583330154418945,2.925001382827759,1448100
1986-11-11,5.9583330154418945,6.097221851348877,5.9583330154418945,6.069444179534912,2.979546546936035,2561400
1986-11-12,6.069444179534912,6.069444179534912,5.986111164093018,6.013888835906982,2.9522743225097656,1550700
1986-11-13,6.0,6.013888835906982,5.9166669845581055,5.944444179534912,2.918182373046875,3103200
1986-11-14,5.944444179534912,5.9583330154418945,5.861111164093018,5.888888835906982,2.8909080028533936,3744900
1986-11-17,5.8333330154418945,5.902778148651123,5.7916669845581055,5.819444179534912,2.8568191528320312,3145500
1986-11-18,5.7916669845581055,5.847221851348877,5.722221851348877,5.75,2.822728395462036,4650300
1986-11-19,5.736111164093018,5.75,5.680555820465088,5.7083330154418945,2.8022730350494385,3521700
1986-11-20,5.75,5.944444179534912,5.75,5.944444179534912,2.918182373046875,3951000
1986-11-21,5.888888835906982,5.986111164093018,5.875,5.972221851348877,2.9318196773529053,2255400
1986-11-24,5.972221851348877,6.1666669845581055,5.9583330154418945,6.097221851348877,2.9931821823120117,4516200
1986-11-25,6.0416669845581055,6.069444179534912,6.0,6.0416669845581055,2.965909481048584,3064500
1986-11-26,6.069444179534912,6.097221851348877,6.0416669845581055,6.069444179534912,2.979546546936035,1028700
1986-11-28,6.069444179534912,6.0833330154418945,6.027778148651123,6.0833330154418945,2.9863641262054443,553500
1986-12-01,6.055555820465088,6.111111164093018,5.986111164093018,6.0833330154418945,2.9863641262054443,2024100
1986-12-02,6.111111164093018,6.3333330154418945,6.111111164093018,6.3333330154418945,3.1090941429138184,3551400
1986-12-03,6.347221851348877,6.430555820465088,6.319444179534912,6.375,3.129547357559204,1725300
1986-12-04,6.375,6.402778148651123,6.347221851348877,6.361111164093018,3.1227283477783203,2171700
1986-12-05,6.361111164093018,6.402778148651123,6.3333330154418945,6.361111164093018,3.1227283477783203,1791900
1986-12-08,6.305555820465088,6.375,6.277778148651123,6.305555820465088,3.131004571914673,5058900
1986-12-09,6.3333330154418945,6.388888835906982,6.305555820465088,6.361111164093018,3.158590793609619,1537200
1986-12-10,6.3333330154418945,6.402778148651123,6.319444179534912,6.388888835906982,3.172382116317749,1541700
1986-12-11,6.388888835906982,6.388888835906982,6.25,6.277778148651123,3.1172101497650146,1923300
1986-12-12,6.2916669845581055,6.347221851348877,6.277778148651123,6.2916669845581055,3.124108076095581,972900
1986-12-15,6.277778148651123,6.305555820465088,6.25,6.277778148651123,3.1172101497650146,2311200
1986-12-16,6.277778148651123,6.277778148651123,6.180555820465088,6.263888835906982,3.1103157997131348,1099800
1986-12-17,6.263888835906982,6.263888835906982,6.055555820465088,6.0833330154418945,3.020659923553467,2880900
1986-12-18,6.069444179534912,6.1666669845581055,6.027778148651123,6.0833330154418945,3.020659923553467,2525400
1986-12-19,6.111111164093018,6.2083330154418945,6.055555820465088,6.2083330154418945,3.082728624343872,3071700
1986-12-22,6.1666669845581055,6.2083330154418945,6.0,6.2083330154418945,3.082728624343872,998100
1986-12-23,6.180555820465088,6.180555820465088,6.0833330154418945,6.111111164093018,3.034454107284546,2000700
1986-12-24,6.111111164093018,6.152778148651123,6.111111164093018,6.125,3.041348934173584,961200
1986-12-26,6.138888835906982,6.138888835906982,6.055555820465088,6.125,3.041348934173584,567000
1986-12-29,6.138888835906982,6.152778148651123,6.0833330154418945,6.125,3.041348934173584,558900
1986-12-30,6.111111164093018,6.152778148651123,6.069444179534912,6.111111164093018,3.034454107284546,811800
1986-12-31,6.125,6.152778148651123,6.0833330154418945,6.111111164093018,3.034454107284546,1008000
1987-01-02,6.111111164093018,6.236111164093018,6.111111164093018,6.236111164093018,3.0965218544006348,634500
1987-01-05,6.263888835906982,6.486111164093018,6.25,6.472221851348877,3.2137603759765625,1544400
1987-01-06,6.472221851348877,6.5,6.430555820465088,6.430555820465088,3.1930718421936035,2068200
1987-01-07,6.444444179534912,6.444444179534912,6.3333330154418945,6.361111164093018,3.158590793609619,1460700
1987-01-08,6.375,6.5833330154418945,6.361111164093018,6.5833330154418945,3.2689340114593506,2699100
1987-01-09,6.5833330154418945,6.6666669845581055,6.25,6.652778148651123,3.303415536880493,3044700
1987-01-12,6.652778148651123,6.763888835906982,6.638888835906982,6.763888835906982,3.3585870265960693,4846500
1987-01-13,6.75,6.75,6.694444179534912,6.75,3.3516898155212402,2212200
1987-01-14,6.763888835906982,6.805555820465088,6.722221851348877,6.736111164093018,3.344794750213623,3548700
1987-01-15,6.75,6.75,6.694444179534912,6.722221851348877,3.337899923324585,3363300
1987-01-16,6.722221851348877,6.722221851348877,6.638888835906982,6.680555820465088,3.317208766937256,3352500
1987-01-19,6.652778148651123,6.680555820465088,6.611111164093018,6.6666669845581055,3.3103132247924805,1885500
1987-01-20,6.6666669845581055,6.7083330154418945,6.625,6.652778148651123,3.303415536880493,3025800
1987-01-21,6.625,6.694444179534912,6.611111164093018,6.652778148651123,3.303415536880493,1986300
1987-01-22,6.652778148651123,6.75,6.652778148651123,6.722221851348877,3.337899923324585,1524600
1987-01-23,6.75,6.805555820465088,6.555555820465088,6.555555820465088,3.255139112472534,3760200
1987-01-26,6.555555820465088,6.625,6.5,6.611111164093018,3.282726526260376,1600200
1987-01-27,6.694444179534912,6.75,6.638888835906982,6.694444179534912,3.324106216430664,1795500
1987-01-28,6.722221851348877,6.736111164093018,6.694444179534912,6.722221851348877,3.337899923324585,3177900
1987-01-29,6.75,6.75,6.625,6.638888835906982,3.2965192794799805,3082500
1987-01-30,6.611111164093018,6.611111164093018,6.527778148651123,6.5833330154418945,3.2689340114593506,1455300
1987-02-02,6.597221851348877,6.597221851348877,6.222221851348877,6.472221851348877,3.2137603759765625,14040000
1987-02-03,6.5,6.5416669845581055,6.402778148651123,6.5,3.2275547981262207,4355100
1987-02-04,6.513888835906982,6.6666669845581055,6.513888835906982,6.6666669845581055,3.3103132247924805,2642400
1987-02-05,6.6666669845581055,6.7916669845581055,6.652778148651123,6.777778148651123,3.365485429763794,3873600
1987-02-06,6.763888835906982,6.930555820465088,6.763888835906982,6.8333330154418945,3.3930695056915283,2691000
1987-02-09,6.861111164093018,6.930555820465088,6.777778148651123,6.777778148651123,3.365485429763794,1152900
1987-02-10,6.8333330154418945,6.8333330154418945,6.625,6.638888835906982,3.2965192794799805,1726200
1987-02-11,6.652778148651123,6.6666669845581055,6.569444179534912,6.625,3.2896242141723633,2712600
1987-02-12,6.652778148651123,6.75,6.625,6.736111164093018,3.344794750213623,2010600
1987-02-13,6.777778148651123,6.888888835906982,6.7083330154418945,6.847221851348877,3.399966239929199,2274300
1987-02-17,6.8333330154418945,7.125,6.8333330154418945,7.097221851348877,3.524101734161377,3266100
1987-02-18,7.111111164093018,7.194444179534912,7.097221851348877,7.152778148651123,3.5516908168792725,3117600
1987-02-19,7.277778148651123,7.305555820465088,7.222221851348877,7.277778148651123,3.6137568950653076,3110400
1987-02-20,7.277778148651123,7.2916669845581055,7.111111164093018,7.2916669845581055,3.620652914047241,2227500
1987-02-23,7.2916669845581055,7.305555820465088,7.1666669845581055,7.222221851348877,3.5861728191375732,3140100
1987-02-24,7.25,7.347221851348877,7.25,7.319444179534912,3.634446144104004,2773800
1987-02-25,7.361111164093018,7.4583330154418945,7.361111164093018,7.402778148651123,3.6758265495300293,3051000
1987-02-26,7.430555820465088,7.430555820465088,7.277778148651123,7.305555820465088,3.6275532245635986,1450800
1987-02-27,7.305555820465088,7.361111164093018,7.277778148651123,7.319444179534912,3.634446144104004,876600
1987-03-02,7.3333330154418945,7.361111164093018,7.263888835906982,7.305555820465088,3.6275532245635986,1636200
1987-03-03,7.305555820465088,7.361111164093018,7.2916669845581055,7.347221851348877,3.648240089416504,2717100
1987-03-04,7.347221851348877,7.388888835906982,7.3333330154418945,7.375,3.6620330810546875,2890800
1987-03-05,7.375,7.402778148651123,7.361111164093018,7.388888835906982,3.6689302921295166,2122200
1987-03-06,7.375,7.375,7.222221851348877,7.263888835906982,3.606860876083374,2233800
1987-03-09,7.222221851348877,7.236111164093018,7.125,7.222221851348877,3.624988317489624,6741000
1987-03-10,7.222221851348877,7.347221851348877,7.2083330154418945,7.2916669845581055,3.659841775894165,2835000
1987-03-11,7.305555820465088,7.3333330154418945,7.236111164093018,7.236111164093018,3.631960153579712,1917900
1987-03-12,7.277778148651123,7.277778148651123,7.180555820465088,7.194444179534912,3.611046075820923,1636200
1987-03-13,7.222221851348877,7.222221851348877,7.111111164093018,7.180555820465088,3.604072093963623,1294200
1987-03-16,7.2083330154418945,7.2083330154418945,7.069444179534912,7.125,3.5761899948120117,1552500
1987-03-17,7.152778148651123,7.194444179534912,7.138888835906982,7.194444179534912,3.611046075820923,2277900
1987-03-18,7.222221851348877,7.222221851348877,7.111111164093018,7.152778148651123,3.590132236480713,1533600
1987-03-19,7.138888835906982,7.138888835906982,7.0833330154418945,7.111111164093018,3.5692172050476074,991800
1987-03-20,7.222221851348877,7.2916669845581055,7.194444179534912,7.2916669845581055,3.659841775894165,5094000
1987-03-23,7.263888835906982,7.375,7.194444179534912,7.361111164093018,3.6946966648101807,3877200
1987-03-24,7.361111164093018,7.375,7.3333330154418945,7.361111164093018,3.6946966648101807,2567700
1987-03-25,7.361111164093018,7.361111164093018,7.3333330154418945,7.361111164093018,3.6946966648101807,4808700
1987-03-26,7.347221851348877,7.361111164093018,7.138888835906982,7.222221851348877,3.624988317489624,1911600
1987-03-27,7.236111164093018,7.25,7.055555820465088,7.069444179534912,3.548305034637451,2746800
1987-03-30,7.0,7.013888835906982,6.944444179534912,6.986111164093018,3.506476402282715,2871000
1987-03-31,7.027778148651123,7.027778148651123,6.875,6.888888835906982,3.4576802253723145,3581100
1987-04-01,6.75,6.888888835906982,6.722221851348877,6.8333330154418945,3.4297945499420166,2569500
1987-04-02,6.888888835906982,6.944444179534912,6.763888835906982,6.847221851348877,3.4367661476135254,1236600
1987-04-03,6.875,7.0,6.8333330154418945,7.0,3.5134499073028564,1096200
1987-04-06,7.027778148651123,7.111111164093018,7.0,7.111111164093018,3.5692172050476074,2103300
1987-04-07,7.055555820465088,7.1666669845581055,7.0,7.0,3.5134499073028564,1260000
1987-04-08,7.0,7.013888835906982,6.930555820465088,6.9583330154418945,3.492536783218384,982800
1987-04-09,6.986111164093018,6.986111164093018,6.8333330154418945,6.9166669845581055,3.471623182296753,1252800
1987-04-10,6.888888835906982,6.972221851348877,6.888888835906982,6.930555820465088,3.4785938262939453,1421100
1987-04-13,6.888888835906982,6.888888835906982,6.763888835906982,6.777778148651123,3.401911497116089,2750400
1987-04-14,6.75,6.75,6.555555820465088,6.638888835906982,3.3321995735168457,3594600
1987-04-15,6.694444179534912,6.722221851348877,6.597221851348877,6.638888835906982,3.3321995735168457,2503800
1987-04-16,6.652778148651123,6.694444179534912,6.638888835906982,6.638888835906982,3.3321995735168457,2700900
1987-04-20,6.694444179534912,6.736111164093018,6.527778148651123,6.597221851348877,3.3112857341766357,2059200
1987-04-21,6.555555820465088,6.694444179534912,6.527778148651123,6.6666669845581055,3.346142292022705,3096000
1987-04-22,6.6666669845581055,6.6666669845581055,6.513888835906982,6.513888835906982,3.2694578170776367,1476900
1987-04-23,6.569444179534912,6.5833330154418945,6.486111164093018,6.555555820465088,3.2903709411621094,2424600
1987-04-24,6.555555820465088,6.569444179534912,6.513888835906982,6.513888835906982,3.2694578170776367,1812600
1987-04-27,6.5,6.638888835906982,6.472221851348877,6.569444179534912,3.2973430156707764,1398600
1987-04-28,6.597221851348877,6.6666669845581055,6.569444179534912,6.638888835906982,3.3321995735168457,1509300
1987-04-29,6.652778148651123,6.6666669845581055,6.597221851348877,6.611111164093018,3.3182570934295654,2369700
1987-04-30,6.625,6.680555820465088,6.555555820465088,6.652778148651123,3.339170455932617,2214900
1987-05-01,6.638888835906982,6.680555820465088,6.625,6.652778148651123,3.339170455932617,786600
1987-05-04,6.625,6.7083330154418945,6.625,6.7083330154418945,3.3670549392700195,2021400
1987-05-05,6.694444179534912,6.805555820465088,6.694444179534912,6.763888835906982,3.394937038421631,3411900
1987-05-06,6.763888835906982,6.7916669845581055,6.722221851348877,6.75,3.3879659175872803,2043000
1987-05-07,6.777778148651123,6.805555820465088,6.694444179534912,6.736111164093018,3.380997657775879,2335500
1987-05-08,6.7083330154418945,6.722221851348877,6.6666669845581055,6.6666669845581055,3.346142292022705,3875400
1987-05-11,6.6666669845581055,6.763888835906982,6.6666669845581055,6.680555820465088,3.3531126976013184,1871100
1987-05-12,6.6666669845581055,6.805555820465088,6.638888835906982,6.7916669845581055,3.4088804721832275,1387800
1987-05-13,6.777778148651123,6.805555820465088,6.652778148651123,6.7083330154418945,3.3670549392700195,1758600
1987-05-14,6.694444179534912,6.722221851348877,6.680555820465088,6.7083330154418945,3.3670549392700195,640800
1987-05-15,6.694444179534912,6.694444179534912,6.555555820465088,6.555555820465088,3.2903709411621094,1296000
1987-05-18,6.555555820465088,6.569444179534912,6.5,6.555555820465088,3.2903709411621094,2034900
1987-05-19,6.527778148651123,6.5416669845581055,6.472221851348877,6.472221851348877,3.2485454082489014,1215000
1987-05-20,6.444444179534912,6.527778148651123,6.361111164093018,6.361111164093018,3.192776918411255,3860100
1987-05-21,6.444444179534912,6.472221851348877,6.361111164093018,6.375,3.1997487545013428,3412800
1987-05-22,6.388888835906982,6.4583330154418945,6.388888835906982,6.444444179534912,3.2346019744873047,753300
1987-05-26,6.625,6.638888835906982,6.513888835906982,6.625,3.3252289295196533,1314000
1987-05-27,6.625,6.694444179534912,6.611111164093018,6.652778148651123,3.339170455932617,2718000
1987-05-28,6.652778148651123,6.6666669845581055,6.611111164093018,6.611111164093018,3.3182570934295654,1176300
1987-05-29,6.652778148651123,6.652778148651123,6.5833330154418945,6.5833330154418945,3.3043150901794434,932400
1987-06-01,6.638888835906982,6.694444179534912,6.5833330154418945,6.611111164093018,3.3182570934295654,936000
1987-06-02,6.625,6.652778148651123,6.5833330154418945,6.5833330154418945,3.3043150901794434,3148200
1987-06-03,6.5833330154418945,6.680555820465088,6.5833330154418945,6.652778148651123,3.339170455932617,2149200
1987-06-04,6.625,6.6666669845581055,6.611111164093018,6.6666669845581055,3.346142292022705,1715400
1987-06-05,6.652778148651123,6.7083330154418945,6.652778148651123,6.694444179534912,3.3600847721099854,2396700
1987-06-08,6.680555820465088,6.7083330154418945,6.611111164093018,6.680555820465088,3.3925282955169678,4805100
1987-06-09,6.680555820465088,6.75,6.6666669845581055,6.7083330154418945,3.40663480758667,2367000
1987-06-10,6.736111164093018,6.888888835906982,6.736111164093018,6.805555820465088,3.456005334854126,5695200
1987-06-11,6.861111164093018,6.888888835906982,6.847221851348877,6.888888835906982,3.4983246326446533,1696500
1987-06-12,6.972221851348877,7.0,6.944444179534912,6.9583330154418945,3.5335910320281982,5666400
1987-06-15,6.986111164093018,7.0416669845581055,6.986111164093018,7.013888835906982,3.5618021488189697,3624300
1987-06-16,7.013888835906982,7.027778148651123,6.972221851348877,6.986111164093018,3.5476949214935303,3245400
1987-06-17,7.013888835906982,7.027778148651123,6.9583330154418945,7.0,3.5547502040863037,2077200
1987-06-18,7.0,7.0416669845581055,6.986111164093018,7.0416669845581055,3.575909376144409,839700
1987-06-19,7.0416669845581055,7.069444179534912,6.9166669845581055,6.986111164093018,3.5476949214935303,4968000
1987-06-22,7.013888835906982,7.097221851348877,7.0,7.0833330154418945,3.5970656871795654,1982700
1987-06-23,7.069444179534912,7.0833330154418945,6.986111164093018,7.013888835906982,3.5618021488189697,2004300
1987-06-24,7.0,7.027778148651123,7.0,7.013888835906982,3.5618021488189697,1275300
1987-06-25,7.027778148651123,7.138888835906982,7.027778148651123,7.111111164093018,3.611172676086426,2242800
1987-06-26,7.0833330154418945,7.138888835906982,7.069444179534912,7.125,3.6182281970977783,1493100
1987-06-29,7.055555820465088,7.097221851348877,7.055555820465088,7.0833330154418945,3.5970656871795654,2153700
1987-06-30,7.069444179534912,7.069444179534912,7.013888835906982,7.0416669845581055,3.575909376144409,1549800
1987-07-01,7.027778148651123,7.069444179534912,7.013888835906982,7.055555820465088,3.5829598903656006,1285200
1987-07-02,7.055555820465088,7.069444179534912,7.013888835906982,7.013888835906982,3.5618021488189697,1173600
1987-07-06,7.013888835906982,7.055555820465088,7.0,7.0,3.5547502040863037,1746000
1987-07-07,7.013888835906982,7.069444179534912,7.0,7.0416669845581055,3.575909376144409,1475100
1987-07-08,7.055555820465088,7.1666669845581055,7.0416669845581055,7.152778148651123,3.632333993911743,2904300
1987-07-09,7.1666669845581055,7.305555820465088,7.125,7.194444179534912,3.6534934043884277,4327200
1987-07-10,7.194444179534912,7.263888835906982,7.138888835906982,7.25,3.681704044342041,1557000
1987-07-13,7.222221851348877,7.222221851348877,7.138888835906982,7.180555820465088,3.646437644958496,2052000
1987-07-14,7.180555820465088,7.236111164093018,7.1666669845581055,7.2083330154418945,3.6605453491210938,1894500
1987-07-15,7.194444179534912,7.236111164093018,7.1666669845581055,7.180555820465088,3.646437644958496,3448800
1987-07-16,7.1666669845581055,7.194444179534912,7.138888835906982,7.1666669845581055,3.6393861770629883,3130200
1987-07-17,7.180555820465088,7.236111164093018,7.180555820465088,7.236111164093018,3.6746530532836914,3570300
1987-07-20,7.222221851348877,7.236111164093018,7.180555820465088,7.180555820465088,3.646437644958496,1857600
1987-07-21,7.1666669845581055,7.236111164093018,7.152778148651123,7.152778148651123,3.632333993911743,1638900
1987-07-22,7.125,7.152778148651123,7.0833330154418945,7.111111164093018,3.611172676086426,1191600
1987-07-23,7.097221851348877,7.097221851348877,7.055555820465088,7.0833330154418945,3.5970656871795654,2339100
1987-07-24,7.0833330154418945,7.125,7.055555820465088,7.125,3.6182281970977783,1323000
1987-07-27,7.097221851348877,7.138888835906982,7.0416669845581055,7.055555820465088,3.5829598903656006,1028700
1987-07-28,7.0416669845581055,7.055555820465088,7.0,7.0,3.5547502040863037,1766700
1987-07-29,6.972221851348877,7.0,6.888888835906982,7.0,3.5547502040863037,1707300
1987-07-30,7.0,7.0,6.888888835906982,6.944444179534912,3.5265355110168457,1878300
1987-07-31,6.930555820465088,6.9583330154418945,6.888888835906982,6.944444179534912,3.5265355110168457,1121400
1987-08-03,6.861111164093018,7.055555820465088,6.7083330154418945,6.9583330154418945,3.5335910320281982,1660500
1987-08-04,6.944444179534912,7.0416669845581055,6.902778148651123,7.0,3.5547502040863037,2198700
1987-08-05,6.972221851348877,7.180555820465088,6.972221851348877,7.097221851348877,3.604118824005127,4384800
1987-08-06,7.0833330154418945,7.3333330154418945,7.0833330154418945,7.305555820465088,3.7099170684814453,2599200
1987-08-07,7.2916669845581055,7.347221851348877,7.222221851348877,7.25,3.681704044342041,3249900
1987-08-10,7.25,7.4166669845581055,7.138888835906982,7.361111164093018,3.7381279468536377,2511900
1987-08-11,7.388888835906982,7.5,7.347221851348877,7.5,3.8086585998535156,3313800
1987-08-12,7.4583330154418945,7.625,7.4583330154418945,7.5833330154418945,3.850978136062622,2568600
1987-08-13,7.5833330154418945,7.722221851348877,7.5833330154418945,7.638888835906982,3.87919020652771,1989000
1987-08-14,7.611111164093018,7.625,7.472221851348877,7.513888835906982,3.815711498260498,2457000
1987-08-17,7.513888835906982,7.5416669845581055,7.430555820465088,7.4583330154418945,3.7874999046325684,1629900
1987-08-18,7.430555820465088,7.444444179534912,7.347221851348877,7.4166669845581055,3.7663400173187256,2896200
1987-08-19,7.4166669845581055,7.513888835906982,7.375,7.513888835906982,3.815711498260498,1015200
1987-08-20,7.527778148651123,7.722221851348877,7.527778148651123,7.680555820465088,3.9003493785858154,1674000
1987-08-21,7.611111164093018,7.680555820465088,7.597221851348877,7.680555820465088,3.9003493785858154,1471500
1987-08-24,7.7083330154418945,7.722221851348877,7.597221851348877,7.638888835906982,3.87919020652771,1117800
1987-08-25,7.652778148651123,7.652778148651123,7.5833330154418945,7.611111164093018,3.8650827407836914,1179900
1987-08-26,7.5833330154418945,7.611111164093018,7.569444179534912,7.569444179534912,3.843923807144165,963900
1987-08-27,7.569444179534912,7.597221851348877,7.472221851348877,7.486111164093018,3.8016068935394287,1409400
1987-08-28,7.486111164093018,7.486111164093018,7.236111164093018,7.236111164093018,3.6746530532836914,2582100
1987-08-31,7.222221851348877,7.305555820465088,7.222221851348877,7.305555820465088,3.7099170684814453,1932300
1987-09-01,7.3333330154418945,7.361111164093018,7.0833330154418945,7.111111164093018,3.611172676086426,3030300
1987-09-02,7.069444179534912,7.138888835906982,7.027778148651123,7.0416669845581055,3.575909376144409,3593700
1987-09-03,7.055555820465088,7.097221851348877,6.972221851348877,7.0833330154418945,3.5970656871795654,3232800
1987-09-04,7.055555820465088,7.1666669845581055,7.055555820465088,7.055555820465088,3.622739791870117,1755900
1987-09-08,7.055555820465088,7.111111164093018,7.013888835906982,7.0416669845581055,3.6156082153320312,1462500
1987-09-09,7.0416669845581055,7.055555820465088,6.9583330154418945,6.972221851348877,3.579951524734497,1720800
1987-09-10,7.027778148651123,7.0416669845581055,6.9583330154418945,7.0,3.5942156314849854,1231200
1987-09-11,6.972221851348877,7.1666669845581055,6.9583330154418945,7.138888835906982,3.66552996635437,1903500
1987-09-14,7.1666669845581055,7.236111164093018,7.1666669845581055,7.222221851348877,3.7083165645599365,1505700
1987-09-15,7.180555820465088,7.180555820465088,7.013888835906982,7.0416669845581055,3.6156082153320312,819900
1987-09-16,7.069444179534912,7.069444179534912,6.9166669845581055,6.9166669845581055,3.5514276027679443,1361700
1987-09-17,6.9583330154418945,6.986111164093018,6.9166669845581055,6.986111164093018,3.587083339691162,1731600
1987-09-18,7.027778148651123,7.055555820465088,7.0,7.0,3.5942156314849854,3113100
1987-09-21,7.055555820465088,7.0833330154418945,7.0,7.027778148651123,3.6084768772125244,2755800
1987-09-22,7.027778148651123,7.1666669845581055,7.013888835906982,7.138888835906982,3.66552996635437,1134000
1987-09-23,7.111111164093018,7.111111164093018,7.055555820465088,7.097221851348877,3.644134521484375,1843200
1987-09-24,7.069444179534912,7.1666669845581055,7.069444179534912,7.111111164093018,3.6512668132781982,822600
1987-09-25,7.1666669845581055,7.1666669845581055,7.027778148651123,7.069444179534912,3.629871129989624,1781100
1987-09-28,7.1666669845581055,7.194444179534912,7.125,7.138888835906982,3.66552996635437,1228500
1987-09-29,7.222221851348877,7.236111164093018,7.180555820465088,7.222221851348877,3.7083165645599365,980100
1987-09-30,7.194444179534912,7.277778148651123,7.152778148651123,7.236111164093018,3.715449810028076,4349700
1987-10-01,7.277778148651123,7.4166669845581055,7.277778148651123,7.402778148651123,3.801025629043579,4868100
1987-10-02,7.375,7.430555820465088,7.347221851348877,7.388888835906982,3.7938947677612305,1251900
1987-10-05,7.388888835906982,7.527778148651123,7.388888835906982,7.486111164093018,3.8438127040863037,2168100
1987-10-06,7.513888835906982,7.513888835906982,7.361111164093018,7.388888835906982,3.7938947677612305,3699900
1987-10-07,7.3333330154418945,7.4166669845581055,7.305555820465088,7.347221851348877,3.772498846054077,1310400
1987-10-08,7.347221851348877,7.402778148651123,7.347221851348877,7.361111164093018,3.779630184173584,1513800
1987-10-09,7.361111164093018,7.4166669845581055,7.347221851348877,7.347221851348877,3.772498846054077,927900
1987-10-12,7.361111164093018,7.361111164093018,7.305555820465088,7.3333330154418945,3.7653684616088867,865800
1987-10-13,7.388888835906982,7.472221851348877,7.361111164093018,7.472221851348877,3.8366825580596924,1534500
1987-10-14,7.4166669845581055,7.4583330154418945,7.388888835906982,7.4166669845581055,3.8081576824188232,1617300
1987-10-15,7.402778148651123,7.4166669845581055,7.263888835906982,7.277778148651123,3.736842155456543,2189700
1987-10-16,7.263888835906982,7.277778148651123,7.069444179534912,7.111111164093018,3.6512668132781982,5693400
1987-10-19,7.027778148651123,7.055555820465088,5.777778148651123,5.777778148651123,2.966654062271118,9418500
1987-10-20,5.555555820465088,5.888888835906982,5.305555820465088,5.722221851348877,2.938126564025879,7470900
1987-10-21,5.694444179534912,6.277778148651123,5.694444179534912,6.222221851348877,3.194857120513916,1552500
1987-10-22,5.888888835906982,6.25,5.888888835906982,6.152778148651123,3.1592020988464355,2409300
1987-10-23,6.125,6.444444179534912,6.125,6.444444179534912,3.3089587688446045,1720800
1987-10-26,6.111111164093018,6.138888835906982,6.055555820465088,6.111111164093018,3.137807607650757,1656900
1987-10-27,6.222221851348877,6.3333330154418945,6.194444179534912,6.2083330154418945,3.187725782394409,1729800
1987-10-28,5.944444179534912,6.125,5.9166669845581055,6.0833330154418945,3.123544216156006,2428200
1987-10-29,6.055555820465088,6.0833330154418945,5.9166669845581055,5.9166669845581055,3.0379676818847656,1409400
1987-10-30,6.055555820465088,6.0833330154418945,5.805555820465088,5.888888835906982,3.0237042903900146,3349800
1987-11-02,5.888888835906982,6.069444179534912,5.861111164093018,6.027778148651123,3.0950193405151367,1874700
1987-11-03,5.972221851348877,6.0833330154418945,5.819444179534912,5.9583330154418945,3.0593619346618652,3735000
1987-11-04,5.847221851348877,6.027778148651123,5.8333330154418945,5.986111164093018,3.073624849319458,1623600
1987-11-05,5.9583330154418945,6.0833330154418945,5.902778148651123,6.069444179534912,3.1164121627807617,1467900
1987-11-06,6.0416669845581055,6.111111164093018,6.027778148651123,6.0416669845581055,3.102149724960327,1116900
1987-11-09,6.027778148651123,6.0416669845581055,5.944444179534912,5.986111164093018,3.073624849319458,2921400
1987-11-10,5.9583330154418945,5.9583330154418945,5.902778148651123,5.902778148651123,3.0308351516723633,2204100
1987-11-11,6.0,6.027778148651123,5.861111164093018,5.861111164093018,3.009441375732422,1303200
1987-11-12,5.875,5.972221851348877,5.777778148651123,5.7916669845581055,2.973785400390625,1391400
1987-11-13,5.777778148651123,5.777778148651123,5.6666669845581055,5.722221851348877,2.938126564025879,976500
1987-11-16,5.75,5.7916669845581055,5.611111164093018,5.611111164093018,2.8810770511627197,2374200
1987-11-17,5.555555820465088,5.680555820465088,5.555555820465088,5.680555820465088,2.9167330265045166,2552400
1987-11-18,5.722221851348877,5.736111164093018,5.638888835906982,5.722221851348877,2.938126564025879,2372400
1987-11-19,5.722221851348877,5.763888835906982,5.5833330154418945,5.5833330154418945,2.8668136596679688,1938600
1987-11-20,5.444444179534912,5.611111164093018,5.305555820465088,5.611111164093018,2.8810770511627197,2324700
1987-11-23,5.5833330154418945,5.5833330154418945,5.527778148651123,5.5833330154418945,2.8668136596679688,1116000
1987-11-24,5.5833330154418945,5.638888835906982,5.486111164093018,5.513888835906982,2.8311586380004883,1600200
1987-11-25,5.5,5.5416669845581055,5.361111164093018,5.375,2.7598445415496826,838800
1987-11-27,5.361111164093018,5.4166669845581055,5.3333330154418945,5.375,2.7598445415496826,490500
1987-11-30,5.305555820465088,5.388888835906982,5.2083330154418945,5.319444179534912,2.7313179969787598,2525400
1987-12-01,5.2916669845581055,5.388888835906982,5.222221851348877,5.222221851348877,2.6813976764678955,1323900
1987-12-02,5.222221851348877,5.222221851348877,5.013888835906982,5.069444179534912,2.602954626083374,2418300
1987-12-03,5.0833330154418945,5.097221851348877,4.944444179534912,4.9583330154418945,2.5459020137786865,2072700
1987-12-04,4.930555820465088,4.972221851348877,4.8333330154418945,4.9166669845581055,2.5245091915130615,86825700
1987-12-07,4.8333330154418945,4.8333330154418945,4.680555820465088,4.736111164093018,2.470888137817383,1837800
1987-12-08,4.805555820465088,4.847221851348877,4.777778148651123,4.847221851348877,2.528855800628662,1365300
1987-12-09,4.847221851348877,4.930555820465088,4.805555820465088,4.875,2.5433473587036133,3584700
1987-12-10,4.8333330154418945,4.847221851348877,4.75,4.75,2.4781334400177,3348900
1987-12-11,4.75,4.805555820465088,4.5833330154418945,4.597221851348877,2.3984272480010986,3970800
1987-12-14,4.638888835906982,4.7916669845581055,4.638888835906982,4.777778148651123,2.4926252365112305,2339100
1987-12-15,4.861111164093018,4.944444179534912,4.8333330154418945,4.9166669845581055,2.5650858879089355,3070800
1987-12-16,4.944444179534912,5.138888835906982,4.9166669845581055,5.111111164093018,2.6665291786193848,3910500
1987-12-17,5.0833330154418945,5.1666669845581055,5.027778148651123,5.055555820465088,2.6375463008880615,2325600
1987-12-18,5.055555820465088,5.097221851348877,5.0,5.069444179534912,2.6447913646698,4304700
1987-12-21,5.055555820465088,5.0833330154418945,4.986111164093018,5.0833330154418945,2.65203857421875,1636200
1987-12-22,5.069444179534912,5.0833330154418945,4.972221851348877,5.0,2.6085619926452637,1809900
1987-12-23,5.0,5.0833330154418945,5.0,5.0833330154418945,2.65203857421875,1199700
1987-12-24,5.0833330154418945,5.097221851348877,5.027778148651123,5.055555820465088,2.6375463008880615,1078200
1987-12-28,5.027778148651123,5.055555820465088,5.0,5.0416669845581055,2.630298614501953,1065600
1987-12-29,5.027778148651123,5.027778148651123,4.944444179534912,4.9583330154418945,2.5868239402770996,1575000
1987-12-30,4.930555820465088,5.0416669845581055,4.930555820465088,5.0,2.6085619926452637,1111500
1987-12-31,4.972221851348877,4.986111164093018,4.8333330154418945,4.875,2.5433473587036133,1695600
1988-01-04,4.944444179534912,5.2083330154418945,4.944444179534912,5.097221851348877,2.65928316116333,1302300
1988-01-05,5.138888835906982,5.277778148651123,5.138888835906982,5.25,2.7389888763427734,2040300
1988-01-06,5.263888835906982,5.263888835906982,5.138888835906982,5.194444179534912,2.710005760192871,3102300
1988-01-07,5.222221851348877,5.444444179534912,5.222221851348877,5.402778148651123,2.818695306777954,1689300
1988-01-08,5.347221851348877,5.375,5.055555820465088,5.055555820465088,2.6375463008880615,1575900
1988-01-11,5.111111164093018,5.152778148651123,4.875,5.152778148651123,2.688267707824707,2108700
1988-01-12,5.180555820465088,5.25,5.0833330154418945,5.236111164093018,2.7317440509796143,1275300
1988-01-13,5.277778148651123,5.444444179534912,5.222221851348877,5.361111164093018,2.7969577312469482,1222200
1988-01-14,5.388888835906982,5.4166669845581055,5.305555820465088,5.388888835906982,2.811448335647583,1861200
1988-01-15,5.444444179534912,5.5416669845581055,5.444444179534912,5.486111164093018,2.8621718883514404,2708100
1988-01-18,5.430555820465088,5.527778148651123,5.430555820465088,5.513888835906982,2.8766636848449707,878400
1988-01-19,5.486111164093018,5.597221851348877,5.472221851348877,5.527778148651123,2.8839101791381836,1642500
1988-01-20,5.486111164093018,5.527778148651123,5.375,5.375,2.8042049407958984,1735200
1988-01-21,5.402778148651123,5.430555820465088,5.263888835906982,5.277778148651123,2.7534825801849365,993600
1988-01-22,5.2916669845581055,5.430555820465088,5.2916669845581055,5.430555820465088,2.83318829536438,806400
1988-01-25,5.4583330154418945,5.5416669845581055,5.430555820465088,5.527778148651123,2.8839101791381836,1184400
1988-01-26,5.527778148651123,5.5833330154418945,5.513888835906982,5.5416669845581055,2.8911564350128174,497700
1988-01-27,5.527778148651123,5.652778148651123,5.527778148651123,5.5833330154418945,2.9128952026367188,1162800
1988-01-28,5.597221851348877,5.694444179534912,5.597221851348877,5.694444179534912,2.9708616733551025,1498500
1988-01-29,5.736111164093018,5.736111164093018,5.638888835906982,5.722221851348877,2.9853525161743164,2538000
1988-02-01,5.75,5.763888835906982,5.694444179534912,5.694444179534912,2.9708616733551025,2171700
1988-02-02,5.680555820465088,5.722221851348877,5.6666669845581055,5.722221851348877,2.9853525161743164,1550700
1988-02-03,5.722221851348877,5.763888835906982,5.638888835906982,5.6666669845581055,2.9563698768615723,2035800
1988-02-04,5.694444179534912,5.694444179534912,5.5416669845581055,5.555555820465088,2.898400068283081,2080800
1988-02-05,5.555555820465088,5.569444179534912,5.5416669845581055,5.5416669845581055,2.8911564350128174,821700
1988-02-08,5.5,5.5,5.430555820465088,5.430555820465088,2.83318829536438,1061100
1988-02-09,5.4166669845581055,5.430555820465088,5.277778148651123,5.3333330154418945,2.782466173171997,1585800
1988-02-10,5.3333330154418945,5.347221851348877,5.277778148651123,5.305555820465088,2.7679738998413086,1484100
1988-02-11,5.319444179534912,5.319444179534912,5.25,5.25,2.7389888763427734,1413000
1988-02-12,5.263888835906982,5.305555820465088,5.2083330154418945,5.25,2.7389888763427734,2286000
1988-02-16,5.263888835906982,5.2916669845581055,5.236111164093018,5.2916669845581055,2.7607290744781494,1334700
1988-02-17,5.263888835906982,5.319444179534912,5.25,5.2916669845581055,2.7607290744781494,3052800
1988-02-18,5.2916669845581055,5.319444179534912,5.263888835906982,5.2916669845581055,2.7607290744781494,2178000
1988-02-19,5.263888835906982,5.3333330154418945,5.25,5.3333330154418945,2.782466173171997,2407500
1988-02-22,5.3333330154418945,5.3333330154418945,5.305555820465088,5.319444179534912,2.7752187252044678,2205900
1988-02-23,5.305555820465088,5.305555820465088,5.1666669845581055,5.1666669845581055,2.6955137252807617,4387500
1988-02-24,5.194444179534912,5.25,5.180555820465088,5.194444179534912,2.710005760192871,3257100
1988-02-25,5.222221851348877,5.277778148651123,5.138888835906982,5.180555820465088,2.7027602195739746,2610000
1988-02-26,5.180555820465088,5.2083330154418945,5.1666669845581055,5.194444179534912,2.710005760192871,783000
1988-02-29,5.2083330154418945,5.319444179534912,5.2083330154418945,5.319444179534912,2.7752187252044678,3048300
1988-03-01,5.3333330154418945,5.361111164093018,5.2916669845581055,5.3333330154418945,2.782466173171997,2115000
1988-03-02,5.347221851348877,5.4166669845581055,5.347221851348877,5.361111164093018,2.7969577312469482,1337400
1988-03-03,5.388888835906982,5.472221851348877,5.388888835906982,5.430555820465088,2.83318829536438,1578600
1988-03-04,5.402778148651123,5.4583330154418945,5.388888835906982,5.444444179534912,2.8404338359832764,70705800
1988-03-07,5.361111164093018,5.388888835906982,5.347221851348877,5.375,2.847202777862549,1410300
1988-03-08,5.375,5.527778148651123,5.375,5.513888835906982,2.9207730293273926,1868400
1988-03-09,5.513888835906982,5.527778148651123,5.486111164093018,5.527778148651123,2.928130626678467,1060200
1988-03-10,5.513888835906982,5.527778148651123,5.4583330154418945,5.4583330154418945,2.891345500946045,801900
1988-03-11,5.472221851348877,5.5,5.4583330154418945,5.486111164093018,2.9060583114624023,1784700
1988-03-14,5.486111164093018,5.513888835906982,5.444444179534912,5.513888835906982,2.9207730293273926,509400
1988-03-15,5.513888835906982,5.5416669845581055,5.5,5.527778148651123,2.928130626678467,1540800
1988-03-16,5.5,5.5,5.444444179534912,5.472221851348877,2.8987009525299072,2028600
1988-03-17,5.472221851348877,5.472221851348877,5.388888835906982,5.388888835906982,2.8545572757720947,1313100
1988-03-18,5.4583330154418945,5.472221851348877,5.444444179534912,5.472221851348877,2.8987009525299072,1647000
1988-03-21,5.444444179534912,5.444444179534912,5.361111164093018,5.388888835906982,2.8545572757720947,739800
1988-03-22,5.388888835906982,5.4166669845581055,5.388888835906982,5.402778148651123,2.8619155883789062,893700
1988-03-23,5.375,5.388888835906982,5.277778148651123,5.2916669845581055,2.8030614852905273,3752100
1988-03-24,5.277778148651123,5.2916669845581055,5.236111164093018,5.25,2.780987501144409,1278900
1988-03-25,5.236111164093018,5.25,5.152778148651123,5.152778148651123,2.7294888496398926,2457000
1988-03-28,5.180555820465088,5.236111164093018,5.1666669845581055,5.222221851348877,2.7662723064422607,792900
1988-03-29,5.277778148651123,5.277778148651123,5.236111164093018,5.277778148651123,2.7957029342651367,1467900
1988-03-30,5.277778148651123,5.277778148651123,5.2083330154418945,5.222221851348877,2.7662723064422607,990900
1988-03-31,5.2083330154418945,5.25,5.194444179534912,5.194444179534912,2.7515604496002197,3007800
1988-04-04,5.2083330154418945,5.222221851348877,5.180555820465088,5.222221851348877,2.7662723064422607,2058300
1988-04-05,5.2083330154418945,5.236111164093018,5.180555820465088,5.2083330154418945,2.7589170932769775,885600
1988-04-06,5.180555820465088,5.194444179534912,5.152778148651123,5.180555820465088,2.7442030906677246,1398600
1988-04-07,5.152778148651123,5.180555820465088,5.111111164093018,5.125,2.7147741317749023,2080800
1988-04-08,5.138888835906982,5.2083330154418945,5.111111164093018,5.180555820465088,2.7442030906677246,1018800
1988-04-11,5.2083330154418945,5.2083330154418945,5.138888835906982,5.194444179534912,2.7515604496002197,705600
1988-04-12,5.194444179534912,5.2083330154418945,5.138888835906982,5.138888835906982,2.722130060195923,3608100
1988-04-13,5.1666669845581055,5.1666669845581055,5.0833330154418945,5.111111164093018,2.7074172496795654,1839600
1988-04-14,5.069444179534912,5.0833330154418945,4.888888835906982,4.888888835906982,2.589703321456909,4271400
1988-04-15,4.9166669845581055,4.9583330154418945,4.861111164093018,4.875,2.582346200942993,2168100
1988-04-18,4.861111164093018,4.875,4.8333330154418945,4.847221851348877,2.5676326751708984,1499400
1988-04-19,4.875,4.9166669845581055,4.861111164093018,4.875,2.582346200942993,2241000
1988-04-20,4.875,4.9166669845581055,4.875,4.902778148651123,2.5970611572265625,808200
1988-04-21,4.888888835906982,4.972221851348877,4.888888835906982,4.930555820465088,2.611774444580078,2493000
1988-04-22,4.972221851348877,5.0416669845581055,4.9583330154418945,5.0,2.6485607624053955,1885500
1988-04-25,5.0,5.055555820465088,5.0,5.013888835906982,2.6559178829193115,2001600
1988-04-26,5.0,5.0833330154418945,5.0,5.069444179534912,2.6853458881378174,1789200
1988-04-27,5.0833330154418945,5.097221851348877,5.027778148651123,5.055555820465088,2.6779890060424805,856800
1988-04-28,5.0416669845581055,5.0416669845581055,4.986111164093018,4.986111164093018,2.641202449798584,974700
1988-04-29,4.986111164093018,5.0,4.930555820465088,4.944444179534912,2.6191325187683105,1620000
1988-05-02,4.944444179534912,4.944444179534912,4.888888835906982,4.944444179534912,2.6191325187683105,493200
1988-05-03,4.9166669845581055,4.972221851348877,4.9166669845581055,4.9166669845581055,2.604417324066162,2455200
1988-05-04,4.944444179534912,4.944444179534912,4.875,4.888888835906982,2.589703321456909,2699100
1988-05-05,4.888888835906982,4.902778148651123,4.819444179534912,4.8333330154418945,2.560274600982666,2798100
1988-05-06,4.8333330154418945,4.861111164093018,4.763888835906982,4.777778148651123,2.530846357345581,3854700
1988-05-09,4.763888835906982,4.819444179534912,4.75,4.805555820465088,2.5455615520477295,470700
1988-05-10,4.819444179534912,4.847221851348877,4.805555820465088,4.847221851348877,2.5676326751708984,1410300
1988-05-11,4.847221851348877,4.847221851348877,4.777778148651123,4.8333330154418945,2.560274600982666,1111500
1988-05-12,4.8333330154418945,4.861111164093018,4.805555820465088,4.819444179534912,2.552917242050171,1763100
1988-05-13,4.819444179534912,4.847221851348877,4.7916669845581055,4.819444179534912,2.552917242050171,1820700
1988-05-16,4.805555820465088,4.902778148651123,4.805555820465088,4.902778148651123,2.5970611572265625,508500
1988-05-17,4.888888835906982,4.972221851348877,4.861111164093018,4.861111164093018,2.57498836517334,925200
1988-05-18,4.861111164093018,4.9166669845581055,4.7916669845581055,4.805555820465088,2.5455615520477295,546300
1988-05-19,4.819444179534912,4.819444179534912,4.75,4.7916669845581055,2.538203716278076,1301400
1988-05-20,4.7916669845581055,4.805555820465088,4.75,4.805555820465088,2.5455615520477295,591300
1988-05-23,4.8333330154418945,4.861111164093018,4.777778148651123,4.805555820465088,2.5455615520477295,999000
1988-05-24,4.861111164093018,4.9166669845581055,4.847221851348877,4.875,2.582346200942993,2142900
1988-05-25,4.902778148651123,5.0,4.902778148651123,4.902778148651123,2.5970611572265625,2550600
1988-05-26,4.930555820465088,4.9583330154418945,4.9166669845581055,4.944444179534912,2.6191325187683105,1486800
1988-05-27,4.930555820465088,4.972221851348877,4.930555820465088,4.9583330154418945,2.6264891624450684,626400
1988-05-31,4.986111164093018,5.1666669845581055,4.972221851348877,5.1666669845581055,2.7368459701538086,753300
1988-06-01,5.1666669845581055,5.277778148651123,5.138888835906982,5.263888835906982,2.788344621658325,2508300
1988-06-02,5.25,5.305555820465088,5.236111164093018,5.305555820465088,2.8104166984558105,2290500
1988-06-03,5.305555820465088,5.305555820465088,5.236111164093018,5.277778148651123,2.7957029342651367,38061900
1988-06-06,5.194444179534912,5.2083330154418945,5.111111164093018,5.111111164093018,2.7732152938842773,2496600
1988-06-07,5.097221851348877,5.097221851348877,4.9583330154418945,4.9583330154418945,2.690319776535034,5117400
1988-06-08,4.972221851348877,5.111111164093018,4.972221851348877,5.111111164093018,2.7732152938842773,4218300
1988-06-09,5.111111164093018,5.152778148651123,5.027778148651123,5.111111164093018,2.7732152938842773,1328400
1988-06-10,5.138888835906982,5.152778148651123,5.125,5.138888835906982,2.788285732269287,927000
1988-06-13,5.152778148651123,5.180555820465088,5.125,5.152778148651123,2.795823335647583,918900
1988-06-14,5.1666669845581055,5.236111164093018,5.125,5.125,2.7807512283325195,1144800
1988-06-15,5.138888835906982,5.1666669845581055,5.125,5.1666669845581055,2.8033595085144043,1776600
1988-06-16,5.180555820465088,5.194444179534912,5.138888835906982,5.1666669845581055,2.8033595085144043,1705500
1988-06-17,5.194444179534912,5.263888835906982,5.1666669845581055,5.263888835906982,2.856109380722046,2847600
1988-06-20,5.236111164093018,5.263888835906982,5.152778148651123,5.180555820465088,2.8108949661254883,1180800
1988-06-21,5.180555820465088,5.2083330154418945,5.152778148651123,5.1666669845581055,2.8033595085144043,1163700
1988-06-22,5.222221851348877,5.277778148651123,5.2083330154418945,5.25,2.8485734462738037,1214100
1988-06-23,5.222221851348877,5.25,5.194444179534912,5.194444179534912,2.8184311389923096,2461500
1988-06-24,5.222221851348877,5.222221851348877,5.1666669845581055,5.1666669845581055,2.8033595085144043,314100
1988-06-27,5.194444179534912,5.194444179534912,5.180555820465088,5.180555820465088,2.8108949661254883,758700
1988-06-28,5.180555820465088,5.236111164093018,5.180555820465088,5.236111164093018,2.8410391807556152,2049300
1988-06-29,5.236111164093018,5.236111164093018,5.180555820465088,5.180555820465088,2.8108949661254883,838800
1988-06-30,5.2083330154418945,5.222221851348877,5.180555820465088,5.2083330154418945,2.8259670734405518,1228500
1988-07-01,5.194444179534912,5.222221851348877,5.1666669845581055,5.180555820465088,2.8108949661254883,1598400
1988-07-05,5.152778148651123,5.25,5.138888835906982,5.25,2.8485734462738037,1222200
1988-07-06,5.25,5.263888835906982,5.152778148651123,5.194444179534912,2.8184311389923096,1528200
1988-07-07,5.180555820465088,5.194444179534912,5.138888835906982,5.180555820465088,2.8108949661254883,857700
1988-07-08,5.180555820465088,5.180555820465088,5.111111164093018,5.125,2.7807512283325195,859500
1988-07-11,5.152778148651123,5.152778148651123,5.125,5.138888835906982,2.788285732269287,1017000
1988-07-12,5.125,5.138888835906982,5.069444179534912,5.069444179534912,2.75060772895813,765900
1988-07-13,5.069444179534912,5.138888835906982,5.069444179534912,5.138888835906982,2.788285732269287,720000
1988-07-14,5.138888835906982,5.152778148651123,5.097221851348877,5.125,2.7807512283325195,503100
1988-07-15,5.138888835906982,5.152778148651123,5.0833330154418945,5.111111164093018,2.7732152938842773,716400
1988-07-18,5.097221851348877,5.097221851348877,5.055555820465088,5.069444179534912,2.75060772895813,795600
1988-07-19,5.0833330154418945,5.111111164093018,5.0833330154418945,5.097221851348877,2.7656798362731934,595800
1988-07-20,5.111111164093018,5.138888835906982,5.097221851348877,5.111111164093018,2.7732152938842773,736200
1988-07-21,5.111111164093018,5.111111164093018,5.0833330154418945,5.0833330154418945,2.758143663406372,1009800
1988-07-22,5.055555820465088,5.0833330154418945,4.972221851348877,4.972221851348877,2.697854995727539,418500
1988-07-25,4.972221851348877,5.013888835906982,4.972221851348877,4.986111164093018,2.7053914070129395,310500
1988-07-26,4.972221851348877,5.055555820465088,4.972221851348877,5.027778148651123,2.7279999256134033,815400
1988-07-27,5.0,5.027778148651123,4.972221851348877,4.972221851348877,2.697854995727539,826200
1988-07-28,4.972221851348877,5.027778148651123,4.972221851348877,5.027778148651123,2.7279999256134033,402300
1988-07-29,5.013888835906982,5.1666669845581055,5.013888835906982,5.111111164093018,2.7732152938842773,1056600
1988-08-01,5.111111164093018,5.222221851348877,5.111111164093018,5.2083330154418945,2.8259670734405518,1104300
1988-08-02,5.2083330154418945,5.277778148651123,5.2083330154418945,5.25,2.8485734462738037,2527200
1988-08-03,5.263888835906982,5.361111164093018,5.25,5.347221851348877,2.9013264179229736,1513800
1988-08-04,5.375,5.4166669845581055,5.347221851348877,5.388888835906982,2.92393159866333,3480300
1988-08-05,5.361111164093018,5.402778148651123,5.347221851348877,5.388888835906982,2.92393159866333,2636100
1988-08-08,5.375,5.430555820465088,5.375,5.402778148651123,2.9314682483673096,662400
1988-08-09,5.388888835906982,5.388888835906982,5.25,5.319444179534912,2.8862528800964355,912600
1988-08-10,5.2916669845581055,5.305555820465088,5.277778148651123,5.2916669845581055,2.8711841106414795,1294200
1988-08-11,5.305555820465088,5.3333330154418945,5.2916669845581055,5.305555820465088,2.8787178993225098,673200
1988-08-12,5.319444179534912,5.388888835906982,5.2916669845581055,5.388888835906982,2.92393159866333,985500
1988-08-15,5.361111164093018,5.388888835906982,5.347221851348877,5.361111164093018,2.9088618755340576,999000
1988-08-16,5.3333330154418945,5.555555820465088,5.3333330154418945,5.527778148651123,2.999293327331543,3148200
1988-08-17,5.555555820465088,5.5833330154418945,5.5,5.513888835906982,2.991755962371826,1512000
1988-08-18,5.486111164093018,5.513888835906982,5.444444179534912,5.444444179534912,2.9540772438049316,1195200
1988-08-19,5.4166669845581055,5.4583330154418945,5.402778148651123,5.402778148651123,2.9314682483673096,848700
1988-08-22,5.430555820465088,5.430555820465088,5.361111164093018,5.402778148651123,2.9314682483673096,1305900
1988-08-23,5.402778148651123,5.4583330154418945,5.388888835906982,5.430555820465088,2.9465417861938477,1329300
1988-08-24,5.444444179534912,5.4583330154418945,5.402778148651123,5.444444179534912,2.9540772438049316,672300
1988-08-25,5.444444179534912,5.444444179534912,5.388888835906982,5.4166669845581055,2.9390063285827637,698400
1988-08-26,5.430555820465088,5.444444179534912,5.4166669845581055,5.444444179534912,2.9540772438049316,610200
1988-08-29,5.444444179534912,5.486111164093018,5.444444179534912,5.472221851348877,2.9691476821899414,245700
1988-08-30,5.486111164093018,5.513888835906982,5.4583330154418945,5.5,2.984221935272217,327600
1988-08-31,5.486111164093018,5.513888835906982,5.4583330154418945,5.486111164093018,2.976684331893921,475200
1988-09-01,5.4583330154418945,5.472221851348877,5.4166669845581055,5.4583330154418945,2.961613893508911,1304100
1988-09-02,5.5,5.611111164093018,5.5,5.611111164093018,3.0445072650909424,1071000
1988-09-06,5.527778148651123,5.694444179534912,5.527778148651123,5.6666669845581055,3.120375394821167,1860300
1988-09-07,5.694444179534912,5.805555820465088,5.694444179534912,5.7916669845581055,3.189209461212158,2494800
1988-09-08,5.7916669845581055,5.9166669845581055,5.7916669845581055,5.9166669845581055,3.2580409049987793,2201400
1988-09-09,5.9166669845581055,5.930555820465088,5.847221851348877,5.902778148651123,3.250389814376831,3043800
1988-09-12,5.930555820465088,5.930555820465088,5.861111164093018,5.861111164093018,3.2274467945098877,1773000
1988-09-13,5.861111164093018,5.861111164093018,5.805555820465088,5.847221851348877,3.2198002338409424,1291500
1988-09-14,5.8333330154418945,5.8333330154418945,5.722221851348877,5.805555820465088,3.196857213973999,2586600
1988-09-15,5.7916669845581055,5.9166669845581055,5.7916669845581055,5.861111164093018,3.2274467945098877,1266300
1988-09-16,5.875,6.055555820465088,5.861111164093018,6.0416669845581055,3.326871156692505,2566800
1988-09-19,6.013888835906982,6.0833330154418945,5.986111164093018,6.0833330154418945,3.34981632232666,1545300
1988-09-20,6.0833330154418945,6.097221851348877,6.0416669845581055,6.055555820465088,3.334519624710083,2564100
1988-09-21,6.055555820465088,6.055555820465088,6.027778148651123,6.055555820465088,3.334519624710083,459900
1988-09-22,6.069444179534912,6.069444179534912,5.972221851348877,6.069444179534912,3.342167854309082,2205900
1988-09-23,6.111111164093018,6.152778148651123,6.097221851348877,6.138888835906982,3.3804070949554443,2304000
1988-09-26,6.138888835906982,6.138888835906982,6.0416669845581055,6.055555820465088,3.334519624710083,393300
1988-09-27,6.027778148651123,6.055555820465088,5.972221851348877,6.013888835906982,3.311574697494507,808200
1988-09-28,6.027778148651123,6.027778148651123,5.972221851348877,6.013888835906982,3.311574697494507,876600
1988-09-29,6.0,6.055555820465088,5.972221851348877,6.0416669845581055,3.326871156692505,1418400
1988-09-30,6.013888835906982,6.0833330154418945,5.930555820465088,5.944444179534912,3.2733354568481445,1723500
1988-10-03,5.944444179534912,5.944444179534912,5.8333330154418945,5.888888835906982,3.2427420616149902,1286100
1988-10-04,5.888888835906982,5.9166669845581055,5.875,5.9166669845581055,3.2580409049987793,1474200
1988-10-05,5.930555820465088,6.027778148651123,5.875,5.930555820465088,3.265688896179199,2367000
1988-10-06,5.930555820465088,5.944444179534912,5.888888835906982,5.930555820465088,3.265688896179199,643500
1988-10-07,5.944444179534912,6.013888835906982,5.888888835906982,6.0,3.303927421569824,1834200
1988-10-10,6.0,6.0,5.930555820465088,5.930555820465088,3.265688896179199,593100
1988-10-11,5.930555820465088,5.930555820465088,5.861111164093018,5.875,3.235095977783203,1250100
1988-10-12,5.8333330154418945,5.861111164093018,5.805555820465088,5.861111164093018,3.2274467945098877,829800
1988-10-13,5.847221851348877,5.888888835906982,5.847221851348877,5.888888835906982,3.2427420616149902,335700
1988-10-14,5.888888835906982,5.888888835906982,5.805555820465088,5.8333330154418945,3.2121522426605225,824400
1988-10-17,5.8333330154418945,5.8333330154418945,5.777778148651123,5.805555820465088,3.196857213973999,377100
1988-10-18,5.7916669845581055,5.819444179534912,5.75,5.819444179534912,3.204503297805786,1102500
1988-10-19,5.819444179534912,5.819444179534912,5.611111164093018,5.694444179534912,3.1356730461120605,1074600
1988-10-20,5.680555820465088,5.819444179534912,5.680555820465088,5.819444179534912,3.204503297805786,1491300
1988-10-21,5.819444179534912,5.8333330154418945,5.763888835906982,5.819444179534912,3.204503297805786,998100
1988-10-24,5.7916669845581055,5.8333330154418945,5.777778148651123,5.777778148651123,3.1815595626831055,760500
1988-10-25,5.763888835906982,5.763888835906982,5.722221851348877,5.75,3.166264295578003,558900
1988-10-26,5.763888835906982,5.763888835906982,5.652778148651123,5.680555820465088,3.1280226707458496,456300
1988-10-27,5.680555820465088,5.680555820465088,5.555555820465088,5.569444179534912,3.0668396949768066,1010700
1988-10-28,5.611111164093018,5.625,5.597221851348877,5.597221851348877,3.0821352005004883,581400
1988-10-31,5.597221851348877,5.652778148651123,5.569444179534912,5.638888835906982,3.1050808429718018,777600
1988-11-01,5.625,5.638888835906982,5.597221851348877,5.625,3.0974323749542236,882000
1988-11-02,5.597221851348877,5.597221851348877,5.5,5.555555820465088,3.059192657470703,951300
1988-11-03,5.555555820465088,5.638888835906982,5.5,5.597221851348877,3.0821352005004883,1087200
1988-11-04,5.527778148651123,5.5833330154418945,5.513888835906982,5.5416669845581055,3.051544427871704,1251900
1988-11-07,5.513888835906982,5.513888835906982,5.4583330154418945,5.486111164093018,3.0209507942199707,630000
1988-11-08,5.5,5.513888835906982,5.472221851348877,5.472221851348877,3.013305187225342,1468800
1988-11-09,5.444444179534912,5.472221851348877,5.430555820465088,5.444444179534912,2.9980075359344482,881100
1988-11-10,5.472221851348877,5.5,5.388888835906982,5.4583330154418945,3.0056562423706055,584100
1988-11-11,5.430555820465088,5.430555820465088,5.319444179534912,5.319444179534912,2.9291751384735107,819000
1988-11-14,5.347221851348877,5.347221851348877,5.263888835906982,5.2916669845581055,2.91388201713562,755100
1988-11-15,5.2916669845581055,5.3333330154418945,5.263888835906982,5.3333330154418945,2.9368247985839844,539100
1988-11-16,5.3333330154418945,5.3333330154418945,5.194444179534912,5.2083330154418945,2.867993116378784,1031400
1988-11-17,5.25,5.25,5.111111164093018,5.180555820465088,2.852696418762207,795600
1988-11-18,5.194444179534912,5.25,5.1666669845581055,5.25,2.8909356594085693,836100
1988-11-21,5.2083330154418945,5.25,5.180555820465088,5.236111164093018,2.883289337158203,787500
1988-11-22,5.222221851348877,5.25,5.222221851348877,5.25,2.8909356594085693,401400
1988-11-23,5.222221851348877,5.25,5.222221851348877,5.25,2.8909356594085693,680400
1988-11-25,5.2083330154418945,5.2083330154418945,5.180555820465088,5.2083330154418945,2.867993116378784,546300
1988-11-28,5.180555820465088,5.25,5.180555820465088,5.236111164093018,2.883289337158203,458100
1988-11-29,5.222221851348877,5.305555820465088,5.222221851348877,5.305555820465088,2.9215290546417236,591300
1988-11-30,5.277778148651123,5.4166669845581055,5.263888835906982,5.347221851348877,2.9444735050201416,1176300
1988-12-01,5.305555820465088,5.347221851348877,5.305555820465088,5.319444179534912,2.9291751384735107,533700
1988-12-02,5.319444179534912,5.347221851348877,5.305555820465088,5.3333330154418945,2.9368247985839844,1419300
1988-12-05,5.347221851348877,5.4166669845581055,5.3333330154418945,5.4166669845581055,2.982712745666504,1566900
1988-12-06,5.375,5.472221851348877,5.375,5.4583330154418945,3.0056562423706055,1622700
1988-12-07,5.361111164093018,5.444444179534912,5.361111164093018,5.430555820465088,3.036095380783081,1749600
1988-12-08,5.402778148651123,5.4166669845581055,5.3333330154418945,5.3333330154418945,2.9817402362823486,1200600
1988-12-09,5.3333330154418945,5.3333330154418945,5.277778148651123,5.277778148651123,2.95068097114563,582300
1988-12-12,5.2916669845581055,5.305555820465088,5.263888835906982,5.263888835906982,2.9429147243499756,1435500
1988-12-13,5.263888835906982,5.263888835906982,5.180555820465088,5.194444179534912,2.9040908813476562,1422000
1988-12-14,5.180555820465088,5.180555820465088,5.111111164093018,5.125,2.8652658462524414,1704600
1988-12-15,5.125,5.1666669845581055,5.125,5.1666669845581055,2.888561487197876,1242900
1988-12-16,5.194444179534912,5.194444179534912,5.111111164093018,5.125,2.8652658462524414,2702700
1988-12-19,5.111111164093018,5.138888835906982,5.0833330154418945,5.138888835906982,2.873030185699463,1755900
1988-12-20,5.138888835906982,5.180555820465088,5.111111164093018,5.125,2.8652658462524414,1227600
1988-12-21,5.138888835906982,5.138888835906982,5.097221851348877,5.111111164093018,2.857501268386841,1352700
1988-12-22,5.111111164093018,5.194444179534912,5.111111164093018,5.194444179534912,2.9040908813476562,2108700
1988-12-23,5.2083330154418945,5.25,5.194444179534912,5.194444179534912,2.9040908813476562,449100
1988-12-27,5.194444179534912,5.236111164093018,5.194444179534912,5.2083330154418945,2.911855936050415,747900
1988-12-28,5.2083330154418945,5.222221851348877,5.1666669845581055,5.180555820465088,2.8963260650634766,756000
1988-12-29,5.194444179534912,5.277778148651123,5.194444179534912,5.277778148651123,2.95068097114563,942300
1988-12-30,5.25,5.319444179534912,5.222221851348877,5.236111164093018,2.9273858070373535,574200
1989-01-03,5.236111164093018,5.236111164093018,5.097221851348877,5.138888835906982,2.873030185699463,1446300
1989-01-04,5.194444179534912,5.305555820465088,5.1666669845581055,5.2916669845581055,2.958447217941284,601200
1989-01-05,5.277778148651123,5.3333330154418945,5.263888835906982,5.277778148651123,2.95068097114563,1400400
1989-01-06,5.444444179534912,5.722221851348877,5.430555820465088,5.555555820465088,3.105978488922119,5080500
1989-01-09,5.513888835906982,5.5416669845581055,5.4583330154418945,5.5,3.0749197006225586,1763100
1989-01-10,5.527778148651123,5.5833330154418945,5.5,5.569444179534912,3.113743305206299,1659600
1989-01-11,5.569444179534912,5.5833330154418945,5.555555820465088,5.569444179534912,3.113743305206299,583200
1989-01-12,5.597221851348877,5.597221851348877,5.527778148651123,5.5833330154418945,3.1215102672576904,1476900
1989-01-13,5.569444179534912,5.597221851348877,5.555555820465088,5.555555820465088,3.105978488922119,587700
1989-01-16,5.555555820465088,5.597221851348877,5.527778148651123,5.5416669845581055,3.098214626312256,584100
1989-01-17,5.527778148651123,5.555555820465088,5.5,5.5416669845581055,3.098214626312256,621000
1989-01-18,5.569444179534912,5.611111164093018,5.513888835906982,5.5833330154418945,3.1215102672576904,838800
1989-01-19,5.555555820465088,5.5833330154418945,5.527778148651123,5.527778148651123,3.0904481410980225,584100
1989-01-20,5.5416669845581055,5.569444179534912,5.527778148651123,5.5416669845581055,3.098214626312256,711000
1989-01-23,5.527778148651123,5.5833330154418945,5.486111164093018,5.486111164093018,3.067152976989746,1605600
1989-01-24,5.5,5.5416669845581055,5.5,5.527778148651123,3.0904481410980225,1425600
1989-01-25,5.527778148651123,5.5833330154418945,5.527778148651123,5.5833330154418945,3.1215102672576904,1947600
1989-01-26,5.569444179534912,5.638888835906982,5.569444179534912,5.611111164093018,3.1370394229888916,716400
1989-01-27,5.638888835906982,5.75,5.638888835906982,5.680555820465088,3.1758620738983154,2238300
1989-01-30,5.694444179534912,5.75,5.694444179534912,5.75,3.2146878242492676,970200
1989-01-31,5.75,5.805555820465088,5.736111164093018,5.7916669845581055,3.2379844188690186,924300
1989-02-01,5.763888835906982,5.805555820465088,5.722221851348877,5.736111164093018,3.2069239616394043,535500
1989-02-02,5.75,5.7916669845581055,5.6666669845581055,5.7916669845581055,3.2379844188690186,648900
1989-02-03,5.819444179534912,5.9583330154418945,5.819444179534912,5.9583330154418945,3.331165313720703,1091700
1989-02-06,5.9583330154418945,5.972221851348877,5.902778148651123,5.972221851348877,3.3389291763305664,1218600
1989-02-07,5.944444179534912,6.111111164093018,5.944444179534912,6.0833330154418945,3.401047706604004,1170000
1989-02-08,6.0833330154418945,6.125,6.013888835906982,6.097221851348877,3.4088118076324463,2789100
1989-02-09,6.069444179534912,6.0833330154418945,5.972221851348877,5.986111164093018,3.3466930389404297,625500
1989-02-10,5.986111164093018,5.986111164093018,5.930555820465088,5.930555820465088,3.3156330585479736,1527300
1989-02-13,5.930555820465088,5.986111164093018,5.930555820465088,5.9583330154418945,3.331165313720703,522000
1989-02-14,5.986111164093018,5.986111164093018,5.944444179534912,5.944444179534912,3.3233978748321533,387000
1989-02-15,5.986111164093018,5.986111164093018,5.930555820465088,5.986111164093018,3.3466930389404297,758700
1989-02-16,5.986111164093018,6.027778148651123,5.972221851348877,6.027778148651123,3.369987726211548,582300
1989-02-17,6.055555820465088,6.055555820465088,6.027778148651123,6.0416669845581055,3.3777523040771484,1221300
1989-02-21,6.055555820465088,6.055555820465088,5.986111164093018,6.0,3.3544561862945557,576900
1989-02-22,5.972221851348877,5.986111164093018,5.7916669845581055,5.902778148651123,3.3001019954681396,1907100
1989-02-23,5.861111164093018,5.944444179534912,5.861111164093018,5.930555820465088,3.3156330585479736,1265400
1989-02-24,5.902778148651123,5.902778148651123,5.8333330154418945,5.847221851348877,3.2690441608428955,1326600
1989-02-27,5.861111164093018,5.9166669845581055,5.861111164093018,5.902778148651123,3.3001019954681396,956700
1989-02-28,5.930555820465088,5.930555820465088,5.861111164093018,5.902778148651123,3.3001019954681396,714600
1989-03-01,5.930555820465088,5.986111164093018,5.8333330154418945,5.8333330154418945,3.2612788677215576,1577700
1989-03-02,5.8333330154418945,5.944444179534912,5.805555820465088,5.944444179534912,3.3233978748321533,947700
1989-03-03,5.944444179534912,5.944444179534912,5.9166669845581055,5.944444179534912,3.3233978748321533,2646900
1989-03-06,5.944444179534912,6.0416669845581055,5.944444179534912,6.0,3.3544561862945557,1348200
1989-03-07,5.944444179534912,5.9583330154418945,5.930555820465088,5.944444179534912,3.369572639465332,1526400
1989-03-08,5.944444179534912,5.986111164093018,5.930555820465088,5.986111164093018,3.3931925296783447,2140200
1989-03-09,5.9583330154418945,5.972221851348877,5.9166669845581055,5.9166669845581055,3.3538284301757812,2601000
1989-03-10,5.9166669845581055,5.9166669845581055,5.875,5.902778148651123,3.3459548950195312,688500
1989-03-13,5.888888835906982,5.902778148651123,5.888888835906982,5.888888835906982,3.3380813598632812,1909800
1989-03-14,5.888888835906982,5.888888835906982,5.875,5.875,3.3302080631256104,1098000
1989-03-15,5.875,5.888888835906982,5.847221851348877,5.861111164093018,3.322336196899414,2429100
1989-03-16,5.8333330154418945,5.9166669845581055,5.8333330154418945,5.9166669845581055,3.3538284301757812,2119500
1989-03-17,5.8333330154418945,5.875,5.805555820465088,5.8333330154418945,3.3065907955169678,3167100
1989-03-20,5.8333330154418945,5.8333330154418945,5.777778148651123,5.805555820465088,3.290844678878784,1097100
1989-03-21,5.8333330154418945,5.8333330154418945,5.777778148651123,5.805555820465088,3.290844678878784,1675800
1989-03-22,5.805555820465088,5.888888835906982,5.805555820465088,5.847221851348877,3.314464569091797,1177200
1989-03-23,5.861111164093018,5.861111164093018,5.8333330154418945,5.847221851348877,3.314464569091797,1079100
1989-03-27,5.8333330154418945,5.861111164093018,5.8333330154418945,5.861111164093018,3.322336196899414,608400
1989-03-28,5.888888835906982,5.930555820465088,5.861111164093018,5.902778148651123,3.3459548950195312,1645200
1989-03-29,5.902778148651123,5.9583330154418945,5.888888835906982,5.944444179534912,3.369572639465332,1075500
1989-03-30,5.944444179534912,5.944444179534912,5.902778148651123,5.930555820465088,3.3617005348205566,2015100
1989-03-31,5.9166669845581055,5.944444179534912,5.888888835906982,5.9166669845581055,3.3538284301757812,1577700
1989-04-03,5.972221851348877,6.0416669845581055,5.944444179534912,6.027778148651123,3.4168105125427246,3416400
1989-04-04,6.0,6.027778148651123,5.986111164093018,6.0,3.4010655879974365,428400
1989-04-05,6.013888835906982,6.055555820465088,5.986111164093018,6.013888835906982,3.4089367389678955,454500
1989-04-06,6.0,6.069444179534912,6.0,6.069444179534912,3.4404289722442627,430200
1989-04-07,6.0416669845581055,6.125,6.027778148651123,6.0416669845581055,3.4246835708618164,3364200
1989-04-10,6.0416669845581055,6.069444179534912,6.027778148651123,6.055555820465088,3.432555675506592,437400
1989-04-11,6.055555820465088,6.111111164093018,6.0416669845581055,6.097221851348877,3.456173896789551,479700
1989-04-12,6.097221851348877,6.125,6.055555820465088,6.069444179534912,3.4404289722442627,1395900
1989-04-13,6.055555820465088,6.0833330154418945,6.027778148651123,6.027778148651123,3.4168105125427246,446400
1989-04-14,6.055555820465088,6.1666669845581055,6.0416669845581055,6.111111164093018,3.464048147201538,1469700
1989-04-17,6.111111164093018,6.152778148651123,6.0833330154418945,6.138888835906982,3.479793071746826,476100
1989-04-18,6.1666669845581055,6.236111164093018,6.1666669845581055,6.2083330154418945,3.5191571712493896,1177200
1989-04-19,6.1666669845581055,6.2083330154418945,6.1666669845581055,6.180555820465088,3.5034098625183105,1090800
1989-04-20,6.180555820465088,6.194444179534912,6.097221851348877,6.097221851348877,3.456173896789551,598500
1989-04-21,6.097221851348877,6.138888835906982,6.069444179534912,6.111111164093018,3.464048147201538,1065600
1989-04-24,6.125,6.138888835906982,6.097221851348877,6.097221851348877,3.456173896789551,405900
1989-04-25,6.111111164093018,6.125,6.055555820465088,6.055555820465088,3.432555675506592,558900
1989-04-26,6.055555820465088,6.055555820465088,5.972221851348877,5.972221851348877,3.385319709777832,469800
1989-04-27,5.972221851348877,6.013888835906982,5.9166669845581055,6.0,3.4010655879974365,883800
1989-04-28,6.027778148651123,6.027778148651123,5.9583330154418945,5.986111164093018,3.3931925296783447,557100
1989-05-01,5.986111164093018,6.0833330154418945,5.9583330154418945,6.0833330154418945,3.4483017921447754,945900
1989-05-02,6.069444179534912,6.069444179534912,6.013888835906982,6.013888835906982,3.4089367389678955,716400
1989-05-03,5.986111164093018,6.0,5.861111164093018,5.875,3.3302080631256104,713700
1989-05-04,5.902778148651123,5.902778148651123,5.805555820465088,5.8333330154418945,3.3065907955169678,1552500
1989-05-05,5.8333330154418945,5.8333330154418945,5.75,5.777778148651123,3.2750983238220215,1467900
1989-05-08,5.805555820465088,5.805555820465088,5.763888835906982,5.7916669845581055,3.2829720973968506,1727100
1989-05-09,5.777778148651123,5.861111164093018,5.777778148651123,5.819444179534912,3.2987163066864014,515700
1989-05-10,5.861111164093018,5.875,5.819444179534912,5.861111164093018,3.322336196899414,437400
1989-05-11,5.888888835906982,5.888888835906982,5.805555820465088,5.8333330154418945,3.3065907955169678,791100
1989-05-12,5.888888835906982,5.944444179534912,5.861111164093018,5.944444179534912,3.369572639465332,716400
1989-05-15,5.9583330154418945,5.986111164093018,5.9583330154418945,5.972221851348877,3.385319709777832,424800
1989-05-16,5.986111164093018,6.0416669845581055,5.930555820465088,5.944444179534912,3.369572639465332,1379700
1989-05-17,5.930555820465088,5.9583330154418945,5.888888835906982,5.944444179534912,3.369572639465332,833400
1989-05-18,5.972221851348877,5.986111164093018,5.930555820465088,5.944444179534912,3.369572639465332,2949300
1989-05-19,5.9583330154418945,6.0833330154418945,5.944444179534912,6.055555820465088,3.432555675506592,3188700
1989-05-22,6.0833330154418945,6.0833330154418945,6.0416669845581055,6.055555820465088,3.432555675506592,866700
1989-05-23,6.069444179534912,6.0833330154418945,6.0416669845581055,6.055555820465088,3.432555675506592,895500
1989-05-24,6.069444179534912,6.0833330154418945,6.055555820465088,6.069444179534912,3.4404289722442627,663300
1989-05-25,6.055555820465088,6.111111164093018,6.055555820465088,6.0833330154418945,3.4483017921447754,560700
1989-05-26,6.055555820465088,6.1666669845581055,6.055555820465088,6.111111164093018,3.464048147201538,796500
1989-05-30,6.111111164093018,6.125,6.055555820465088,6.069444179534912,3.4404289722442627,619200
1989-05-31,6.097221851348877,6.1666669845581055,6.097221851348877,6.111111164093018,3.464048147201538,714600
1989-06-01,6.097221851348877,6.138888835906982,6.097221851348877,6.111111164093018,3.464048147201538,632700
1989-06-02,6.194444179534912,6.3333330154418945,6.194444179534912,6.3333330154418945,3.5900137424468994,803700
1989-06-05,6.3333330154418945,6.375,6.263888835906982,6.263888835906982,3.5506479740142822,935100
1989-06-06,6.25,6.263888835906982,6.194444179534912,6.25,3.589898109436035,2371500
1989-06-07,6.25,6.375,6.25,6.375,3.661694288253784,1488600
1989-06-08,6.402778148651123,6.444444179534912,6.388888835906982,6.430555820465088,3.693605899810791,1165500
1989-06-09,6.430555820465088,6.430555820465088,6.319444179534912,6.361111164093018,3.6537184715270996,835200
1989-06-12,6.361111164093018,6.361111164093018,6.2916669845581055,6.347221851348877,3.645740509033203,392400
1989-06-13,6.2916669845581055,6.319444179534912,6.263888835906982,6.277778148651123,3.605855941772461,1995300
1989-06-14,6.305555820465088,6.305555820465088,6.236111164093018,6.277778148651123,3.605855941772461,573300
1989-06-15,6.305555820465088,6.319444179534912,6.152778148651123,6.180555820465088,3.550008773803711,1395000
1989-06-16,6.111111164093018,6.236111164093018,6.111111164093018,6.222221851348877,3.5739433765411377,2600100
1989-06-19,6.194444179534912,6.222221851348877,6.194444179534912,6.222221851348877,3.5739433765411377,1279800
1989-06-20,6.2083330154418945,6.3333330154418945,6.2083330154418945,6.3333330154418945,3.6377644538879395,1409400
1989-06-21,6.305555820465088,6.319444179534912,6.222221851348877,6.25,3.589898109436035,1567800
1989-06-22,6.25,6.263888835906982,6.180555820465088,6.194444179534912,3.5579874515533447,1156500
1989-06-23,6.2083330154418945,6.305555820465088,6.2083330154418945,6.305555820465088,3.621809720993042,900000
1989-06-26,6.305555820465088,6.361111164093018,6.277778148651123,6.319444179534912,3.6297852993011475,732600
1989-06-27,6.3333330154418945,6.375,6.319444179534912,6.3333330154418945,3.6377644538879395,1016100
1989-06-28,6.3333330154418945,6.347221851348877,6.305555820465088,6.319444179534912,3.6297852993011475,612000
1989-06-29,6.305555820465088,6.3333330154418945,6.277778148651123,6.2916669845581055,3.613830804824829,2453400
1989-06-30,6.2916669845581055,6.2916669845581055,6.194444179534912,6.2083330154418945,3.565965175628662,626400
1989-07-03,6.222221851348877,6.222221851348877,6.180555820465088,6.194444179534912,3.5579874515533447,288000
1989-07-05,6.180555820465088,6.263888835906982,6.138888835906982,6.236111164093018,3.5819215774536133,477900
1989-07-06,6.236111164093018,6.277778148651123,6.236111164093018,6.263888835906982,3.597874879837036,763200
1989-07-07,6.236111164093018,6.4583330154418945,6.222221851348877,6.4583330154418945,3.709561586380005,1113300
1989-07-10,6.4583330154418945,6.5833330154418945,6.4583330154418945,6.569444179534912,3.7733819484710693,1850400
1989-07-11,6.625,6.652778148651123,6.5,6.527778148651123,3.749450206756592,1236600
1989-07-12,6.527778148651123,6.569444179534912,6.5,6.555555820465088,3.7654030323028564,1007100
1989-07-13,6.5416669845581055,6.569444179534912,6.472221851348877,6.5,3.7334933280944824,827100
1989-07-14,6.513888835906982,6.652778148651123,6.5,6.652778148651123,3.821246862411499,1494900
1989-07-17,6.625,6.652778148651123,6.611111164093018,6.611111164093018,3.797314405441284,1350900
1989-07-18,6.611111164093018,6.611111164093018,6.513888835906982,6.527778148651123,3.749450206756592,354600
1989-07-19,6.527778148651123,6.5833330154418945,6.527778148651123,6.5416669845581055,3.757427453994751,646200
1989-07-20,6.5416669845581055,6.5416669845581055,6.513888835906982,6.5416669845581055,3.757427453994751,593100
1989-07-21,6.527778148651123,6.555555820465088,6.527778148651123,6.555555820465088,3.7654030323028564,1863900
1989-07-24,6.527778148651123,6.5416669845581055,6.5,6.513888835906982,3.7414710521698,706500
1989-07-25,6.527778148651123,6.555555820465088,6.472221851348877,6.513888835906982,3.7414710521698,1079100
1989-07-26,6.513888835906982,6.527778148651123,6.513888835906982,6.513888835906982,3.7414710521698,1103400
1989-07-27,6.527778148651123,6.5833330154418945,6.513888835906982,6.5833330154418945,3.781360149383545,2322900
1989-07-28,6.5833330154418945,6.5833330154418945,6.5416669845581055,6.5416669845581055,3.757427453994751,1840500
1989-07-31,6.555555820465088,6.569444179534912,6.527778148651123,6.569444179534912,3.7733819484710693,1388700
1989-08-01,6.569444179534912,6.597221851348877,6.527778148651123,6.5416669845581055,3.757427453994751,1440900
1989-08-02,6.527778148651123,6.527778148651123,6.486111164093018,6.5,3.7334933280944824,531000
1989-08-03,6.486111164093018,6.638888835906982,6.486111164093018,6.638888835906982,3.8132693767547607,2269800
1989-08-04,6.625,6.861111164093018,6.597221851348877,6.847221851348877,3.9329330921173096,3369600
1989-08-07,6.888888835906982,7.055555820465088,6.847221851348877,7.055555820465088,4.05259895324707,4104900
1989-08-08,7.055555820465088,7.097221851348877,7.0,7.027778148651123,4.0366411209106445,2357100
1989-08-09,7.0,7.0416669845581055,6.888888835906982,6.902778148651123,3.9648427963256836,1116900
1989-08-10,6.888888835906982,7.027778148651123,6.861111164093018,7.027778148651123,4.0366411209106445,2179800
1989-08-11,7.055555820465088,7.069444179534912,6.819444179534912,6.888888835906982,3.95686411857605,1264500
1989-08-14,6.861111164093018,6.875,6.722221851348877,6.722221851348877,3.8611364364624023,999000
1989-08-15,6.763888835906982,6.805555820465088,6.75,6.777778148651123,3.8930447101593018,642600
1989-08-16,6.777778148651123,6.819444179534912,6.763888835906982,6.805555820465088,3.9089999198913574,1005300
1989-08-17,6.777778148651123,6.847221851348877,6.75,6.763888835906982,3.8850669860839844,587700
1989-08-18,6.763888835906982,6.777778148651123,6.736111164093018,6.763888835906982,3.8850669860839844,1212300
1989-08-21,6.736111164093018,6.763888835906982,6.638888835906982,6.638888835906982,3.8132693767547607,894600
1989-08-22,6.638888835906982,6.722221851348877,6.625,6.722221851348877,3.8611364364624023,1680300
1989-08-23,6.736111164093018,6.75,6.680555820465088,6.736111164093018,3.8691132068634033,1184400
1989-08-24,6.763888835906982,6.763888835906982,6.680555820465088,6.722221851348877,3.8611364364624023,1601100
1989-08-25,6.722221851348877,6.75,6.652778148651123,6.694444179534912,3.845180034637451,731700
1989-08-28,6.680555820465088,6.722221851348877,6.6666669845581055,6.722221851348877,3.8611364364624023,385200
1989-08-29,6.694444179534912,6.722221851348877,6.680555820465088,6.694444179534912,3.845180034637451,3042900
1989-08-30,6.7083330154418945,6.819444179534912,6.7083330154418945,6.805555820465088,3.9089999198913574,2199600
1989-08-31,6.875,7.0,6.861111164093018,6.9166669845581055,3.97282075881958,2199600
1989-09-01,6.888888835906982,6.930555820465088,6.888888835906982,6.930555820465088,3.9807965755462646,1088100
1989-09-05,6.902778148651123,6.986111164093018,6.902778148651123,6.986111164093018,4.01270866394043,1753200
1989-09-06,6.944444179534912,6.9583330154418945,6.902778148651123,6.9166669845581055,4.020134925842285,1582200
1989-09-07,6.9166669845581055,7.0,6.9166669845581055,6.972221851348877,4.052427291870117,1704600
1989-09-08,6.972221851348877,6.972221851348877,6.944444179534912,6.972221851348877,4.052427291870117,628200
1989-09-11,6.972221851348877,6.986111164093018,6.930555820465088,6.9583330154418945,4.0443549156188965,979200
1989-09-12,6.9583330154418945,6.986111164093018,6.944444179534912,6.986111164093018,4.060498237609863,344700
1989-09-13,6.986111164093018,7.0,6.9583330154418945,6.9583330154418945,4.0443549156188965,2309400
1989-09-14,6.944444179534912,6.9583330154418945,6.944444179534912,6.9583330154418945,4.0443549156188965,661500
1989-09-15,7.0,7.0,6.944444179534912,7.0,4.068567752838135,1998000
1989-09-18,6.986111164093018,7.013888835906982,6.930555820465088,6.944444179534912,4.036279678344727,982800
1989-09-19,6.944444179534912,6.944444179534912,6.847221851348877,6.847221851348877,3.9797725677490234,811800
1989-09-20,6.847221851348877,6.875,6.8333330154418945,6.861111164093018,3.987844228744507,527400
1989-09-21,6.847221851348877,6.875,6.736111164093018,6.75,3.92326283454895,825300
1989-09-22,6.777778148651123,6.847221851348877,6.722221851348877,6.805555820465088,3.955554962158203,615600
1989-09-25,6.75,6.777778148651123,6.736111164093018,6.736111164093018,3.9151928424835205,697500
1989-09-26,6.75,6.805555820465088,6.75,6.763888835906982,3.9313361644744873,795600
1989-09-27,6.736111164093018,6.75,6.694444179534912,6.694444179534912,3.890974521636963,1243800
1989-09-28,6.7083330154418945,6.8333330154418945,6.694444179534912,6.8333330154418945,3.9716994762420654,874800
1989-09-29,6.805555820465088,6.972221851348877,6.805555820465088,6.944444179534912,4.036279678344727,1990800
1989-10-02,6.930555820465088,7.069444179534912,6.930555820465088,7.069444179534912,4.1089324951171875,2427300
1989-10-03,7.111111164093018,7.125,7.055555820465088,7.111111164093018,4.133152008056641,2782800
1989-10-04,7.138888835906982,7.152778148651123,7.097221851348877,7.097221851348877,4.125079154968262,1274400
1989-10-05,7.097221851348877,7.111111164093018,7.0833330154418945,7.097221851348877,4.125079154968262,491400
1989-10-06,7.097221851348877,7.111111164093018,7.055555820465088,7.069444179534912,4.1089324951171875,685800
1989-10-09,7.069444179534912,7.069444179534912,7.027778148651123,7.055555820465088,4.100862979888916,190800
1989-10-10,7.0416669845581055,7.097221851348877,7.0416669845581055,7.0833330154418945,4.11700439453125,563400
1989-10-11,7.097221851348877,7.097221851348877,7.069444179534912,7.0833330154418945,4.11700439453125,688500
1989-10-12,7.0833330154418945,7.097221851348877,7.013888835906982,7.0833330154418945,4.11700439453125,931500
1989-10-13,7.111111164093018,7.1666669845581055,6.75,6.75,3.92326283454895,1856700
1989-10-16,6.763888835906982,6.861111164093018,6.722221851348877,6.861111164093018,3.987844228744507,1923300
1989-10-17,6.819444179534912,6.9166669845581055,6.805555820465088,6.847221851348877,3.9797725677490234,869400
1989-10-18,6.819444179534912,7.027778148651123,6.777778148651123,6.944444179534912,4.036279678344727,1588500
1989-10-19,6.930555820465088,7.055555820465088,6.930555820465088,7.027778148651123,4.084715366363525,992700
1989-10-20,7.027778148651123,7.138888835906982,7.027778148651123,7.069444179534912,4.1089324951171875,1692900
1989-10-23,7.125,7.125,7.069444179534912,7.097221851348877,4.125079154968262,908100
1989-10-24,7.0833330154418945,7.097221851348877,7.0,7.097221851348877,4.125079154968262,2632500
1989-10-25,7.069444179534912,7.222221851348877,7.069444179534912,7.194444179534912,4.1815876960754395,2538000
1989-10-26,7.25,7.305555820465088,7.194444179534912,7.263888835906982,4.221949100494385,1773900
1989-10-27,7.263888835906982,7.263888835906982,7.069444179534912,7.097221851348877,4.125079154968262,1447200
1989-10-30,7.069444179534912,7.097221851348877,7.0,7.055555820465088,4.100862979888916,425700
1989-10-31,7.0833330154418945,7.138888835906982,7.055555820465088,7.097221851348877,4.125079154968262,2101500
1989-11-01,7.0833330154418945,7.152778148651123,7.055555820465088,7.152778148651123,4.157369136810303,1243800
1989-11-02,7.1666669845581055,7.194444179534912,7.138888835906982,7.138888835906982,4.149294853210449,1541700
1989-11-03,7.138888835906982,7.222221851348877,7.069444179534912,7.138888835906982,4.149294853210449,1289700
1989-11-06,7.138888835906982,7.138888835906982,7.027778148651123,7.055555820465088,4.100862979888916,956700
1989-11-07,7.0833330154418945,7.111111164093018,7.027778148651123,7.111111164093018,4.133152008056641,579600
1989-11-08,7.111111164093018,7.180555820465088,7.111111164093018,7.138888835906982,4.149294853210449,703800
1989-11-09,7.138888835906982,7.138888835906982,7.069444179534912,7.069444179534912,4.1089324951171875,585000
1989-11-10,7.055555820465088,7.194444179534912,7.055555820465088,7.180555820465088,4.173514366149902,588600
1989-11-13,7.180555820465088,7.194444179534912,7.111111164093018,7.138888835906982,4.149294853210449,570600
1989-11-14,7.138888835906982,7.222221851348877,7.138888835906982,7.180555820465088,4.173514366149902,1665000
1989-11-15,7.1666669845581055,7.263888835906982,7.138888835906982,7.263888835906982,4.221949100494385,973800
1989-11-16,7.263888835906982,7.3333330154418945,7.236111164093018,7.305555820465088,4.246166229248047,528300
1989-11-17,7.277778148651123,7.4166669845581055,7.263888835906982,7.4166669845581055,4.310746669769287,2083500
1989-11-20,7.4166669845581055,7.4166669845581055,7.3333330154418945,7.3333330154418945,4.2623114585876465,704700
1989-11-21,7.3333330154418945,7.3333330154418945,7.263888835906982,7.319444179534912,4.254239559173584,1105200
1989-11-22,7.305555820465088,7.305555820465088,7.1666669845581055,7.180555820465088,4.173514366149902,1611000
1989-11-24,7.180555820465088,7.25,7.180555820465088,7.236111164093018,4.205802917480469,818100
1989-11-27,7.222221851348877,7.263888835906982,7.1666669845581055,7.2083330154418945,4.189657688140869,958500
1989-11-28,7.194444179534912,7.2083330154418945,7.1666669845581055,7.180555820465088,4.173514366149902,790200
1989-11-29,7.180555820465088,7.180555820465088,7.097221851348877,7.111111164093018,4.133152008056641,674100
1989-11-30,7.125,7.152778148651123,7.097221851348877,7.152778148651123,4.157369136810303,1214100
1989-12-01,7.1666669845581055,7.222221851348877,7.1666669845581055,7.2083330154418945,4.189657688140869,1577700
1989-12-04,7.2083330154418945,7.2083330154418945,7.0833330154418945,7.152778148651123,4.157369136810303,335700
1989-12-05,7.1666669845581055,7.180555820465088,7.027778148651123,7.0416669845581055,4.0927886962890625,996300
1989-12-06,7.0416669845581055,7.055555820465088,6.972221851348877,7.027778148651123,4.084715366363525,1486800
1989-12-07,6.9583330154418945,7.027778148651123,6.9166669845581055,6.972221851348877,4.100397109985352,1945800
1989-12-08,7.0,7.013888835906982,6.9583330154418945,6.9583330154418945,4.092231750488281,623700
1989-12-11,6.944444179534912,6.986111164093018,6.888888835906982,6.972221851348877,4.100397109985352,434700
1989-12-12,7.0,7.013888835906982,6.944444179534912,7.013888835906982,4.124902725219727,752400
1989-12-13,7.013888835906982,7.0416669845581055,6.9583330154418945,6.972221851348877,4.100397109985352,1200600
1989-12-14,6.972221851348877,7.027778148651123,6.9166669845581055,7.0,4.116733551025391,558000
1989-12-15,7.013888835906982,7.013888835906982,6.75,6.861111164093018,4.03505277633667,2125800
1989-12-18,6.861111164093018,6.861111164093018,6.555555820465088,6.652778148651123,3.9125328063964844,1850400
1989-12-19,6.638888835906982,6.638888835906982,6.444444179534912,6.527778148651123,3.839020252227783,1621800
1989-12-20,6.513888835906982,6.597221851348877,6.472221851348877,6.555555820465088,3.855353832244873,2542500
1989-12-21,6.555555820465088,6.625,6.555555820465088,6.597221851348877,3.8798580169677734,1136700
1989-12-22,6.597221851348877,6.597221851348877,6.5416669845581055,6.5416669845581055,3.847186326980591,971100
1989-12-26,6.555555820465088,6.569444179534912,6.5416669845581055,6.555555820465088,3.855353832244873,237600
1989-12-27,6.5,6.611111164093018,6.5,6.5833330154418945,3.871690273284912,1769400
1989-12-28,6.5833330154418945,6.611111164093018,6.5833330154418945,6.611111164093018,3.888026237487793,1104300
1989-12-29,6.597221851348877,6.638888835906982,6.597221851348877,6.611111164093018,3.888026237487793,451800
1990-01-02,6.5833330154418945,6.694444179534912,6.5416669845581055,6.694444179534912,3.9370346069335938,2176200
1990-01-03,6.7083330154418945,6.736111164093018,6.625,6.652778148651123,3.9125328063964844,2182500
1990-01-04,6.652778148651123,6.6666669845581055,6.611111164093018,6.652778148651123,3.9125328063964844,969300
1990-01-05,6.652778148651123,6.7083330154418945,6.5833330154418945,6.611111164093018,3.888026237487793,1251900
1990-01-08,6.5833330154418945,6.5833330154418945,6.527778148651123,6.555555820465088,3.855353832244873,1188900
1990-01-09,6.5833330154418945,6.5833330154418945,6.472221851348877,6.486111164093018,3.8145158290863037,2595600
1990-01-10,6.472221851348877,6.527778148651123,6.347221851348877,6.388888835906982,3.757336378097534,1481400
1990-01-11,6.388888835906982,6.402778148651123,6.25,6.277778148651123,3.6919922828674316,1368900
1990-01-12,6.1666669845581055,6.222221851348877,6.138888835906982,6.180555820465088,3.634814739227295,1553400
1990-01-15,6.1666669845581055,6.180555820465088,6.055555820465088,6.055555820465088,3.561302661895752,1124100
1990-01-16,6.0,6.0,5.944444179534912,6.0,3.5286290645599365,713700
1990-01-17,6.0,6.0,5.805555820465088,5.847221851348877,3.4387786388397217,1641600
1990-01-18,5.7916669845581055,5.930555820465088,5.777778148651123,5.930555820465088,3.4877898693084717,3931200
1990-01-19,6.0,6.0416669845581055,5.972221851348877,5.986111164093018,3.520460367202759,4282200
1990-01-22,5.9583330154418945,5.972221851348877,5.75,5.75,3.3816030025482178,4134600
1990-01-23,5.805555820465088,5.8333330154418945,5.5833330154418945,5.6666669845581055,3.332594871520996,2307600
1990-01-24,5.555555820465088,5.6666669845581055,5.472221851348877,5.5833330154418945,3.283585786819458,2436300
1990-01-25,5.694444179534912,5.694444179534912,5.5,5.5,3.234577178955078,1219500
1990-01-26,5.513888835906982,5.555555820465088,5.486111164093018,5.513888835906982,3.2427446842193604,1332000
1990-01-29,5.5416669845581055,5.5416669845581055,5.472221851348877,5.486111164093018,3.226408004760742,882000
1990-01-30,5.5,5.513888835906982,5.402778148651123,5.472221851348877,3.218240737915039,1693800
1990-01-31,5.4583330154418945,5.527778148651123,5.4583330154418945,5.486111164093018,3.226408004760742,1386000
1990-02-01,5.5,5.513888835906982,5.472221851348877,5.486111164093018,3.226408004760742,1130400
1990-02-02,5.4583330154418945,5.472221851348877,5.388888835906982,5.444444179534912,3.201904535293579,1464300
1990-02-05,5.430555820465088,5.444444179534912,5.402778148651123,5.402778148651123,3.1773998737335205,667800
1990-02-06,5.402778148651123,5.430555820465088,5.388888835906982,5.430555820465088,3.1937365531921387,2377800
1990-02-07,5.388888835906982,5.4166669845581055,5.375,5.402778148651123,3.1773998737335205,1825200
1990-02-08,5.388888835906982,5.402778148651123,5.194444179534912,5.277778148651123,3.1038870811462402,1985400
1990-02-09,5.277778148651123,5.2916669845581055,5.1666669845581055,5.2083330154418945,3.0630462169647217,1674900
1990-02-12,5.138888835906982,5.138888835906982,5.027778148651123,5.097221851348877,2.9977011680603027,2502000
1990-02-13,5.125,5.222221851348877,5.0833330154418945,5.222221851348877,3.0712146759033203,2284200
1990-02-14,5.222221851348877,5.25,5.1666669845581055,5.222221851348877,3.0712146759033203,801000
1990-02-15,5.222221851348877,5.277778148651123,5.2083330154418945,5.277778148651123,3.1038870811462402,5625900
1990-02-16,5.388888835906982,5.486111164093018,5.361111164093018,5.375,3.1610634326934814,6635700
1990-02-20,5.305555820465088,5.388888835906982,5.305555820465088,5.361111164093018,3.152895927429199,2464200
1990-02-21,5.361111164093018,5.555555820465088,5.361111164093018,5.555555820465088,3.2672502994537354,2601000
1990-02-22,5.513888835906982,5.638888835906982,5.513888835906982,5.527778148651123,3.250913381576538,2396700
1990-02-23,5.527778148651123,5.555555820465088,5.486111164093018,5.5,3.234577178955078,1634400
1990-02-26,5.5,5.611111164093018,5.5,5.611111164093018,3.299922227859497,1179000
1990-02-27,5.625,5.625,5.569444179534912,5.5833330154418945,3.283585786819458,2512800
1990-02-28,5.5833330154418945,5.680555820465088,5.569444179534912,5.652778148651123,3.324427366256714,935100
1990-03-01,5.611111164093018,5.75,5.611111164093018,5.7083330154418945,3.3570995330810547,1392300
1990-03-02,5.777778148651123,5.805555820465088,5.75,5.805555820465088,3.414276123046875,1298700
1990-03-05,5.805555820465088,5.819444179534912,5.694444179534912,5.722221851348877,3.365267276763916,1524600
1990-03-06,5.736111164093018,5.7916669845581055,5.7083330154418945,5.7916669845581055,3.4061074256896973,2301300
1990-03-07,5.6666669845581055,5.722221851348877,5.652778148651123,5.6666669845581055,3.3819046020507812,1473300
1990-03-08,5.680555820465088,5.75,5.6666669845581055,5.736111164093018,3.4233477115631104,721800
1990-03-09,5.736111164093018,5.75,5.7083330154418945,5.7083330154418945,3.4067704677581787,928800
1990-03-12,5.694444179534912,5.777778148651123,5.680555820465088,5.777778148651123,3.4482157230377197,605700
1990-03-13,5.75,5.805555820465088,5.6666669845581055,5.7083330154418945,3.4067704677581787,1167300
1990-03-14,5.6666669845581055,5.7083330154418945,5.555555820465088,5.597221851348877,3.340458393096924,1287900
1990-03-15,5.625,5.652778148651123,5.611111164093018,5.638888835906982,3.365325689315796,519300
1990-03-16,5.694444179534912,5.722221851348877,5.6666669845581055,5.722221851348877,3.4150595664978027,1743300
1990-03-19,5.722221851348877,5.722221851348877,5.652778148651123,5.6666669845581055,3.3819046020507812,1548000
1990-03-20,5.680555820465088,5.694444179534912,5.6666669845581055,5.694444179534912,3.3984813690185547,1028700
1990-03-21,5.694444179534912,5.694444179534912,5.652778148651123,5.652778148651123,3.3736155033111572,780300
1990-03-22,5.625,5.638888835906982,5.527778148651123,5.527778148651123,3.299013614654541,386100
1990-03-23,5.527778148651123,5.5416669845581055,5.486111164093018,5.527778148651123,3.299013614654541,1110600
1990-03-26,5.513888835906982,5.527778148651123,5.5,5.513888835906982,3.2907238006591797,988200
1990-03-27,5.472221851348877,5.5416669845581055,5.472221851348877,5.5416669845581055,3.307302951812744,1007100
1990-03-28,5.5,5.652778148651123,5.5,5.652778148651123,3.3736155033111572,1470600
1990-03-29,5.625,5.652778148651123,5.597221851348877,5.652778148651123,3.3736155033111572,1102500
1990-03-30,5.638888835906982,5.652778148651123,5.611111164093018,5.625,3.357037305831909,539100
1990-04-02,5.597221851348877,5.611111164093018,5.5833330154418945,5.597221851348877,3.340458393096924,876600
1990-04-03,5.611111164093018,5.652778148651123,5.597221851348877,5.652778148651123,3.3736155033111572,1035900
1990-04-04,5.652778148651123,5.680555820465088,5.625,5.680555820465088,3.3901922702789307,1953900
1990-04-05,5.722221851348877,5.736111164093018,5.652778148651123,5.6666669845581055,3.3819046020507812,2328300
1990-04-06,5.75,5.75,5.569444179534912,5.569444179534912,3.323878765106201,1568700
1990-04-09,5.569444179534912,5.652778148651123,5.569444179534912,5.638888835906982,3.365325689315796,769500
1990-04-10,5.597221851348877,5.611111164093018,5.569444179534912,5.611111164093018,3.348747730255127,1046700
1990-04-11,5.611111164093018,5.611111164093018,5.5,5.513888835906982,3.2907238006591797,1793700
1990-04-12,5.5,5.611111164093018,5.5,5.611111164093018,3.348747730255127,1277100
1990-04-16,5.6666669845581055,5.694444179534912,5.597221851348877,5.611111164093018,3.348747730255127,1560600
1990-04-17,5.5833330154418945,5.597221851348877,5.527778148651123,5.569444179534912,3.323878765106201,983700
1990-04-18,5.555555820465088,5.5833330154418945,5.527778148651123,5.527778148651123,3.299013614654541,1852200
1990-04-19,5.5,5.5,5.444444179534912,5.444444179534912,3.249279737472534,1197900
1990-04-20,5.4583330154418945,5.4583330154418945,5.277778148651123,5.375,3.2078347206115723,2799900
1990-04-23,5.2916669845581055,5.2916669845581055,5.1666669845581055,5.236111164093018,3.124945640563965,1889100
1990-04-24,5.25,5.305555820465088,5.194444179534912,5.194444179534912,3.1000778675079346,803700
1990-04-25,5.2083330154418945,5.25,5.180555820465088,5.194444179534912,3.1000778675079346,941400
1990-04-26,5.194444179534912,5.236111164093018,5.138888835906982,5.138888835906982,3.066922426223755,1428300
1990-04-27,5.138888835906982,5.152778148651123,5.0416669845581055,5.111111164093018,3.0503451824188232,1275300
1990-04-30,5.111111164093018,5.111111164093018,5.069444179534912,5.111111164093018,3.0503451824188232,1208700
1990-05-01,5.097221851348877,5.125,5.069444179534912,5.0833330154418945,3.033766508102417,920700
1990-05-02,5.0833330154418945,5.097221851348877,5.055555820465088,5.069444179534912,3.0254769325256348,2060100
1990-05-03,5.138888835906982,5.152778148651123,5.111111164093018,5.125,3.0586328506469727,2255400
1990-05-04,5.125,5.152778148651123,5.055555820465088,5.125,3.0586328506469727,1355400
1990-05-07,5.125,5.152778148651123,5.111111164093018,5.138888835906982,3.066922426223755,2187000
1990-05-08,5.1666669845581055,5.222221851348877,5.1666669845581055,5.222221851348877,3.1166560649871826,890100
1990-05-09,5.2083330154418945,5.319444179534912,5.2083330154418945,5.319444179534912,3.1746785640716553,783900
1990-05-10,5.319444179534912,5.347221851348877,5.319444179534912,5.347221851348877,3.1912567615509033,834300
1990-05-11,5.375,5.444444179534912,5.375,5.444444179534912,3.249279737472534,1136700
1990-05-14,5.486111164093018,5.6666669845581055,5.472221851348877,5.6666669845581055,3.3819046020507812,1893600
1990-05-15,5.638888835906982,5.680555820465088,5.597221851348877,5.625,3.357037305831909,1211400
1990-05-16,5.611111164093018,5.6666669845581055,5.597221851348877,5.6666669845581055,3.3819046020507812,1136700
1990-05-17,5.6666669845581055,5.722221851348877,5.6666669845581055,5.694444179534912,3.3984813690185547,1833300
1990-05-18,5.638888835906982,5.6666669845581055,5.611111164093018,5.625,3.357037305831909,782100
1990-05-21,5.597221851348877,5.694444179534912,5.569444179534912,5.694444179534912,3.3984813690185547,1222200
1990-05-22,5.777778148651123,5.777778148651123,5.6666669845581055,5.736111164093018,3.4233477115631104,1822500
1990-05-23,5.736111164093018,5.777778148651123,5.722221851348877,5.763888835906982,3.439926862716675,1686600
1990-05-24,5.763888835906982,5.805555820465088,5.736111164093018,5.805555820465088,3.4647934436798096,1225800
1990-05-25,5.777778148651123,5.7916669845581055,5.736111164093018,5.75,3.4316372871398926,521100
1990-05-29,5.75,5.777778148651123,5.75,5.777778148651123,3.4482157230377197,541800
1990-05-30,5.7916669845581055,5.805555820465088,5.763888835906982,5.763888835906982,3.439926862716675,1104300
1990-05-31,5.763888835906982,5.805555820465088,5.763888835906982,5.777778148651123,3.4482157230377197,551700
1990-06-01,5.8333330154418945,5.875,5.7916669845581055,5.861111164093018,3.4979500770568848,1186200
1990-06-04,5.875,6.0,5.875,5.972221851348877,3.564258575439453,2295000
1990-06-05,6.0,6.152778148651123,6.0,6.138888835906982,3.663728713989258,3464100
1990-06-06,6.111111164093018,6.1666669845581055,6.055555820465088,6.111111164093018,3.6980204582214355,1490400
1990-06-07,6.111111164093018,6.111111164093018,6.0416669845581055,6.069444179534912,3.672804594039917,1492200
1990-06-08,6.027778148651123,6.0416669845581055,5.861111164093018,5.861111164093018,3.546736001968384,1320300
1990-06-11,5.875,6.027778148651123,5.875,6.013888835906982,3.639187812805176,1209600
1990-06-12,6.013888835906982,6.027778148651123,5.888888835906982,5.9583330154418945,3.6055686473846436,1394100
1990-06-13,5.944444179534912,5.986111164093018,5.930555820465088,5.944444179534912,3.5971641540527344,565200
1990-06-14,5.930555820465088,5.930555820465088,5.861111164093018,5.861111164093018,3.546736001968384,609300
1990-06-15,5.805555820465088,5.861111164093018,5.805555820465088,5.819444179534912,3.5215234756469727,1791900
1990-06-18,5.805555820465088,5.847221851348877,5.75,5.75,3.479499101638794,1680300
1990-06-19,5.75,5.763888835906982,5.680555820465088,5.680555820465088,3.4374759197235107,1552500
1990-06-20,5.680555820465088,5.694444179534912,5.652778148651123,5.6666669845581055,3.429072856903076,994500
1990-06-21,5.6666669845581055,5.736111164093018,5.6666669845581055,5.722221851348877,3.462690591812134,502200
1990-06-22,5.736111164093018,5.736111164093018,5.638888835906982,5.638888835906982,3.412261486053467,613800
1990-06-25,5.625,5.638888835906982,5.555555820465088,5.569444179534912,3.3702399730682373,706500
1990-06-26,5.5833330154418945,5.680555820465088,5.569444179534912,5.569444179534912,3.3702399730682373,1518300
1990-06-27,5.555555820465088,5.611111164093018,5.555555820465088,5.597221851348877,3.387049674987793,610200
1990-06-28,5.5833330154418945,5.5833330154418945,5.555555820465088,5.569444179534912,3.3702399730682373,398700
1990-06-29,5.5833330154418945,5.597221851348877,5.555555820465088,5.569444179534912,3.3702399730682373,826200
1990-07-02,5.555555820465088,5.611111164093018,5.555555820465088,5.5833330154418945,3.378645896911621,487800
1990-07-03,5.597221851348877,5.611111164093018,5.569444179534912,5.569444179534912,3.3702399730682373,1060200
1990-07-05,5.569444179534912,5.569444179534912,5.5,5.5,3.328216552734375,846900
1990-07-06,5.5,5.513888835906982,5.472221851348877,5.513888835906982,3.336621046066284,1376100
1990-07-09,5.5,5.569444179534912,5.5,5.569444179534912,3.3702399730682373,588600
1990-07-10,5.555555820465088,5.569444179534912,5.5,5.5,3.328216552734375,1018800
1990-07-11,5.5,5.527778148651123,5.5,5.527778148651123,3.345026731491089,566100
1990-07-12,5.5,5.5416669845581055,5.5,5.527778148651123,3.345026731491089,1021500
1990-07-13,5.555555820465088,5.597221851348877,5.527778148651123,5.5416669845581055,3.353431224822998,987300
1990-07-16,5.555555820465088,5.597221851348877,5.513888835906982,5.513888835906982,3.336621046066284,490500
1990-07-17,5.513888835906982,5.5416669845581055,5.513888835906982,5.5416669845581055,3.353431224822998,2346300
1990-07-18,5.527778148651123,5.5416669845581055,5.513888835906982,5.527778148651123,3.345026731491089,643500
1990-07-19,5.527778148651123,5.527778148651123,5.472221851348877,5.527778148651123,3.345026731491089,1068300
1990-07-20,5.513888835906982,5.5416669845581055,5.388888835906982,5.388888835906982,3.2609806060791016,939600
1990-07-23,5.277778148651123,5.319444179534912,5.236111164093018,5.2916669845581055,3.202148199081421,2042100
1990-07-24,5.319444179534912,5.319444179534912,5.180555820465088,5.236111164093018,3.168529987335205,1105200
1990-07-25,5.25,5.2916669845581055,5.236111164093018,5.277778148651123,3.193744659423828,145800
1990-07-26,5.277778148651123,5.305555820465088,5.25,5.277778148651123,3.193744659423828,811800
1990-07-27,5.2916669845581055,5.2916669845581055,5.2083330154418945,5.236111164093018,3.168529987335205,1828800
1990-07-30,5.222221851348877,5.25,5.2083330154418945,5.236111164093018,3.168529987335205,1094400
1990-07-31,5.222221851348877,5.25,5.2083330154418945,5.222221851348877,3.160127639770508,1166400
1990-08-01,5.236111164093018,5.277778148651123,5.1666669845581055,5.25,3.1769347190856934,726300
1990-08-02,5.222221851348877,5.277778148651123,5.222221851348877,5.25,3.1769347190856934,1739700
1990-08-03,5.236111164093018,5.236111164093018,5.111111164093018,5.138888835906982,3.1096982955932617,1377000
1990-08-06,5.027778148651123,5.027778148651123,4.944444179534912,5.013888835906982,3.0340566635131836,1180800
1990-08-07,5.0416669845581055,5.069444179534912,5.0,5.069444179534912,3.0676751136779785,5177700
1990-08-08,5.0416669845581055,5.055555820465088,5.027778148651123,5.055555820465088,3.0592710971832275,1093500
1990-08-09,5.055555820465088,5.055555820465088,5.0416669845581055,5.0416669845581055,3.0508668422698975,396000
1990-08-10,5.027778148651123,5.0416669845581055,5.027778148651123,5.027778148651123,3.04246187210083,1340100
1990-08-13,5.027778148651123,5.0416669845581055,4.944444179534912,5.0,3.0256528854370117,1916100
1990-08-14,5.013888835906982,5.027778148651123,5.0,5.013888835906982,3.0340566635131836,813600
1990-08-15,5.013888835906982,5.125,5.013888835906982,5.055555820465088,3.0592710971832275,921600
1990-08-16,5.027778148651123,5.027778148651123,4.888888835906982,4.902778148651123,2.96682071685791,2566800
1990-08-17,4.861111164093018,4.875,4.805555820465088,4.847221851348877,2.933202028274536,4162500
1990-08-20,4.847221851348877,4.930555820465088,4.847221851348877,4.861111164093018,2.941606283187866,620100
1990-08-21,4.805555820465088,4.805555820465088,4.763888835906982,4.763888835906982,2.8827736377716064,5895900
1990-08-22,4.777778148651123,4.819444179534912,4.777778148651123,4.7916669845581055,2.899583339691162,1834200
1990-08-23,4.6666669845581055,4.722221851348877,4.6666669845581055,4.7083330154418945,2.849155902862549,1503000
1990-08-24,4.736111164093018,4.736111164093018,4.6666669845581055,4.6666669845581055,2.823942184448242,2247300
1990-08-27,4.694444179534912,4.75,4.6666669845581055,4.680555820465088,2.832345724105835,1861200
1990-08-28,4.680555820465088,4.680555820465088,4.652778148651123,4.6666669845581055,2.823942184448242,1653300
1990-08-29,4.638888835906982,4.7083330154418945,4.597221851348877,4.6666669845581055,2.823942184448242,2556900
1990-08-30,4.694444179534912,4.694444179534912,4.625,4.625,2.7987282276153564,1872900
1990-08-31,4.625,4.694444179534912,4.611111164093018,4.694444179534912,2.8407504558563232,784800
1990-09-04,4.680555820465088,4.7083330154418945,4.6666669845581055,4.7083330154418945,2.849155902862549,507600
1990-09-05,4.722221851348877,4.736111164093018,4.680555820465088,4.722221851348877,2.857560157775879,2912400
1990-09-06,4.625,4.652778148651123,4.5833330154418945,4.652778148651123,2.8668012619018555,858600
1990-09-07,4.625,4.7083330154418945,4.625,4.7083330154418945,2.9010322093963623,1692000
1990-09-10,4.680555820465088,4.777778148651123,4.680555820465088,4.7083330154418945,2.9010322093963623,792000
1990-09-11,4.7083330154418945,4.722221851348877,4.6666669845581055,4.694444179534912,2.89247465133667,866700
1990-09-12,4.722221851348877,4.722221851348877,4.694444179534912,4.7083330154418945,2.9010322093963623,1142100
1990-09-13,4.736111164093018,4.736111164093018,4.652778148651123,4.652778148651123,2.8668012619018555,8120700
1990-09-14,4.611111164093018,4.611111164093018,4.430555820465088,4.472221851348877,2.755553722381592,1690200
1990-09-17,4.472221851348877,4.625,4.472221851348877,4.611111164093018,2.841130018234253,2562300
1990-09-18,4.5833330154418945,4.6666669845581055,4.555555820465088,4.638888835906982,2.858243703842163,1111500
1990-09-19,4.694444179534912,4.694444179534912,4.652778148651123,4.6666669845581055,2.8753607273101807,663300
1990-09-20,4.638888835906982,4.652778148651123,4.5833330154418945,4.597221851348877,2.8325717449188232,2858400
1990-09-21,4.611111164093018,4.611111164093018,4.5,4.513888835906982,2.7812256813049316,3326400
1990-09-24,4.486111164093018,4.5,4.347221851348877,4.375,2.695650577545166,3321900
1990-09-25,4.388888835906982,4.4166669845581055,4.2916669845581055,4.3333330154418945,2.669976234436035,2063700
1990-09-26,4.305555820465088,4.319444179534912,4.222221851348877,4.236111164093018,2.610074758529663,2224800
1990-09-27,4.263888835906982,4.263888835906982,4.055555820465088,4.097221851348877,2.5244970321655273,5142600
1990-09-28,4.069444179534912,4.2083330154418945,4.069444179534912,4.194444179534912,2.584399461746216,2821500
1990-10-01,4.25,4.388888835906982,4.236111164093018,4.388888835906982,2.7042076587677,1893600
1990-10-02,4.402778148651123,4.444444179534912,4.388888835906982,4.388888835906982,2.7042076587677,1805400
1990-10-03,4.388888835906982,4.430555820465088,4.2916669845581055,4.305555820465088,2.652862071990967,1363500
1990-10-04,4.305555820465088,4.319444179534912,4.25,4.319444179534912,2.661419153213501,1005300
1990-10-05,4.263888835906982,4.375,4.0,4.013888835906982,2.4731521606445312,5139000
1990-10-08,4.013888835906982,4.0833330154418945,3.8888890743255615,3.9166669845581055,2.4132494926452637,4575600
1990-10-09,3.8888890743255615,3.8888890743255615,3.777777910232544,3.7916669845581055,2.336230993270874,3493800
1990-10-10,3.7916669845581055,3.7916669845581055,3.694443941116333,3.7361109256744385,2.3019988536834717,3899700
1990-10-11,3.722222089767456,3.8333330154418945,3.722222089767456,3.805556058883667,2.3447883129119873,2064600
1990-10-12,3.805556058883667,3.972222089767456,3.805556058883667,3.9583330154418945,2.4389209747314453,2818800
1990-10-15,3.9861109256744385,4.0416669845581055,3.9861109256744385,4.0,2.4645938873291016,1878300
1990-10-16,4.013888835906982,4.0416669845581055,3.9861109256744385,4.0,2.4645938873291016,1990800
1990-10-17,3.9861109256744385,4.111111164093018,3.9861109256744385,4.027778148651123,2.4817097187042236,1407600
1990-10-18,4.0416669845581055,4.111111164093018,4.0416669845581055,4.0833330154418945,2.515939474105835,1115100
1990-10-19,4.138888835906982,4.194444179534912,4.125,4.194444179534912,2.584399461746216,1836900
1990-10-22,4.180555820465088,4.25,4.138888835906982,4.25,2.61863112449646,1102500
1990-10-23,4.25,4.263888835906982,4.222221851348877,4.236111164093018,2.610074758529663,1022400
1990-10-24,4.2083330154418945,4.222221851348877,4.152778148651123,4.1666669845581055,2.5672857761383057,1202400
1990-10-25,4.152778148651123,4.1666669845581055,4.0,4.097221851348877,2.5244970321655273,1111500
1990-10-26,4.013888835906982,4.069444179534912,3.944443941116333,3.9583330154418945,2.4389209747314453,1370700
1990-10-29,3.930556058883667,3.944443941116333,3.777777910232544,3.805556058883667,2.3447883129119873,938700
1990-10-30,3.819443941116333,3.847222089767456,3.7638890743255615,3.805556058883667,2.3447883129119873,2293200
1990-10-31,3.777777910232544,3.819443941116333,3.7361109256744385,3.7638890743255615,2.3191142082214355,4768200
1990-11-01,3.7361109256744385,3.8888890743255615,3.7361109256744385,3.8333330154418945,2.3619027137756348,1953900
1990-11-02,3.819443941116333,4.125,3.777777910232544,4.111111164093018,2.5330567359924316,3402900
1990-11-05,4.125,4.236111164093018,4.111111164093018,4.180555820465088,2.5758440494537354,2415600
1990-11-06,4.152778148651123,4.152778148651123,4.097221851348877,4.097221851348877,2.5244970321655273,1582200
1990-11-07,4.069444179534912,4.0833330154418945,3.972222089767456,3.972222089767456,2.4474782943725586,1234800
1990-11-08,3.9583330154418945,4.0833330154418945,3.944443941116333,4.0,2.4645938873291016,1273500
1990-11-09,4.0,4.125,4.0,4.111111164093018,2.5330567359924316,2352600
1990-11-12,4.125,4.2916669845581055,4.125,4.2916669845581055,2.644304037094116,1389600
1990-11-13,4.277778148651123,4.277778148651123,4.222221851348877,4.222221851348877,2.601515293121338,1468800
1990-11-14,4.25,4.277778148651123,4.222221851348877,4.222221851348877,2.601515293121338,1317600
1990-11-15,4.194444179534912,4.25,4.194444179534912,4.236111164093018,2.610074758529663,1718100
1990-11-16,4.236111164093018,4.319444179534912,4.180555820465088,4.222221851348877,2.601515293121338,3104100
1990-11-19,4.222221851348877,4.25,4.2083330154418945,4.222221851348877,2.601515293121338,2724300
1990-11-20,4.222221851348877,4.222221851348877,4.194444179534912,4.194444179534912,2.584399461746216,1657800
1990-11-21,4.2083330154418945,4.222221851348877,4.125,4.152778148651123,2.5587291717529297,2772000
1990-11-23,4.125,4.180555820465088,4.125,4.125,2.5416131019592285,448200
1990-11-26,4.097221851348877,4.222221851348877,4.0833330154418945,4.222221851348877,2.601515293121338,715500
1990-11-27,4.194444179534912,4.430555820465088,4.194444179534912,4.361111164093018,2.6870920658111572,2755800
1990-11-28,4.375,4.4583330154418945,4.375,4.402778148651123,2.7127652168273926,2179800
1990-11-29,4.347221851348877,4.361111164093018,4.305555820465088,4.3333330154418945,2.669976234436035,1666800
1990-11-30,4.2916669845581055,4.430555820465088,4.2916669845581055,4.4166669845581055,2.721323013305664,1430100
1990-12-03,4.430555820465088,4.444444179534912,4.375,4.4166669845581055,2.721323013305664,1573200
1990-12-04,4.388888835906982,4.402778148651123,4.347221851348877,4.361111164093018,2.6870920658111572,1264500
1990-12-05,4.347221851348877,4.4166669845581055,4.3333330154418945,4.402778148651123,2.7127652168273926,2544300
1990-12-06,4.555555820465088,4.611111164093018,4.513888835906982,4.527778148651123,2.7897841930389404,6376500
1990-12-07,4.4166669845581055,4.444444179534912,4.375,4.4166669845581055,2.773040533065796,1079100
1990-12-10,4.388888835906982,4.4166669845581055,4.375,4.4166669845581055,2.773040533065796,494100
1990-12-11,4.4166669845581055,4.4166669845581055,4.347221851348877,4.361111164093018,2.7381584644317627,841500
1990-12-12,4.347221851348877,4.472221851348877,4.347221851348877,4.472221851348877,2.807922124862671,583200
1990-12-13,4.444444179534912,4.4583330154418945,4.430555820465088,4.430555820465088,2.781761646270752,810900
1990-12-14,4.4166669845581055,4.4583330154418945,4.402778148651123,4.430555820465088,2.781761646270752,953100
1990-12-17,4.402778148651123,4.430555820465088,4.361111164093018,4.375,2.7468810081481934,1044900
1990-12-18,4.361111164093018,4.611111164093018,4.361111164093018,4.611111164093018,2.8951237201690674,880200
1990-12-19,4.555555820465088,4.611111164093018,4.555555820465088,4.5833330154418945,2.87768292427063,1263600
1990-12-20,4.472221851348877,4.638888835906982,4.472221851348877,4.555555820465088,2.860243320465088,971100
1990-12-21,4.638888835906982,4.638888835906982,4.569444179534912,4.597221851348877,2.8864033222198486,1520100
1990-12-24,4.569444179534912,4.597221851348877,4.5416669845581055,4.569444179534912,2.868962287902832,147600
1990-12-26,4.569444179534912,4.652778148651123,4.569444179534912,4.625,2.9038443565368652,653400
1990-12-27,4.597221851348877,4.638888835906982,4.5,4.513888835906982,2.8340821266174316,859500
1990-12-28,4.527778148651123,4.555555820465088,4.5,4.513888835906982,2.8340821266174316,900900
1990-12-31,4.486111164093018,4.555555820465088,4.486111164093018,4.5416669845581055,2.851522445678711,602100
1991-01-02,4.5416669845581055,4.597221851348877,4.444444179534912,4.444444179534912,2.7904796600341797,693900
1991-01-03,4.444444179534912,4.444444179534912,4.361111164093018,4.361111164093018,2.7381584644317627,500400
1991-01-04,4.361111164093018,4.375,4.194444179534912,4.25,2.668397903442383,859500
1991-01-07,4.194444179534912,4.222221851348877,4.138888835906982,4.138888835906982,2.598635196685791,1255500
1991-01-08,4.111111164093018,4.152778148651123,4.0833330154418945,4.125,2.5899155139923096,2057400
1991-01-09,4.152778148651123,4.236111164093018,4.055555820465088,4.0833330154418945,2.563753843307495,1484100
1991-01-10,4.0833330154418945,4.111111164093018,4.0,4.111111164093018,2.581195831298828,1074600
1991-01-11,4.0833330154418945,4.125,4.0833330154418945,4.125,2.5899155139923096,509400
1991-01-14,4.097221851348877,4.138888835906982,4.055555820465088,4.111111164093018,2.581195831298828,746100
1991-01-15,4.138888835906982,4.180555820465088,4.111111164093018,4.180555820465088,2.624796152114868,822600
1991-01-16,4.152778148651123,4.263888835906982,4.111111164093018,4.263888835906982,2.6771178245544434,710100
1991-01-17,4.444444179534912,4.444444179534912,4.3333330154418945,4.347221851348877,2.729438304901123,1593900
1991-01-18,4.347221851348877,4.388888835906982,4.2916669845581055,4.375,2.7468810081481934,3920400
1991-01-21,4.375,4.4166669845581055,4.3333330154418945,4.4166669845581055,2.773040533065796,995400
1991-01-22,4.388888835906982,4.555555820465088,4.388888835906982,4.555555820465088,2.860243320465088,1202400
1991-01-23,4.569444179534912,4.75,4.555555820465088,4.6666669845581055,2.930006265640259,630900
1991-01-24,4.680555820465088,4.805555820465088,4.680555820465088,4.7083330154418945,2.9561665058135986,1167300
1991-01-25,4.736111164093018,4.847221851348877,4.736111164093018,4.819444179534912,3.0259292125701904,657900
1991-01-28,4.8333330154418945,4.888888835906982,4.819444179534912,4.861111164093018,3.0520896911621094,1092600
1991-01-29,4.861111164093018,4.888888835906982,4.8333330154418945,4.8333330154418945,3.0346481800079346,1625400
1991-01-30,4.861111164093018,5.0,4.847221851348877,4.861111164093018,3.0520896911621094,900000
1991-01-31,4.8333330154418945,5.0,4.8333330154418945,4.9166669845581055,3.0869691371917725,1774800
1991-02-01,4.9166669845581055,4.972221851348877,4.9166669845581055,4.944444179534912,3.104410409927368,940500
1991-02-04,4.9583330154418945,5.111111164093018,4.9583330154418945,5.069444179534912,3.1828927993774414,2058300
1991-02-05,5.097221851348877,5.1666669845581055,5.069444179534912,5.152778148651123,3.235214948654175,1571400
1991-02-06,5.125,5.305555820465088,5.111111164093018,5.305555820465088,3.33113694190979,1054800
1991-02-07,5.305555820465088,5.347221851348877,5.222221851348877,5.236111164093018,3.287536144256592,1355400
1991-02-08,5.222221851348877,5.236111164093018,5.1666669845581055,5.236111164093018,3.287536144256592,976500
1991-02-11,5.222221851348877,5.430555820465088,5.222221851348877,5.361111164093018,3.366018056869507,1405800
1991-02-12,5.3333330154418945,5.472221851348877,5.3333330154418945,5.430555820465088,3.409618854522705,1600200
1991-02-13,5.430555820465088,5.5833330154418945,5.4166669845581055,5.5833330154418945,3.505542516708374,1521900
1991-02-14,5.5833330154418945,5.597221851348877,5.472221851348877,5.513888835906982,3.461940050125122,1981800
1991-02-15,5.486111164093018,5.555555820465088,5.472221851348877,5.513888835906982,3.461940050125122,3512700
1991-02-19,5.486111164093018,5.486111164093018,5.361111164093018,5.430555820465088,3.409618854522705,1644300
1991-02-20,5.402778148651123,5.4166669845581055,5.25,5.277778148651123,3.313697338104248,926100
1991-02-21,5.277778148651123,5.319444179534912,5.263888835906982,5.277778148651123,3.313697338104248,1101600
1991-02-22,5.305555820465088,5.388888835906982,5.25,5.277778148651123,3.313697338104248,890100
1991-02-25,5.305555820465088,5.361111164093018,5.2083330154418945,5.222221851348877,3.2788174152374268,1423800
1991-02-26,5.138888835906982,5.222221851348877,5.138888835906982,5.1666669845581055,3.2439332008361816,1351800
1991-02-27,5.194444179534912,5.305555820465088,5.180555820465088,5.25,3.2962563037872314,1632600
1991-02-28,5.305555820465088,5.430555820465088,5.263888835906982,5.4166669845581055,3.400899887084961,1469700
1991-03-01,5.388888835906982,5.430555820465088,5.347221851348877,5.402778148651123,3.392181158065796,1936800
1991-03-04,5.361111164093018,5.486111164093018,5.361111164093018,5.444444179534912,3.4183387756347656,966600
1991-03-05,5.430555820465088,5.6666669845581055,5.430555820465088,5.625,3.531702995300293,1197000
1991-03-06,5.736111164093018,5.736111164093018,5.597221851348877,5.6666669845581055,3.5578646659851074,1484100
1991-03-07,5.597221851348877,5.611111164093018,5.430555820465088,5.4583330154418945,3.478902578353882,734400
1991-03-08,5.472221851348877,5.472221851348877,5.361111164093018,5.402778148651123,3.4434945583343506,1440900
1991-03-11,5.375,5.388888835906982,5.347221851348877,5.347221851348877,3.40808367729187,821700
1991-03-12,5.347221851348877,5.361111164093018,5.2916669845581055,5.305555820465088,3.3815293312072754,1854900
1991-03-13,5.319444179534912,5.3333330154418945,5.2916669845581055,5.319444179534912,3.390380859375,10434600
1991-03-14,5.3333330154418945,5.361111164093018,5.194444179534912,5.2083330154418945,3.3195621967315674,2861100
1991-03-15,5.2083330154418945,5.222221851348877,5.0833330154418945,5.111111164093018,3.2575976848602295,1857600
1991-03-18,5.111111164093018,5.180555820465088,5.111111164093018,5.111111164093018,3.2575976848602295,1467000
1991-03-19,5.0833330154418945,5.125,5.055555820465088,5.0833330154418945,3.239893913269043,1728900
1991-03-20,5.0833330154418945,5.194444179534912,5.055555820465088,5.180555820465088,3.30185866355896,2220300
1991-03-21,5.180555820465088,5.222221851348877,5.1666669845581055,5.1666669845581055,3.293006181716919,885600
1991-03-22,5.138888835906982,5.2083330154418945,5.138888835906982,5.2083330154418945,3.3195621967315674,1275300
1991-03-25,5.236111164093018,5.3333330154418945,5.222221851348877,5.3333330154418945,3.3992323875427246,948600
1991-03-26,5.388888835906982,5.5416669845581055,5.375,5.5416669845581055,3.5320162773132324,963000
1991-03-27,5.6666669845581055,5.75,5.625,5.7083330154418945,3.6382393836975098,1928700
1991-03-28,5.8333330154418945,5.9166669845581055,5.7083330154418945,5.9166669845581055,3.7710254192352295,3159900
1991-04-01,5.8333330154418945,5.8333330154418945,5.736111164093018,5.763888835906982,3.67364764213562,1759500
1991-04-02,5.75,5.847221851348877,5.75,5.847221851348877,3.7267606258392334,1359900
1991-04-03,5.8333330154418945,6.0,5.8333330154418945,5.9166669845581055,3.7710254192352295,2708100
1991-04-04,5.930555820465088,5.972221851348877,5.9166669845581055,5.9166669845581055,3.7710254192352295,1958400
1991-04-05,5.930555820465088,5.9583330154418945,5.736111164093018,5.736111164093018,3.655947685241699,1215000
1991-04-08,5.777778148651123,5.861111164093018,5.75,5.8333330154418945,3.717911720275879,880200
1991-04-09,5.861111164093018,5.9166669845581055,5.819444179534912,5.8333330154418945,3.717911720275879,1666800
1991-04-10,5.847221851348877,5.875,5.7916669845581055,5.8333330154418945,3.717911720275879,1085400
1991-04-11,5.861111164093018,5.986111164093018,5.861111164093018,5.944444179534912,3.7887277603149414,2621700
1991-04-12,5.986111164093018,6.0,5.944444179534912,5.9583330154418945,3.7975785732269287,1188000
1991-04-15,6.0,6.069444179534912,5.972221851348877,6.013888835906982,3.832988977432251,1542600
1991-04-16,6.027778148651123,6.194444179534912,6.013888835906982,6.194444179534912,3.9480671882629395,2492100
1991-04-17,6.222221851348877,6.277778148651123,6.1666669845581055,6.236111164093018,3.974625587463379,1653300
1991-04-18,6.180555820465088,6.305555820465088,6.180555820465088,6.2916669845581055,4.010030746459961,1728900
1991-04-19,6.25,6.277778148651123,6.180555820465088,6.222221851348877,3.9657692909240723,1719000
1991-04-22,6.2083330154418945,6.2083330154418945,6.111111164093018,6.138888835906982,3.912658452987671,1500300
1991-04-23,6.152778148651123,6.180555820465088,5.944444179534912,5.972221851348877,3.8064301013946533,967500
1991-04-24,5.986111164093018,5.986111164093018,5.888888835906982,5.9166669845581055,3.7710254192352295,659700
1991-04-25,5.8333330154418945,5.847221851348877,5.763888835906982,5.819444179534912,3.7090580463409424,889200
1991-04-26,5.777778148651123,5.777778148651123,5.6666669845581055,5.694444179534912,3.6293890476226807,974700
1991-04-29,5.680555820465088,5.680555820465088,5.472221851348877,5.472221851348877,3.487753391265869,2356200
1991-04-30,5.486111164093018,5.5833330154418945,5.444444179534912,5.472221851348877,3.487753391265869,2455200
1991-05-01,5.5,5.638888835906982,5.5,5.555555820465088,3.540867805480957,1053000
1991-05-02,5.694444179534912,5.763888835906982,5.6666669845581055,5.694444179534912,3.6293890476226807,1603800
1991-05-03,5.6666669845581055,5.680555820465088,5.5,5.555555820465088,3.540867805480957,1302300
1991-05-06,5.597221851348877,5.611111164093018,5.555555820465088,5.597221851348877,3.5674221515655518,1026900
1991-05-07,5.597221851348877,5.597221851348877,5.513888835906982,5.513888835906982,3.5143096446990967,2355300
1991-05-08,5.513888835906982,5.513888835906982,5.402778148651123,5.472221851348877,3.487753391265869,1714500
1991-05-09,5.472221851348877,5.5416669845581055,5.388888835906982,5.5416669845581055,3.5320162773132324,843300
1991-05-10,5.555555820465088,5.597221851348877,5.402778148651123,5.4166669845581055,3.4523448944091797,996300
1991-05-13,5.472221851348877,5.472221851348877,5.388888835906982,5.388888835906982,3.4346401691436768,470700
1991-05-14,5.319444179534912,5.375,5.277778148651123,5.277778148651123,3.3638226985931396,1653300
1991-05-15,5.305555820465088,5.347221851348877,5.1666669845581055,5.222221851348877,3.3284146785736084,1103400
1991-05-16,5.25,5.25,5.194444179534912,5.222221851348877,3.3284146785736084,839700
1991-05-17,5.25,5.25,5.180555820465088,5.2083330154418945,3.3195621967315674,1089900
1991-05-20,5.222221851348877,5.25,5.194444179534912,5.194444179534912,3.3107106685638428,597600
1991-05-21,5.2083330154418945,5.347221851348877,5.2083330154418945,5.305555820465088,3.3815293312072754,1714500
1991-05-22,5.319444179534912,5.375,5.305555820465088,5.375,3.4257895946502686,1833300
1991-05-23,5.375,5.4166669845581055,5.277778148651123,5.3333330154418945,3.3992323875427246,1082700
1991-05-24,5.3333330154418945,5.527778148651123,5.319444179534912,5.444444179534912,3.470047950744629,1278900
1991-05-28,5.472221851348877,5.472221851348877,5.4166669845581055,5.444444179534912,3.470047950744629,1107900
1991-05-29,5.430555820465088,5.444444179534912,5.4166669845581055,5.430555820465088,3.461197853088379,618300
1991-05-30,5.4166669845581055,5.5833330154418945,5.4166669845581055,5.555555820465088,3.540867805480957,1228500
1991-05-31,5.555555820465088,5.777778148651123,5.513888835906982,5.777778148651123,3.682501792907715,1810800
1991-06-03,5.75,5.75,5.5833330154418945,5.611111164093018,3.576277017593384,1672200
1991-06-04,5.555555820465088,5.611111164093018,5.527778148651123,5.611111164093018,3.576277017593384,1310400
1991-06-05,5.611111164093018,5.638888835906982,5.569444179534912,5.5833330154418945,3.558570623397827,482400
1991-06-06,5.472221851348877,5.486111164093018,5.444444179534912,5.444444179534912,3.5233356952667236,800100
1991-06-07,5.4166669845581055,5.4166669845581055,5.388888835906982,5.402778148651123,3.4963746070861816,408600
1991-06-10,5.402778148651123,5.444444179534912,5.361111164093018,5.430555820465088,3.514350414276123,849600
1991-06-11,5.444444179534912,5.444444179534912,5.25,5.305555820465088,3.433457374572754,1022400
1991-06-12,5.277778148651123,5.2916669845581055,5.194444179534912,5.25,3.3975038528442383,3160800
1991-06-13,5.25,5.319444179534912,5.236111164093018,5.305555820465088,3.433457374572754,1161900
1991-06-14,5.277778148651123,5.305555820465088,5.236111164093018,5.263888835906982,3.406491756439209,1131300
1991-06-17,5.25,5.25,5.1666669845581055,5.180555820465088,3.3525640964508057,789300
1991-06-18,5.180555820465088,5.194444179534912,5.0833330154418945,5.125,3.3166120052337646,733500
1991-06-19,5.097221851348877,5.111111164093018,5.0416669845581055,5.097221851348877,3.2986350059509277,1064700
1991-06-20,5.111111164093018,5.194444179534912,5.097221851348877,5.194444179534912,3.3615520000457764,943200
1991-06-21,5.2083330154418945,5.2083330154418945,5.125,5.194444179534912,3.3615520000457764,1331100
1991-06-24,5.194444179534912,5.194444179534912,5.1666669845581055,5.1666669845581055,3.3435747623443604,539100
1991-06-25,5.1666669845581055,5.180555820465088,5.152778148651123,5.1666669845581055,3.3435747623443604,555300
1991-06-26,5.194444179534912,5.25,5.152778148651123,5.222221851348877,3.3795266151428223,401400
1991-06-27,5.263888835906982,5.277778148651123,5.180555820465088,5.222221851348877,3.3795266151428223,488700
1991-06-28,5.180555820465088,5.2083330154418945,5.152778148651123,5.180555820465088,3.3525640964508057,689400
1991-07-01,5.25,5.263888835906982,5.222221851348877,5.222221851348877,3.3795266151428223,912600
1991-07-02,5.222221851348877,5.222221851348877,5.194444179534912,5.2083330154418945,3.370539426803589,709200
1991-07-03,5.2083330154418945,5.2083330154418945,5.111111164093018,5.125,3.3166120052337646,546300
1991-07-05,5.055555820465088,5.0833330154418945,5.055555820465088,5.069444179534912,3.280660390853882,757800
1991-07-08,5.027778148651123,5.027778148651123,4.972221851348877,5.027778148651123,3.253695011138916,1252800
1991-07-09,5.013888835906982,5.055555820465088,5.013888835906982,5.027778148651123,3.253695011138916,1078200
1991-07-10,4.986111164093018,5.069444179534912,4.986111164093018,5.0,3.2357187271118164,1610100
1991-07-11,4.986111164093018,5.0416669845581055,4.9583330154418945,4.986111164093018,3.22672963142395,724500
1991-07-12,5.027778148651123,5.055555820465088,4.944444179534912,4.986111164093018,3.22672963142395,960300
1991-07-15,4.902778148651123,5.055555820465088,4.902778148651123,5.0,3.2357187271118164,1242000
1991-07-16,5.0,5.013888835906982,4.986111164093018,5.013888835906982,3.2447056770324707,1545300
1991-07-17,5.0,5.0,4.888888835906982,4.902778148651123,3.172802209854126,2161800
1991-07-18,4.944444179534912,4.944444179534912,4.888888835906982,4.944444179534912,3.1997647285461426,3735000
1991-07-19,4.944444179534912,5.0,4.9166669845581055,4.986111164093018,3.22672963142395,1271700
1991-07-22,4.9166669845581055,4.9166669845581055,4.763888835906982,4.763888835906982,3.0829200744628906,1282500
1991-07-23,4.7916669845581055,4.902778148651123,4.763888835906982,4.861111164093018,3.1458380222320557,1516500
1991-07-24,4.8333330154418945,4.847221851348877,4.652778148651123,4.680555820465088,3.0289924144744873,2627100
1991-07-25,4.680555820465088,4.722221851348877,4.680555820465088,4.722221851348877,3.0559566020965576,1216800
1991-07-26,4.736111164093018,4.75,4.7083330154418945,4.736111164093018,3.0649445056915283,2001600
1991-07-29,4.736111164093018,4.777778148651123,4.736111164093018,4.763888835906982,3.0829200744628906,1139400
1991-07-30,4.75,4.861111164093018,4.75,4.847221851348877,3.1368494033813477,1838700
1991-07-31,4.875,5.0,4.875,5.0,3.2357187271118164,2319300
1991-08-01,5.0,5.138888835906982,5.0,5.111111164093018,3.3076224327087402,3524400
1991-08-02,5.2083330154418945,5.2083330154418945,5.069444179534912,5.097221851348877,3.2986350059509277,1178100
1991-08-05,5.111111164093018,5.125,5.055555820465088,5.069444179534912,3.280660390853882,914400
1991-08-06,5.055555820465088,5.0833330154418945,5.027778148651123,5.055555820465088,3.271670341491699,1638900
1991-08-07,5.055555820465088,5.055555820465088,5.0,5.055555820465088,3.271670341491699,1397700
1991-08-08,5.0416669845581055,5.069444179534912,4.986111164093018,5.013888835906982,3.2447056770324707,1030500
1991-08-09,5.013888835906982,5.0416669845581055,4.9166669845581055,4.9166669845581055,3.1817898750305176,909900
1991-08-12,4.9166669845581055,4.9166669845581055,4.861111164093018,4.888888835906982,3.1638143062591553,1596600
1991-08-13,4.861111164093018,4.902778148651123,4.847221851348877,4.875,3.154825448989868,3674700
1991-08-14,4.888888835906982,4.902778148651123,4.875,4.888888835906982,3.1638143062591553,1787400
1991-08-15,4.888888835906982,4.930555820465088,4.875,4.902778148651123,3.172802209854126,1193400
1991-08-16,4.9166669845581055,4.9166669845581055,4.763888835906982,4.777778148651123,3.0919089317321777,1177200
1991-08-19,4.638888835906982,4.75,4.5833330154418945,4.680555820465088,3.0289924144744873,1071000
1991-08-20,4.763888835906982,4.805555820465088,4.736111164093018,4.763888835906982,3.0829200744628906,985500
1991-08-21,4.9166669845581055,4.944444179534912,4.805555820465088,4.8333330154418945,3.1278605461120605,1491300
1991-08-22,4.777778148651123,4.819444179534912,4.75,4.763888835906982,3.0829200744628906,888300
1991-08-23,4.763888835906982,4.805555820465088,4.75,4.7916669845581055,3.1008963584899902,921600
1991-08-26,4.819444179534912,4.8333330154418945,4.763888835906982,4.7916669845581055,3.1008963584899902,576900
1991-08-27,4.777778148651123,4.7916669845581055,4.652778148651123,4.652778148651123,3.011016368865967,1860300
1991-08-28,4.6666669845581055,4.680555820465088,4.611111164093018,4.638888835906982,3.0020272731781006,2456100
1991-08-29,4.6666669845581055,4.722221851348877,4.638888835906982,4.7083330154418945,3.046966552734375,720000
1991-08-30,4.694444179534912,4.722221851348877,4.694444179534912,4.722221851348877,3.0559566020965576,1457100
1991-09-03,4.722221851348877,4.75,4.694444179534912,4.694444179534912,3.0379786491394043,1242000
1991-09-04,4.722221851348877,4.722221851348877,4.694444179534912,4.722221851348877,3.0559566020965576,968400
1991-09-05,4.722221851348877,4.736111164093018,4.722221851348877,4.736111164093018,3.0649445056915283,1214100
1991-09-06,4.652778148651123,4.722221851348877,4.638888835906982,4.722221851348877,3.1114320755004883,1500300
1991-09-09,4.7083330154418945,4.736111164093018,4.694444179534912,4.722221851348877,3.1114320755004883,1298700
1991-09-10,4.722221851348877,4.736111164093018,4.694444179534912,4.736111164093018,3.12058424949646,1675800
1991-09-11,4.7083330154418945,4.763888835906982,4.6666669845581055,4.722221851348877,3.1114320755004883,4200300
1991-09-12,4.75,4.888888835906982,4.736111164093018,4.861111164093018,3.202944278717041,1608300
1991-09-13,4.930555820465088,4.944444179534912,4.875,4.944444179534912,3.2578532695770264,2201400
1991-09-16,4.944444179534912,4.972221851348877,4.888888835906982,4.9583330154418945,3.2670040130615234,2026800
1991-09-17,4.944444179534912,4.986111164093018,4.944444179534912,4.986111164093018,3.2853081226348877,666000
1991-09-18,4.986111164093018,4.986111164093018,4.9166669845581055,4.930555820465088,3.248701572418213,459900
1991-09-19,4.9166669845581055,5.013888835906982,4.9166669845581055,5.0,3.2944583892822266,1216800
1991-09-20,5.027778148651123,5.097221851348877,4.972221851348877,5.069444179534912,3.340214490890503,2043900
1991-09-23,5.055555820465088,5.069444179534912,5.0,5.013888835906982,3.3036088943481445,610200
1991-09-24,5.013888835906982,5.027778148651123,4.986111164093018,4.986111164093018,3.2853081226348877,536400
1991-09-25,4.986111164093018,5.0,4.861111164093018,4.888888835906982,3.221247434616089,923400
1991-09-26,4.847221851348877,4.944444179534912,4.8333330154418945,4.9166669845581055,3.2395496368408203,1320300
1991-09-27,4.944444179534912,4.986111164093018,4.930555820465088,4.972221851348877,3.2761545181274414,673200
1991-09-30,4.972221851348877,5.027778148651123,4.930555820465088,5.027778148651123,3.312761068344116,722700
1991-10-01,5.027778148651123,5.055555820465088,4.9166669845581055,4.9166669845581055,3.2395496368408203,1429200
1991-10-02,4.930555820465088,4.986111164093018,4.9166669845581055,4.972221851348877,3.2761545181274414,370800
1991-10-03,4.944444179534912,4.986111164093018,4.930555820465088,4.972221851348877,3.2761545181274414,429300
1991-10-04,4.986111164093018,5.0,4.944444179534912,4.944444179534912,3.2578532695770264,470700
1991-10-07,4.9583330154418945,5.0,4.930555820465088,4.972221851348877,3.2761545181274414,497700
1991-10-08,4.986111164093018,5.055555820465088,4.9583330154418945,5.055555820465088,3.331063747406006,1007100
1991-10-09,5.055555820465088,5.111111164093018,4.902778148651123,4.944444179534912,3.2578532695770264,670500
1991-10-10,4.972221851348877,5.222221851348877,4.944444179534912,5.222221851348877,3.4408786296844482,1593000
1991-10-11,5.222221851348877,5.222221851348877,5.138888835906982,5.1666669845581055,3.4042720794677734,1108800
1991-10-14,5.1666669845581055,5.180555820465088,5.138888835906982,5.138888835906982,3.3859684467315674,515700
1991-10-15,5.138888835906982,5.138888835906982,5.069444179534912,5.111111164093018,3.3676693439483643,765900
1991-10-16,5.0833330154418945,5.138888835906982,5.055555820465088,5.111111164093018,3.3676693439483643,1476000
1991-10-17,5.111111164093018,5.180555820465088,5.055555820465088,5.138888835906982,3.3859684467315674,1572300
1991-10-18,5.152778148651123,5.375,5.152778148651123,5.375,3.5415401458740234,1946700
1991-10-21,5.361111164093018,5.361111164093018,5.222221851348877,5.277778148651123,3.4774839878082275,936000
1991-10-22,5.263888835906982,5.361111164093018,5.263888835906982,5.319444179534912,3.5049374103546143,1760400
1991-10-23,5.319444179534912,5.472221851348877,5.319444179534912,5.430555820465088,3.57814884185791,999900
1991-10-24,5.430555820465088,5.430555820465088,5.361111164093018,5.4166669845581055,3.5689971446990967,655200
1991-10-25,5.4166669845581055,5.4166669845581055,5.2916669845581055,5.319444179534912,3.5049374103546143,1293300
1991-10-28,5.361111164093018,5.375,5.3333330154418945,5.3333330154418945,3.5140886306762695,1274400
1991-10-29,5.347221851348877,5.4583330154418945,5.3333330154418945,5.430555820465088,3.57814884185791,1070100
1991-10-30,5.4583330154418945,5.763888835906982,5.444444179534912,5.694444179534912,3.7520205974578857,2083500
1991-10-31,5.777778148651123,5.777778148651123,5.6666669845581055,5.777778148651123,3.806929349899292,2141100
1991-11-01,5.777778148651123,6.027778148651123,5.736111164093018,5.9583330154418945,3.925896644592285,2431800
1991-11-04,5.930555820465088,5.930555820465088,5.736111164093018,5.7916669845581055,3.816082239151001,1351800
1991-11-05,5.7916669845581055,5.819444179534912,5.680555820465088,5.694444179534912,3.7520205974578857,1666800
1991-11-06,5.736111164093018,5.8333330154418945,5.736111164093018,5.819444179534912,3.834383010864258,1442700
1991-11-07,5.819444179534912,6.027778148651123,5.819444179534912,6.027778148651123,3.9716525077819824,1936800
1991-11-08,6.0833330154418945,6.0833330154418945,5.930555820465088,5.944444179534912,3.9167442321777344,1140300
1991-11-11,5.9166669845581055,6.111111164093018,5.9166669845581055,6.069444179534912,3.9991042613983154,2482200
1991-11-12,6.111111164093018,6.277778148651123,6.0833330154418945,6.25,4.118072509765625,2245500
1991-11-13,6.222221851348877,6.277778148651123,6.1666669845581055,6.263888835906982,4.127223968505859,1903500
1991-11-14,6.3333330154418945,6.527778148651123,6.319444179534912,6.527778148651123,4.301098823547363,2216700
1991-11-15,6.444444179534912,6.444444179534912,6.138888835906982,6.194444179534912,4.081468105316162,2986200
1991-11-18,6.194444179534912,6.194444179534912,5.888888835906982,5.9583330154418945,3.925896644592285,2282400
1991-11-19,5.8333330154418945,5.861111164093018,5.625,5.763888835906982,3.797779083251953,2662200
1991-11-20,5.7916669845581055,5.9166669845581055,5.763888835906982,5.7916669845581055,3.816082239151001,1688400
1991-11-21,5.805555820465088,5.8333330154418945,5.736111164093018,5.75,3.7886264324188232,1741500
1991-11-22,5.75,5.75,5.6666669845581055,5.694444179534912,3.7520205974578857,1086300
1991-11-25,5.694444179534912,5.763888835906982,5.6666669845581055,5.722221851348877,3.77032208442688,1558800
1991-11-26,5.722221851348877,5.8333330154418945,5.7083330154418945,5.819444179534912,3.834383010864258,2236500
1991-11-27,5.805555820465088,5.819444179534912,5.777778148651123,5.805555820465088,3.8252317905426025,856800
1991-11-29,5.805555820465088,5.8333330154418945,5.777778148651123,5.7916669845581055,3.816082239151001,362700
1991-12-02,5.763888835906982,6.0416669845581055,5.736111164093018,6.0416669845581055,3.9808027744293213,2077200
1991-12-03,6.0,6.0416669845581055,5.972221851348877,5.972221851348877,3.9350473880767822,1342800
1991-12-04,5.9583330154418945,5.972221851348877,5.847221851348877,5.888888835906982,3.880138397216797,664200
1991-12-05,5.861111164093018,5.861111164093018,5.777778148651123,5.819444179534912,3.834383010864258,1144800
1991-12-06,5.8333330154418945,5.986111164093018,5.8333330154418945,5.902778148651123,3.8892903327941895,1065600
1991-12-09,5.8333330154418945,5.972221851348877,5.8333330154418945,5.944444179534912,3.9735894203186035,1458000
1991-12-10,5.944444179534912,6.0416669845581055,5.944444179534912,5.986111164093018,4.0014424324035645,930600
1991-12-11,5.9583330154418945,6.013888835906982,5.861111164093018,5.930555820465088,3.9643056392669678,1889100
1991-12-12,5.944444179534912,6.013888835906982,5.9166669845581055,5.944444179534912,3.9735894203186035,656100
1991-12-13,5.944444179534912,5.9583330154418945,5.805555820465088,5.8333330154418945,3.8993165493011475,796500
1991-12-16,5.861111164093018,5.888888835906982,5.777778148651123,5.7916669845581055,3.8714640140533447,2309400
1991-12-17,5.8333330154418945,5.8333330154418945,5.7916669845581055,5.8333330154418945,3.8993165493011475,1026000
1991-12-18,5.888888835906982,5.888888835906982,5.763888835906982,5.8333330154418945,3.8993165493011475,890100
1991-12-19,5.805555820465088,5.805555820465088,5.75,5.777778148651123,3.862180709838867,1224000
1991-12-20,5.888888835906982,6.125,5.861111164093018,6.069444179534912,4.057147026062012,2853000
1991-12-23,6.027778148651123,6.222221851348877,5.972221851348877,6.194444179534912,4.140704154968262,1559700
1991-12-24,6.472221851348877,6.555555820465088,6.444444179534912,6.527778148651123,4.363521575927734,2833200
1991-12-26,6.527778148651123,6.6666669845581055,6.5,6.555555820465088,4.382089138031006,3347100
1991-12-27,6.555555820465088,6.611111164093018,6.555555820465088,6.5833330154418945,4.400659084320068,1215000
1991-12-30,6.597221851348877,6.777778148651123,6.555555820465088,6.763888835906982,4.521350383758545,3033000
1991-12-31,6.805555820465088,6.861111164093018,6.75,6.7916669845581055,4.539919853210449,1447200
1992-01-02,6.694444179534912,6.7083330154418945,6.5833330154418945,6.597221851348877,4.40994119644165,1655100
1992-01-03,6.625,6.680555820465088,6.597221851348877,6.6666669845581055,4.456362247467041,1596600
1992-01-06,6.5833330154418945,6.694444179534912,6.5833330154418945,6.625,4.42850923538208,1482300
1992-01-07,6.625,6.6666669845581055,6.5833330154418945,6.6666669845581055,4.456362247467041,2046600
1992-01-08,6.6666669845581055,6.722221851348877,6.597221851348877,6.625,4.42850923538208,1413000
1992-01-09,6.611111164093018,6.652778148651123,6.527778148651123,6.555555820465088,4.382089138031006,1229400
1992-01-10,6.555555820465088,6.652778148651123,6.555555820465088,6.638888835906982,4.437795639038086,2178000
1992-01-13,6.625,6.652778148651123,6.5833330154418945,6.625,4.42850923538208,1052100
1992-01-14,6.638888835906982,6.75,6.625,6.75,4.5120673179626465,1730700
1992-01-15,6.763888835906982,6.763888835906982,6.625,6.6666669845581055,4.456362247467041,2323800
1992-01-16,6.638888835906982,6.652778148651123,6.5833330154418945,6.652778148651123,4.447080135345459,943200
1992-01-17,6.680555820465088,6.694444179534912,6.5833330154418945,6.638888835906982,4.437795639038086,1194300
1992-01-20,6.611111164093018,6.625,6.472221851348877,6.5,4.344952583312988,1289700
1992-01-21,6.486111164093018,6.5,6.4166669845581055,6.444444179534912,4.307816982269287,1121400
1992-01-22,6.4583330154418945,6.527778148651123,6.430555820465088,6.444444179534912,4.307816982269287,2077200
1992-01-23,6.486111164093018,6.486111164093018,6.4166669845581055,6.430555820465088,4.298534393310547,941400
1992-01-24,6.444444179534912,6.444444179534912,6.3333330154418945,6.347221851348877,4.242828369140625,1643400
1992-01-27,6.361111164093018,6.361111164093018,6.222221851348877,6.236111164093018,4.168555736541748,1250100
1992-01-28,6.277778148651123,6.4583330154418945,6.236111164093018,6.361111164093018,4.252113342285156,1060200
1992-01-29,6.319444179534912,6.361111164093018,6.25,6.263888835906982,4.1871232986450195,1341900
1992-01-30,6.263888835906982,6.263888835906982,6.0416669845581055,6.125,4.094283103942871,1449900
1992-01-31,6.111111164093018,6.111111164093018,5.861111164093018,6.0,4.010726451873779,2439000
1992-02-03,6.027778148651123,6.152778148651123,6.027778148651123,6.138888835906982,4.103565692901611,1587600
1992-02-04,6.111111164093018,6.2083330154418945,6.097221851348877,6.125,4.094283103942871,2102400
1992-02-05,6.125,6.194444179534912,6.111111164093018,6.152778148651123,4.112852096557617,1176300
1992-02-06,6.152778148651123,6.152778148651123,6.013888835906982,6.027778148651123,4.029295444488525,842400
1992-02-07,6.0416669845581055,6.111111164093018,6.0,6.0416669845581055,4.03857946395874,1430100
1992-02-10,6.069444179534912,6.069444179534912,6.0,6.027778148651123,4.029295444488525,1672200
1992-02-11,6.027778148651123,6.0416669845581055,5.819444179534912,5.875,3.9271678924560547,1159200
1992-02-12,5.944444179534912,6.1666669845581055,5.930555820465088,6.138888835906982,4.103565692901611,1566900
1992-02-13,6.138888835906982,6.1666669845581055,5.972221851348877,6.013888835906982,4.020010471343994,670500
1992-02-14,6.027778148651123,6.111111164093018,5.972221851348877,6.055555820465088,4.0478620529174805,1691100
1992-02-18,6.138888835906982,6.222221851348877,6.111111164093018,6.138888835906982,4.103565692901611,2861100
1992-02-19,6.180555820465088,6.2083330154418945,6.125,6.125,4.094283103942871,737100
1992-02-20,6.152778148651123,6.194444179534912,6.125,6.152778148651123,4.112852096557617,2019600
1992-02-21,6.152778148651123,6.222221851348877,6.125,6.222221851348877,4.159270763397217,2307600
1992-02-24,6.2083330154418945,6.222221851348877,6.125,6.138888835906982,4.103565692901611,1493100
1992-02-25,6.125,6.125,5.944444179534912,5.972221851348877,3.9921586513519287,2195100
1992-02-26,5.972221851348877,6.097221851348877,5.972221851348877,6.0833330154418945,4.06643009185791,1480500
1992-02-27,6.097221851348877,6.097221851348877,6.027778148651123,6.0416669845581055,4.03857946395874,450900
1992-02-28,6.069444179534912,6.1666669845581055,6.0416669845581055,6.097221851348877,4.075715065002441,1728900
1992-03-02,6.097221851348877,6.125,6.097221851348877,6.111111164093018,4.0849995613098145,1359000
1992-03-03,6.097221851348877,6.25,6.097221851348877,6.180555820465088,4.13142204284668,1954800
1992-03-04,6.2083330154418945,6.277778148651123,6.180555820465088,6.25,4.177840709686279,887400
1992-03-05,6.236111164093018,6.263888835906982,6.222221851348877,6.25,4.177840709686279,888300
1992-03-06,6.277778148651123,6.277778148651123,6.236111164093018,6.236111164093018,4.168555736541748,1472400
1992-03-09,6.1666669845581055,6.180555820465088,6.152778148651123,6.1666669845581055,4.178719997406006,738000
1992-03-10,6.1666669845581055,6.236111164093018,6.1666669845581055,6.194444179534912,4.197543621063232,749700
1992-03-11,6.180555820465088,6.180555820465088,5.972221851348877,6.069444179534912,4.112839221954346,1415700
1992-03-12,6.0833330154418945,6.222221851348877,6.0833330154418945,6.1666669845581055,4.178719997406006,738000
1992-03-13,6.222221851348877,6.236111164093018,6.1666669845581055,6.222221851348877,4.216364860534668,758700
1992-03-16,6.236111164093018,6.25,6.2083330154418945,6.222221851348877,4.216364860534668,932400
1992-03-17,6.236111164093018,6.263888835906982,6.222221851348877,6.25,4.235189914703369,723600
1992-03-18,6.263888835906982,6.277778148651123,6.2083330154418945,6.25,4.235189914703369,686700
1992-03-19,6.277778148651123,6.305555820465088,6.236111164093018,6.305555820465088,4.272834777832031,1872900
1992-03-20,6.319444179534912,6.3333330154418945,6.180555820465088,6.194444179534912,4.197543621063232,1190700
1992-03-23,6.1666669845581055,6.180555820465088,6.0833330154418945,6.097221851348877,4.131662368774414,727200
1992-03-24,6.125,6.1666669845581055,6.0,6.027778148651123,4.084605693817139,739800
1992-03-25,6.0416669845581055,6.0416669845581055,5.9166669845581055,5.9166669845581055,4.009313106536865,921600
1992-03-26,5.972221851348877,6.0,5.9166669845581055,5.9166669845581055,4.009313106536865,508500
1992-03-27,5.9166669845581055,5.930555820465088,5.861111164093018,5.875,3.9810760021209717,447300
1992-03-30,5.847221851348877,5.847221851348877,5.611111164093018,5.777778148651123,3.9151968955993652,1775700
1992-03-31,5.736111164093018,5.7916669845581055,5.652778148651123,5.652778148651123,3.830495595932007,1483200
1992-04-01,5.652778148651123,5.6666669845581055,5.5833330154418945,5.638888835906982,3.821080446243286,1348200
1992-04-02,5.652778148651123,5.722221851348877,5.611111164093018,5.638888835906982,3.821080446243286,936000
1992-04-03,5.625,5.652778148651123,5.527778148651123,5.5833330154418945,3.783435583114624,1373400
1992-04-06,5.625,5.638888835906982,5.569444179534912,5.597221851348877,3.792844772338867,823500
1992-04-07,5.5833330154418945,5.5833330154418945,5.4166669845581055,5.444444179534912,3.6893198490142822,2193300
1992-04-08,5.361111164093018,5.402778148651123,5.25,5.277778148651123,3.5763823986053467,1500300
1992-04-09,5.305555820465088,5.5416669845581055,5.277778148651123,5.527778148651123,3.745788812637329,1828800
1992-04-10,5.5833330154418945,5.75,5.527778148651123,5.694444179534912,3.8587276935577393,1501200
1992-04-13,5.6666669845581055,5.7083330154418945,5.6666669845581055,5.7083330154418945,3.8681414127349854,738000
1992-04-14,5.722221851348877,5.805555820465088,5.722221851348877,5.805555820465088,3.934020519256592,990900
1992-04-15,5.847221851348877,5.888888835906982,5.819444179534912,5.875,3.9810760021209717,1152900
1992-04-16,5.888888835906982,5.930555820465088,5.847221851348877,5.930555820465088,4.018723487854004,1026900
1992-04-20,5.875,5.888888835906982,5.8333330154418945,5.847221851348877,3.962252140045166,558900
1992-04-21,5.736111164093018,5.763888835906982,5.555555820465088,5.6666669845581055,3.839905261993408,2440800
1992-04-22,5.694444179534912,5.694444179534912,5.597221851348877,5.638888835906982,3.821080446243286,1109700
1992-04-23,5.652778148651123,5.7083330154418945,5.638888835906982,5.680555820465088,3.8493170738220215,674100
1992-04-24,5.736111164093018,5.736111164093018,5.638888835906982,5.694444179534912,3.8587276935577393,585900
1992-04-27,5.694444179534912,5.722221851348877,5.611111164093018,5.611111164093018,3.802259922027588,466200
1992-04-28,5.625,5.6666669845581055,5.625,5.6666669845581055,3.839905261993408,434700
1992-04-29,5.680555820465088,5.847221851348877,5.6666669845581055,5.805555820465088,3.934020519256592,905400
1992-04-30,5.8333330154418945,5.8333330154418945,5.7083330154418945,5.75,3.896373987197876,940500
1992-05-01,5.75,5.75,5.6666669845581055,5.6666669845581055,3.839905261993408,670500
1992-05-04,5.680555820465088,5.8333330154418945,5.680555820465088,5.75,3.896373987197876,530100
1992-05-05,5.972221851348877,6.0,5.8333330154418945,5.8333330154418945,3.9528424739837646,2736900
1992-05-06,5.847221851348877,5.847221851348877,5.805555820465088,5.819444179534912,3.9434316158294678,734400
1992-05-07,5.7916669845581055,5.847221851348877,5.7916669845581055,5.8333330154418945,3.9528424739837646,438300
1992-05-08,5.847221851348877,5.875,5.8333330154418945,5.861111164093018,3.9716637134552,540000
1992-05-11,5.888888835906982,5.9166669845581055,5.847221851348877,5.902778148651123,3.999901294708252,549000
1992-05-12,5.902778148651123,5.930555820465088,5.875,5.888888835906982,3.990488052368164,952200
1992-05-13,5.888888835906982,5.902778148651123,5.875,5.902778148651123,3.999901294708252,909000
1992-05-14,5.9166669845581055,5.9166669845581055,5.763888835906982,5.8333330154418945,3.9528424739837646,1514700
1992-05-15,5.819444179534912,5.847221851348877,5.777778148651123,5.8333330154418945,3.9528424739837646,928800
1992-05-18,5.861111164093018,5.875,5.736111164093018,5.75,3.896373987197876,1252800
1992-05-19,5.75,5.763888835906982,5.652778148651123,5.763888835906982,3.9057862758636475,1267200
1992-05-20,5.736111164093018,5.75,5.555555820465088,5.5833330154418945,3.783435583114624,1689300
1992-05-21,5.5833330154418945,5.638888835906982,5.513888835906982,5.5833330154418945,3.783435583114624,1074600
1992-05-22,5.597221851348877,5.611111164093018,5.555555820465088,5.5833330154418945,3.783435583114624,499500
1992-05-26,5.597221851348877,5.611111164093018,5.527778148651123,5.611111164093018,3.802259922027588,638100
1992-05-27,5.611111164093018,5.680555820465088,5.611111164093018,5.652778148651123,3.830495595932007,855000
1992-05-28,5.6666669845581055,5.7916669845581055,5.652778148651123,5.777778148651123,3.9151968955993652,1624500
1992-05-29,5.777778148651123,5.777778148651123,5.722221851348877,5.722221851348877,3.877551555633545,2052900
1992-06-01,5.736111164093018,5.736111164093018,5.652778148651123,5.694444179534912,3.8587276935577393,755100
1992-06-02,5.680555820465088,5.777778148651123,5.6666669845581055,5.722221851348877,3.877551555633545,594000
1992-06-03,5.75,5.819444179534912,5.722221851348877,5.819444179534912,3.9434316158294678,509400
1992-06-04,5.861111164093018,5.861111164093018,5.7916669845581055,5.7916669845581055,3.924607515335083,1348200
1992-06-05,5.777778148651123,5.972221851348877,5.763888835906982,5.944444179534912,4.028134822845459,1630800
1992-06-08,5.861111164093018,5.9583330154418945,5.847221851348877,5.9583330154418945,4.095728874206543,1026900
1992-06-09,5.972221851348877,6.097221851348877,5.944444179534912,6.055555820465088,4.162559509277344,1337400
1992-06-10,6.013888835906982,6.097221851348877,6.013888835906982,6.0833330154418945,4.181652069091797,1910700
1992-06-11,6.055555820465088,6.125,6.027778148651123,6.125,4.210296630859375,838800
1992-06-12,6.1666669845581055,6.1666669845581055,6.027778148651123,6.027778148651123,4.143464088439941,8766000
1992-06-15,6.027778148651123,6.097221851348877,6.027778148651123,6.069444179534912,4.172104835510254,645300
1992-06-16,6.069444179534912,6.097221851348877,6.069444179534912,6.0833330154418945,4.181652069091797,673200
1992-06-17,6.069444179534912,6.111111164093018,6.055555820465088,6.069444179534912,4.172104835510254,562500
1992-06-18,6.0416669845581055,6.0833330154418945,5.972221851348877,6.0833330154418945,4.181652069091797,1084500
1992-06-19,6.0833330154418945,6.222221851348877,6.0833330154418945,6.222221851348877,4.277122974395752,1710000
1992-06-22,6.2083330154418945,6.2083330154418945,6.111111164093018,6.138888835906982,4.219840049743652,678600
1992-06-23,6.1666669845581055,6.277778148651123,6.152778148651123,6.277778148651123,4.315310478210449,975600
1992-06-24,6.277778148651123,6.4166669845581055,6.277778148651123,6.361111164093018,4.372596263885498,1196100
1992-06-25,6.388888835906982,6.388888835906982,6.194444179534912,6.194444179534912,4.258031368255615,2395800
1992-06-26,6.194444179534912,6.2083330154418945,6.0833330154418945,6.138888835906982,4.219840049743652,1804500
1992-06-29,6.111111164093018,6.125,6.0833330154418945,6.097221851348877,4.191198825836182,3122100
1992-06-30,6.125,6.263888835906982,6.111111164093018,6.194444179534912,4.258031368255615,1581300
1992-07-01,6.222221851348877,6.25,6.194444179534912,6.236111164093018,4.286670684814453,962100
1992-07-02,6.180555820465088,6.236111164093018,6.1666669845581055,6.194444179534912,4.258031368255615,1123200
1992-07-06,6.194444179534912,6.2083330154418945,6.125,6.194444179534912,4.258031368255615,747900
1992-07-07,6.194444179534912,6.2083330154418945,6.125,6.138888835906982,4.219840049743652,633600
1992-07-08,6.125,6.194444179534912,6.125,6.1666669845581055,4.238936424255371,909000
1992-07-09,6.152778148651123,6.263888835906982,6.152778148651123,6.2083330154418945,4.267576694488525,1939500
1992-07-10,6.236111164093018,6.361111164093018,6.222221851348877,6.319444179534912,4.343954086303711,1845900
1992-07-13,6.305555820465088,6.319444179534912,6.222221851348877,6.25,4.2962188720703125,1567800
1992-07-14,6.222221851348877,6.3333330154418945,6.125,6.125,4.210296630859375,1650600
1992-07-15,5.9166669845581055,6.097221851348877,5.888888835906982,6.027778148651123,4.143464088439941,3097800
1992-07-16,6.013888835906982,6.055555820465088,6.0,6.027778148651123,4.143464088439941,1985400
1992-07-17,6.027778148651123,6.0416669845581055,5.9166669845581055,5.9166669845581055,4.0670857429504395,2214000
1992-07-20,5.8333330154418945,5.9166669845581055,5.819444179534912,5.875,4.038445949554443,1202400
1992-07-21,5.902778148651123,5.986111164093018,5.875,5.986111164093018,4.114824295043945,1343700
1992-07-22,5.972221851348877,6.069444179534912,5.944444179534912,6.027778148651123,4.143464088439941,968400
1992-07-23,6.013888835906982,6.069444179534912,6.0,6.069444179534912,4.172104835510254,2444400
1992-07-24,6.0416669845581055,6.0416669845581055,5.986111164093018,6.0,4.124372959136963,413100
1992-07-27,6.027778148651123,6.027778148651123,5.9166669845581055,5.9166669845581055,4.0670857429504395,895500
1992-07-28,5.944444179534912,5.986111164093018,5.944444179534912,5.972221851348877,4.105274677276611,1170900
1992-07-29,6.013888835906982,6.055555820465088,5.986111164093018,6.0,4.124372959136963,2554200
1992-07-30,6.027778148651123,6.125,6.013888835906982,6.111111164093018,4.200747966766357,1066500
1992-07-31,6.097221851348877,6.097221851348877,6.069444179534912,6.0833330154418945,4.181652069091797,478800
1992-08-03,6.069444179534912,6.0833330154418945,6.027778148651123,6.027778148651123,4.143464088439941,251100
1992-08-04,6.055555820465088,6.125,6.027778148651123,6.055555820465088,4.162559509277344,644400
1992-08-05,6.0416669845581055,6.125,6.027778148651123,6.125,4.210296630859375,880200
1992-08-06,6.152778148651123,6.194444179534912,6.097221851348877,6.111111164093018,4.200747966766357,684900
1992-08-07,6.125,6.125,6.027778148651123,6.055555820465088,4.162559509277344,1215900
1992-08-10,6.027778148651123,6.069444179534912,6.013888835906982,6.069444179534912,4.172104835510254,513900
1992-08-11,6.069444179534912,6.111111164093018,6.0416669845581055,6.111111164093018,4.200747966766357,1216800
1992-08-12,6.111111164093018,6.111111164093018,6.027778148651123,6.027778148651123,4.143464088439941,696600
1992-08-13,6.055555820465088,6.055555820465088,6.027778148651123,6.055555820465088,4.162559509277344,675900
1992-08-14,6.069444179534912,6.097221851348877,6.027778148651123,6.055555820465088,4.162559509277344,361800
1992-08-17,6.055555820465088,6.055555820465088,5.986111164093018,5.986111164093018,4.114824295043945,603900
1992-08-18,5.972221851348877,6.0,5.9166669845581055,5.9583330154418945,4.095728874206543,819000
1992-08-19,5.930555820465088,5.944444179534912,5.777778148651123,5.805555820465088,3.9907097816467285,1135800
1992-08-20,5.8333330154418945,5.8333330154418945,5.638888835906982,5.638888835906982,3.876143455505371,1089900
1992-08-21,5.736111164093018,5.763888835906982,5.6666669845581055,5.736111164093018,3.9429750442504883,1779300
1992-08-24,5.6666669845581055,5.694444179534912,5.611111164093018,5.6666669845581055,3.8952393531799316,1665900
1992-08-25,5.638888835906982,5.680555820465088,5.611111164093018,5.638888835906982,3.876143455505371,1190700
1992-08-26,5.611111164093018,5.680555820465088,5.597221851348877,5.680555820465088,3.9047868251800537,676800
1992-08-27,5.7083330154418945,5.805555820465088,5.694444179534912,5.694444179534912,3.9143335819244385,818100
1992-08-28,5.694444179534912,5.7083330154418945,5.625,5.652778148651123,3.8856923580169678,774900
1992-08-31,5.680555820465088,5.736111164093018,5.652778148651123,5.6666669845581055,3.8952393531799316,690300
1992-09-01,5.6666669845581055,5.680555820465088,5.555555820465088,5.597221851348877,3.847501039505005,766800
1992-09-02,5.625,5.75,5.611111164093018,5.75,3.952521800994873,759600
1992-09-03,5.777778148651123,5.8333330154418945,5.763888835906982,5.7916669845581055,3.981163740158081,1368900
1992-09-04,5.736111164093018,5.736111164093018,5.680555820465088,5.680555820465088,3.96256160736084,420300
1992-09-08,5.694444179534912,5.7083330154418945,5.527778148651123,5.555555820465088,3.8753662109375,798300
1992-09-09,5.555555820465088,5.5833330154418945,5.5,5.527778148651123,3.855989456176758,1400400
1992-09-10,5.513888835906982,5.527778148651123,5.375,5.4166669845581055,3.77848219871521,1296000
1992-09-11,5.472221851348877,5.527778148651123,5.402778148651123,5.513888835906982,3.846298933029175,7099200
1992-09-14,5.5833330154418945,5.5833330154418945,5.361111164093018,5.402778148651123,3.768794059753418,2169000
1992-09-15,5.388888835906982,5.388888835906982,5.2916669845581055,5.305555820465088,3.7009739875793457,1951200
1992-09-16,5.2916669845581055,5.5,5.277778148651123,5.388888835906982,3.7591028213500977,2079900
1992-09-17,5.402778148651123,5.4166669845581055,5.305555820465088,5.305555820465088,3.7009739875793457,754200
1992-09-18,5.375,5.430555820465088,5.3333330154418945,5.430555820465088,3.7881691455841064,1219500
1992-09-21,5.430555820465088,5.472221851348877,5.375,5.388888835906982,3.7591028213500977,1810800
1992-09-22,5.388888835906982,5.388888835906982,5.236111164093018,5.236111164093018,3.6525325775146484,1473300
1992-09-23,5.263888835906982,5.305555820465088,5.25,5.277778148651123,3.681598424911499,1421100
1992-09-24,5.3333330154418945,5.7083330154418945,5.3333330154418945,5.638888835906982,3.9334943294525146,3870900
1992-09-25,5.638888835906982,5.763888835906982,5.597221851348877,5.625,3.9238057136535645,2533500
1992-09-28,5.611111164093018,5.736111164093018,5.611111164093018,5.736111164093018,4.001312732696533,1092600
1992-09-29,5.736111164093018,5.736111164093018,5.6666669845581055,5.694444179534912,3.972249984741211,979200
1992-09-30,5.611111164093018,5.625,5.5416669845581055,5.555555820465088,3.8753662109375,2186100
1992-10-01,5.5416669845581055,5.861111164093018,5.5416669845581055,5.8333330154418945,4.069133281707764,3658500
1992-10-02,5.8333330154418945,5.847221851348877,5.763888835906982,5.777778148651123,4.030378818511963,1483200
1992-10-05,5.7083330154418945,5.777778148651123,5.527778148651123,5.736111164093018,4.001312732696533,3186900
1992-10-06,5.805555820465088,5.819444179534912,5.694444179534912,5.694444179534912,3.972249984741211,1443600
1992-10-07,5.694444179534912,5.805555820465088,5.680555820465088,5.736111164093018,4.001312732696533,1863900
1992-10-08,5.75,5.819444179534912,5.722221851348877,5.7916669845581055,4.040066242218018,3141000
1992-10-09,5.777778148651123,5.7916669845581055,5.736111164093018,5.75,4.011004447937012,1257300
1992-10-12,5.736111164093018,5.8333330154418945,5.736111164093018,5.805555820465088,4.049757480621338,436500
1992-10-13,5.819444179534912,5.861111164093018,5.75,5.75,4.011004447937012,1490400
1992-10-14,5.736111164093018,5.7916669845581055,5.6666669845581055,5.75,4.011004447937012,443700
1992-10-15,5.722221851348877,5.763888835906982,5.722221851348877,5.75,4.011004447937012,345600
1992-10-16,5.777778148651123,5.805555820465088,5.736111164093018,5.805555820465088,4.049757480621338,1325700
1992-10-19,5.777778148651123,5.819444179534912,5.736111164093018,5.75,4.011004447937012,699300
1992-10-20,5.777778148651123,5.7916669845581055,5.736111164093018,5.75,4.011004447937012,809100
1992-10-21,5.736111164093018,5.736111164093018,5.7083330154418945,5.736111164093018,4.001312732696533,1152000
1992-10-22,5.722221851348877,5.75,5.680555820465088,5.694444179534912,3.972249984741211,1622700
1992-10-23,5.694444179534912,5.694444179534912,5.625,5.638888835906982,3.9334943294525146,2496600
1992-10-26,5.652778148651123,5.847221851348877,5.625,5.819444179534912,4.059443950653076,1404900
1992-10-27,5.819444179534912,5.847221851348877,5.7916669845581055,5.819444179534912,4.059443950653076,494100
1992-10-28,5.819444179534912,5.861111164093018,5.7916669845581055,5.8333330154418945,4.069133281707764,711900
1992-10-29,5.8333330154418945,5.8333330154418945,5.7916669845581055,5.805555820465088,4.049757480621338,1204200
1992-10-30,5.8333330154418945,5.8333330154418945,5.694444179534912,5.7083330154418945,3.981940269470215,777600
1992-11-02,5.7083330154418945,5.8333330154418945,5.7083330154418945,5.8333330154418945,4.069133281707764,1863000
1992-11-03,5.819444179534912,5.8333330154418945,5.722221851348877,5.75,4.011004447937012,833400
1992-11-04,5.736111164093018,5.736111164093018,5.597221851348877,5.694444179534912,3.972249984741211,1343700
1992-11-05,5.652778148651123,5.7083330154418945,5.638888835906982,5.680555820465088,3.96256160736084,675900
1992-11-06,5.694444179534912,5.722221851348877,5.6666669845581055,5.7083330154418945,3.981940269470215,437400
1992-11-09,5.694444179534912,5.75,5.6666669845581055,5.722221851348877,3.9916255474090576,464400
1992-11-10,5.722221851348877,5.75,5.611111164093018,5.611111164093018,3.9141182899475098,720900
1992-11-11,5.694444179534912,5.75,5.694444179534912,5.7083330154418945,3.981940269470215,1519200
1992-11-12,5.722221851348877,5.944444179534912,5.7083330154418945,5.930555820465088,4.1369524002075195,2159100
1992-11-13,5.930555820465088,5.9583330154418945,5.8333330154418945,5.847221851348877,4.078821182250977,1117800
1992-11-16,5.875,6.0,5.8333330154418945,6.0,4.185391902923584,1408500
1992-11-17,6.0,6.097221851348877,5.986111164093018,6.0833330154418945,4.243524074554443,1589400
1992-11-18,6.055555820465088,6.1666669845581055,6.055555820465088,6.0833330154418945,4.243524074554443,1282500
1992-11-19,6.055555820465088,6.069444179534912,6.027778148651123,6.0416669845581055,4.214460849761963,440100
1992-11-20,6.0416669845581055,6.069444179534912,6.013888835906982,6.0416669845581055,4.214460849761963,953100
1992-11-23,6.0416669845581055,6.097221851348877,6.013888835906982,6.0833330154418945,4.243524074554443,810000
1992-11-24,6.097221851348877,6.263888835906982,6.097221851348877,6.222221851348877,4.340407848358154,2286000
1992-11-25,6.25,6.3333330154418945,6.25,6.319444179534912,4.408226490020752,1006200
1992-11-27,6.3333330154418945,6.361111164093018,6.2916669845581055,6.305555820465088,4.398540019989014,198000
1992-11-30,6.3333330154418945,6.3333330154418945,6.277778148651123,6.305555820465088,4.398540019989014,431100
1992-12-01,6.319444179534912,6.3333330154418945,6.277778148651123,6.305555820465088,4.398540019989014,756000
1992-12-02,6.277778148651123,6.277778148651123,6.222221851348877,6.277778148651123,4.3791608810424805,1249200
1992-12-03,6.277778148651123,6.3333330154418945,6.277778148651123,6.3333330154418945,4.417915344238281,1401300
1992-12-04,6.3333330154418945,6.555555820465088,6.319444179534912,6.527778148651123,4.553555011749268,3123900
1992-12-07,6.5,6.569444179534912,6.472221851348877,6.569444179534912,4.642677307128906,1480500
1992-12-08,6.569444179534912,6.652778148651123,6.5416669845581055,6.5416669845581055,4.623045921325684,2234700
1992-12-09,6.5,6.513888835906982,6.388888835906982,6.402778148651123,4.524892330169678,1431000
1992-12-10,6.4166669845581055,6.444444179534912,6.277778148651123,6.2916669845581055,4.446372032165527,1208700
1992-12-11,6.277778148651123,6.2916669845581055,6.222221851348877,6.25,4.4169230461120605,1276200
1992-12-14,6.25,6.375,6.236111164093018,6.347221851348877,4.485631465911865,773100
1992-12-15,6.3333330154418945,6.486111164093018,6.3333330154418945,6.444444179534912,4.5543389320373535,2305800
1992-12-16,6.472221851348877,6.472221851348877,6.319444179534912,6.361111164093018,4.495447635650635,2410200
1992-12-17,6.361111164093018,6.361111164093018,6.277778148651123,6.3333330154418945,4.475816249847412,1485000
1992-12-18,6.3333330154418945,6.347221851348877,6.25,6.347221851348877,4.485631465911865,2913300
1992-12-21,6.347221851348877,6.430555820465088,6.319444179534912,6.361111164093018,4.495447635650635,3466800
1992-12-22,6.361111164093018,6.361111164093018,6.222221851348877,6.222221851348877,4.397292137145996,1181700
1992-12-23,6.236111164093018,6.277778148651123,6.222221851348877,6.236111164093018,4.407109260559082,1565100
1992-12-24,6.222221851348877,6.222221851348877,6.194444179534912,6.222221851348877,4.397292137145996,338400
1992-12-28,6.236111164093018,6.25,6.1666669845581055,6.222221851348877,4.397292137145996,567000
1992-12-29,6.277778148651123,6.375,6.25,6.3333330154418945,4.475816249847412,2407500
1992-12-30,6.3333330154418945,6.4166669845581055,6.319444179534912,6.4166669845581055,4.5347065925598145,607500
1992-12-31,6.444444179534912,6.527778148651123,6.444444179534912,6.513888835906982,4.603414535522461,1111500
1993-01-04,6.527778148651123,6.527778148651123,6.486111164093018,6.513888835906982,4.603414535522461,2721600
1993-01-05,6.5,6.513888835906982,6.444444179534912,6.472221851348877,4.57396936416626,1372500
1993-01-06,6.472221851348877,6.5833330154418945,6.472221851348877,6.5416669845581055,4.623045921325684,1419300
1993-01-07,6.569444179534912,6.611111164093018,6.5,6.5416669845581055,4.623045921325684,2454300
1993-01-08,6.5416669845581055,6.5416669845581055,6.361111164093018,6.430555820465088,4.544522285461426,1005300
1993-01-11,6.4166669845581055,6.4166669845581055,6.361111164093018,6.4166669845581055,4.5347065925598145,703800
1993-01-12,6.4166669845581055,6.472221851348877,6.388888835906982,6.472221851348877,4.57396936416626,951300
1993-01-13,6.472221851348877,6.472221851348877,6.402778148651123,6.4583330154418945,4.564153671264648,619200
1993-01-14,6.4583330154418945,6.5,6.375,6.5,4.593601703643799,955800
1993-01-15,6.5,6.777778148651123,6.493055820465088,6.694444179534912,4.731013774871826,4658400
1993-01-18,6.680555820465088,6.680555820465088,6.597221851348877,6.6666669845581055,4.711385726928711,633600
1993-01-19,6.6666669845581055,6.6666669845581055,6.5833330154418945,6.6666669845581055,4.711385726928711,827100
1993-01-20,6.6666669845581055,6.680555820465088,6.638888835906982,6.6666669845581055,4.711385726928711,962100
1993-01-21,6.6666669845581055,6.6666669845581055,6.611111164093018,6.638888835906982,4.691752910614014,972000
1993-01-22,6.597221851348877,6.597221851348877,6.513888835906982,6.527778148651123,4.613232135772705,3516300
1993-01-25,6.527778148651123,6.763888835906982,6.513888835906982,6.75,4.77027702331543,2574000
1993-01-26,6.805555820465088,6.9166669845581055,6.7916669845581055,6.861111164093018,4.848799705505371,4287600
1993-01-27,6.8333330154418945,6.847221851348877,6.805555820465088,6.819444179534912,4.81935453414917,1357200
1993-01-28,6.847221851348877,6.902778148651123,6.819444179534912,6.847221851348877,4.83898401260376,2025000
1993-01-29,6.847221851348877,6.888888835906982,6.819444179534912,6.888888835906982,4.868431568145752,1485900
1993-02-01,6.888888835906982,7.152778148651123,6.888888835906982,7.152778148651123,5.054924488067627,4749300
1993-02-02,7.125,7.152778148651123,7.0833330154418945,7.138888835906982,5.045108318328857,2461500
1993-02-03,7.152778148651123,7.402778148651123,7.125,7.375,5.211970806121826,4413600
1993-02-04,7.555555820465088,7.555555820465088,7.5,7.513888835906982,5.310123920440674,2759400
1993-02-05,7.5,7.5,7.277778148651123,7.277778148651123,5.143260478973389,2223900
1993-02-08,7.263888835906982,7.4166669845581055,7.2083330154418945,7.3333330154418945,5.182524681091309,2595600
1993-02-09,7.25,7.347221851348877,7.222221851348877,7.3333330154418945,5.182524681091309,975600
1993-02-10,7.3333330154418945,7.4166669845581055,7.3333330154418945,7.375,5.211970806121826,1431900
1993-02-11,7.375,7.486111164093018,7.375,7.375,5.211970806121826,2467800
1993-02-12,7.361111164093018,7.361111164093018,7.194444179534912,7.236111164093018,5.113815784454346,2695500
1993-02-16,7.138888835906982,7.138888835906982,6.9166669845581055,7.069444179534912,4.996030807495117,4068900
1993-02-17,7.138888835906982,7.138888835906982,6.944444179534912,6.944444179534912,4.907693386077881,2673000
1993-02-18,7.0,7.027778148651123,6.680555820465088,6.847221851348877,4.83898401260376,2047500
1993-02-19,6.888888835906982,6.888888835906982,6.763888835906982,6.847221851348877,4.83898401260376,2967300
1993-02-22,6.8333330154418945,6.847221851348877,6.375,6.472221851348877,4.57396936416626,3020400
1993-02-23,6.527778148651123,6.527778148651123,6.388888835906982,6.5,4.593601703643799,2623500
1993-02-24,6.513888835906982,6.736111164093018,6.513888835906982,6.694444179534912,4.731013774871826,2581200
1993-02-25,6.722221851348877,6.888888835906982,6.722221851348877,6.847221851348877,4.83898401260376,3662100
1993-02-26,6.875,6.902778148651123,6.819444179534912,6.847221851348877,4.83898401260376,1274400
1993-03-01,6.847221851348877,6.847221851348877,6.777778148651123,6.777778148651123,4.789910793304443,2337300
1993-03-02,6.7916669845581055,6.805555820465088,6.763888835906982,6.805555820465088,4.809537887573242,1728000
1993-03-03,6.7916669845581055,6.861111164093018,6.7916669845581055,6.819444179534912,4.81935453414917,1443600
1993-03-04,6.847221851348877,6.847221851348877,6.75,6.75,4.77027702331543,1335600
1993-03-05,6.777778148651123,6.777778148651123,6.7083330154418945,6.722221851348877,4.750648021697998,903600
1993-03-08,6.680555820465088,6.777778148651123,6.652778148651123,6.777778148651123,4.850845813751221,1712700
1993-03-09,6.777778148651123,6.875,6.777778148651123,6.847221851348877,4.900544166564941,2138400
1993-03-10,6.847221851348877,6.875,6.763888835906982,6.8333330154418945,4.890605449676514,881100
1993-03-11,6.888888835906982,6.944444179534912,6.875,6.902778148651123,4.940308094024658,1303200
1993-03-12,6.875,6.875,6.694444179534912,6.694444179534912,4.791201114654541,1878300
1993-03-15,6.75,6.75,6.638888835906982,6.736111164093018,4.821023941040039,2070000
1993-03-16,6.75,6.847221851348877,6.75,6.805555820465088,4.870723247528076,1647900
1993-03-17,6.805555820465088,6.875,6.805555820465088,6.819444179534912,4.880665302276611,956700
1993-03-18,6.819444179534912,6.9166669845581055,6.819444179534912,6.9166669845581055,4.950246334075928,572400
1993-03-19,7.0,7.152778148651123,6.986111164093018,7.0416669845581055,5.03971004486084,2576700
1993-03-22,7.013888835906982,7.0416669845581055,6.930555820465088,7.0416669845581055,5.03971004486084,1336500
1993-03-23,7.0416669845581055,7.0833330154418945,7.013888835906982,7.027778148651123,5.029768466949463,1546200
1993-03-24,7.0,7.055555820465088,6.972221851348877,6.972221851348877,4.990006923675537,918900
1993-03-25,6.986111164093018,6.986111164093018,6.902778148651123,6.902778148651123,4.940308094024658,979200
1993-03-26,6.930555820465088,6.930555820465088,6.847221851348877,6.847221851348877,4.900544166564941,1135800
1993-03-29,6.861111164093018,6.930555820465088,6.847221851348877,6.930555820465088,4.96018648147583,1146600
1993-03-30,6.944444179534912,6.944444179534912,6.8333330154418945,6.847221851348877,4.900544166564941,1008000
1993-03-31,6.875,6.9166669845581055,6.8333330154418945,6.888888835906982,4.9303669929504395,1455300
1993-04-01,6.902778148651123,6.902778148651123,6.847221851348877,6.861111164093018,4.910484790802002,1204200
1993-04-02,6.861111164093018,6.861111164093018,6.722221851348877,6.75,4.830963611602783,1231200
1993-04-05,6.7083330154418945,6.763888835906982,6.6666669845581055,6.6666669845581055,4.771322250366211,1271700
1993-04-06,6.694444179534912,6.805555820465088,6.625,6.7916669845581055,4.860785007476807,2093400
1993-04-07,6.777778148651123,6.7916669845581055,6.722221851348877,6.75,4.830963611602783,855000
1993-04-08,6.777778148651123,6.777778148651123,6.680555820465088,6.694444179534912,4.791201114654541,1256400
1993-04-12,6.722221851348877,6.875,6.722221851348877,6.861111164093018,4.910484790802002,1701900
1993-04-13,6.8333330154418945,6.847221851348877,6.777778148651123,6.819444179534912,4.880665302276611,885600
1993-04-14,6.819444179534912,6.847221851348877,6.819444179534912,6.847221851348877,4.900544166564941,709200
1993-04-15,6.861111164093018,6.972221851348877,6.861111164093018,6.902778148651123,4.940308094024658,1311300
1993-04-16,6.9166669845581055,6.930555820465088,6.875,6.9166669845581055,4.950246334075928,1638900
1993-04-19,6.930555820465088,7.027778148651123,6.902778148651123,7.0,5.009889602661133,2059200
1993-04-20,7.0,7.055555820465088,6.986111164093018,7.055555820465088,5.049649715423584,2799000
1993-04-21,7.055555820465088,7.055555820465088,6.9583330154418945,6.9583330154418945,4.980067253112793,509400
1993-04-22,6.9583330154418945,6.9583330154418945,6.805555820465088,6.805555820465088,4.870723247528076,2155500
1993-04-23,6.7916669845581055,6.847221851348877,6.763888835906982,6.8333330154418945,4.890605449676514,543600
1993-04-26,6.805555820465088,6.8333330154418945,6.638888835906982,6.652778148651123,4.761383056640625,1529100
1993-04-27,6.6666669845581055,6.7916669845581055,6.638888835906982,6.75,4.830963611602783,1557900
1993-04-28,6.736111164093018,6.736111164093018,6.6666669845581055,6.6666669845581055,4.771322250366211,820800
1993-04-29,6.694444179534912,6.736111164093018,6.652778148651123,6.736111164093018,4.821023941040039,687600
1993-04-30,6.819444179534912,6.861111164093018,6.763888835906982,6.763888835906982,4.840906620025635,1116000
1993-05-03,6.847221851348877,6.9166669845581055,6.777778148651123,6.902778148651123,4.940308094024658,983700
1993-05-04,6.888888835906982,6.9166669845581055,6.847221851348877,6.902778148651123,4.940308094024658,886500
1993-05-05,6.888888835906982,6.930555820465088,6.875,6.875,4.920426845550537,876600
1993-05-06,6.888888835906982,6.888888835906982,6.8333330154418945,6.8333330154418945,4.890605449676514,525600
1993-05-07,6.847221851348877,6.847221851348877,6.7083330154418945,6.7083330154418945,4.801140785217285,747000
1993-05-10,6.722221851348877,6.7916669845581055,6.7083330154418945,6.75,4.830963611602783,1009800
1993-05-11,6.763888835906982,6.944444179534912,6.763888835906982,6.9166669845581055,4.950246334075928,882000
1993-05-12,6.9166669845581055,6.9166669845581055,6.847221851348877,6.875,4.920426845550537,597600
1993-05-13,6.847221851348877,6.847221851348877,6.763888835906982,6.777778148651123,4.850845813751221,896400
1993-05-14,6.777778148651123,6.7916669845581055,6.736111164093018,6.763888835906982,4.840906620025635,1244700
1993-05-17,6.763888835906982,6.777778148651123,6.7083330154418945,6.7083330154418945,4.801140785217285,1165500
1993-05-18,6.736111164093018,6.736111164093018,6.611111164093018,6.611111164093018,4.731563091278076,1516500
1993-05-19,6.597221851348877,6.597221851348877,6.513888835906982,6.597221851348877,4.721622467041016,3159900
1993-05-20,6.6666669845581055,6.6666669845581055,6.5833330154418945,6.638888835906982,4.751440048217773,1446300
1993-05-21,6.625,6.652778148651123,6.527778148651123,6.527778148651123,4.671919345855713,755100
1993-05-24,6.569444179534912,6.597221851348877,6.527778148651123,6.5833330154418945,4.711681365966797,570600
1993-05-25,6.611111164093018,6.611111164093018,6.5416669845581055,6.5416669845581055,4.681859016418457,540900
1993-05-26,6.5833330154418945,6.680555820465088,6.569444179534912,6.6666669845581055,4.771322250366211,2578500
1993-05-27,6.6666669845581055,6.6666669845581055,6.555555820465088,6.5833330154418945,4.711681365966797,650700
1993-05-28,6.611111164093018,6.625,6.555555820465088,6.555555820465088,4.691800117492676,2002500
1993-06-01,6.569444179534912,6.680555820465088,6.555555820465088,6.652778148651123,4.761383056640625,1847700
1993-06-02,6.625,6.722221851348877,6.625,6.7083330154418945,4.801140785217285,1379700
1993-06-03,6.7083330154418945,6.7083330154418945,6.638888835906982,6.638888835906982,4.751440048217773,715500
1993-06-04,6.638888835906982,6.638888835906982,6.555555820465088,6.611111164093018,4.731563091278076,334800
1993-06-07,6.513888835906982,6.5416669845581055,6.4166669845581055,6.430555820465088,4.6618828773498535,747900
1993-06-08,6.430555820465088,6.430555820465088,6.319444179534912,6.3333330154418945,4.591402053833008,974700
1993-06-09,6.375,6.444444179534912,6.361111164093018,6.430555820465088,4.6618828773498535,1163700
1993-06-10,6.444444179534912,6.444444179534912,6.4166669845581055,6.430555820465088,4.6618828773498535,710100
1993-06-11,6.4583330154418945,6.513888835906982,6.4583330154418945,6.486111164093018,4.702159404754639,555300
1993-06-14,6.5,6.5833330154418945,6.486111164093018,6.5416669845581055,4.742434978485107,624600
1993-06-15,6.555555820465088,6.5833330154418945,6.527778148651123,6.555555820465088,4.752503871917725,358200
1993-06-16,6.5416669845581055,6.611111164093018,6.527778148651123,6.611111164093018,4.792780876159668,543600
1993-06-17,6.611111164093018,6.611111164093018,6.5833330154418945,6.611111164093018,4.792780876159668,457200
1993-06-18,6.569444179534912,6.625,6.5416669845581055,6.5416669845581055,4.742434978485107,1295100
1993-06-21,6.569444179534912,6.722221851348877,6.5416669845581055,6.722221851348877,4.873331546783447,1360800
1993-06-22,6.694444179534912,6.7083330154418945,6.652778148651123,6.652778148651123,4.822987079620361,919800
1993-06-23,6.638888835906982,6.652778148651123,6.611111164093018,6.638888835906982,4.812916278839111,972900
1993-06-24,6.652778148651123,6.694444179534912,6.625,6.694444179534912,4.85319185256958,1364400
1993-06-25,6.694444179534912,6.7083330154418945,6.652778148651123,6.652778148651123,4.822987079620361,831600
1993-06-28,6.652778148651123,6.694444179534912,6.638888835906982,6.694444179534912,4.85319185256958,816300
1993-06-29,6.694444179534912,6.736111164093018,6.680555820465088,6.722221851348877,4.873331546783447,878400
1993-06-30,6.75,6.7916669845581055,6.75,6.763888835906982,4.903539657592773,897300
1993-07-01,6.805555820465088,6.805555820465088,6.680555820465088,6.694444179534912,4.85319185256958,925200
1993-07-02,6.7083330154418945,6.722221851348877,6.597221851348877,6.611111164093018,4.792780876159668,617400
1993-07-06,6.611111164093018,6.6666669845581055,6.597221851348877,6.611111164093018,4.792780876159668,611100
1993-07-07,6.611111164093018,6.638888835906982,6.597221851348877,6.611111164093018,4.792780876159668,432900
1993-07-08,6.611111164093018,6.611111164093018,6.555555820465088,6.597221851348877,4.782712459564209,1400400
1993-07-09,6.5833330154418945,6.5833330154418945,6.5,6.513888835906982,4.722296237945557,1813500
1993-07-12,6.527778148651123,6.527778148651123,6.486111164093018,6.513888835906982,4.722296237945557,1153800
1993-07-13,6.5,6.513888835906982,6.4583330154418945,6.486111164093018,4.702159404754639,1399500
1993-07-14,6.486111164093018,6.5,6.444444179534912,6.472221851348877,4.69209098815918,925200
1993-07-15,6.486111164093018,6.486111164093018,6.4166669845581055,6.430555820465088,4.6618828773498535,866700
1993-07-16,6.430555820465088,6.444444179534912,6.402778148651123,6.402778148651123,4.641746520996094,1165500
1993-07-19,6.4166669845581055,6.4166669845581055,6.388888835906982,6.4166669845581055,4.651813507080078,756000
1993-07-20,6.444444179534912,6.444444179534912,6.361111164093018,6.361111164093018,4.611540794372559,1000800
1993-07-21,6.375,6.375,6.347221851348877,6.361111164093018,4.611540794372559,757800
1993-07-22,6.375,6.375,6.277778148651123,6.305555820465088,4.571264266967773,866700
1993-07-23,6.305555820465088,6.555555820465088,6.305555820465088,6.527778148651123,4.732366561889648,729900
1993-07-26,6.5,6.5,6.402778148651123,6.402778148651123,4.641746520996094,933300
1993-07-27,6.430555820465088,6.444444179534912,6.402778148651123,6.444444179534912,4.671953201293945,800100
1993-07-28,6.472221851348877,6.472221851348877,6.444444179534912,6.4583330154418945,4.68202018737793,1014300
1993-07-29,6.472221851348877,6.625,6.472221851348877,6.555555820465088,4.752503871917725,1698300
1993-07-30,6.597221851348877,6.597221851348877,6.5416669845581055,6.5416669845581055,4.742434978485107,1111500
1993-08-02,6.5416669845581055,6.638888835906982,6.5416669845581055,6.611111164093018,4.792780876159668,928800
1993-08-03,6.444444179534912,6.5833330154418945,6.430555820465088,6.555555820465088,4.752503871917725,1586700
1993-08-04,6.569444179534912,6.6666669845581055,6.569444179534912,6.652778148651123,4.822987079620361,4088700
1993-08-05,6.652778148651123,6.805555820465088,6.652778148651123,6.736111164093018,4.88339900970459,1871100
1993-08-06,6.75,6.7916669845581055,6.75,6.777778148651123,4.913607597351074,1071000
1993-08-09,6.777778148651123,6.7916669845581055,6.763888835906982,6.777778148651123,4.913607597351074,693000
1993-08-10,6.777778148651123,6.875,6.777778148651123,6.847221851348877,4.963948726654053,726300
1993-08-11,6.805555820465088,6.805555820465088,6.6666669845581055,6.694444179534912,4.85319185256958,2295000
1993-08-12,6.722221851348877,6.777778148651123,6.680555820465088,6.694444179534912,4.85319185256958,1743300
1993-08-13,6.694444179534912,6.7083330154418945,6.6666669845581055,6.694444179534912,4.85319185256958,1678500
1993-08-16,6.7083330154418945,6.7916669845581055,6.694444179534912,6.777778148651123,4.913607597351074,2772900
1993-08-17,6.805555820465088,6.819444179534912,6.736111164093018,6.763888835906982,4.903539657592773,713700
1993-08-18,6.805555820465088,6.805555820465088,6.75,6.75,4.893468379974365,1408500
1993-08-19,6.777778148651123,6.8333330154418945,6.777778148651123,6.805555820465088,4.933742046356201,3066300
1993-08-20,6.777778148651123,6.7916669845581055,6.763888835906982,6.7916669845581055,4.923674583435059,3459600
1993-08-23,6.7916669845581055,6.9166669845581055,6.777778148651123,6.9166669845581055,5.014294624328613,842400
1993-08-24,6.9166669845581055,6.986111164093018,6.9166669845581055,6.986111164093018,5.064638137817383,1408500
1993-08-25,7.0,7.097221851348877,6.986111164093018,7.069444179534912,5.1250529289245605,3660300
1993-08-26,7.055555820465088,7.0833330154418945,7.027778148651123,7.055555820465088,5.114983081817627,1171800
1993-08-27,7.055555820465088,7.152778148651123,7.055555820465088,7.152778148651123,5.185466289520264,2171700
1993-08-30,7.263888835906982,7.277778148651123,7.222221851348877,7.277778148651123,5.276083946228027,3130200
1993-08-31,7.236111164093018,7.25,7.1666669845581055,7.194444179534912,5.215671062469482,2154600
1993-09-01,7.194444179534912,7.194444179534912,7.097221851348877,7.097221851348877,5.145188331604004,1112400
1993-09-02,7.097221851348877,7.097221851348877,7.069444179534912,7.0833330154418945,5.135120868682861,2666700
1993-09-03,7.0,7.013888835906982,6.972221851348877,6.972221851348877,5.115554332733154,1140300
1993-09-07,6.972221851348877,6.972221851348877,6.930555820465088,6.972221851348877,5.115554332733154,2540700
1993-09-08,6.972221851348877,7.0,6.9583330154418945,7.0,5.135936737060547,1814400
1993-09-09,6.986111164093018,7.055555820465088,6.986111164093018,7.055555820465088,5.176698207855225,1206900
1993-09-10,7.0833330154418945,7.25,7.0833330154418945,7.222221851348877,5.298981666564941,1326600
1993-09-13,7.222221851348877,7.319444179534912,7.222221851348877,7.319444179534912,5.37031364440918,2403000
1993-09-14,7.2916669845581055,7.319444179534912,7.277778148651123,7.319444179534912,5.37031364440918,967500
1993-09-15,7.2916669845581055,7.305555820465088,7.263888835906982,7.263888835906982,5.329552173614502,1434600
1993-09-16,7.236111164093018,7.236111164093018,7.1666669845581055,7.194444179534912,5.278600215911865,1327500
1993-09-17,7.138888835906982,7.236111164093018,7.138888835906982,7.236111164093018,5.309172630310059,2801700
1993-09-20,7.180555820465088,7.2083330154418945,7.1666669845581055,7.194444179534912,5.278600215911865,949500
1993-09-21,7.194444179534912,7.194444179534912,7.097221851348877,7.152778148651123,5.248030662536621,1386900
1993-09-22,7.1666669845581055,7.1666669845581055,7.0416669845581055,7.097221851348877,5.207268238067627,1695600
1993-09-23,7.097221851348877,7.152778148651123,7.069444179534912,7.111111164093018,5.2174577713012695,1231200
1993-09-24,7.111111164093018,7.138888835906982,7.097221851348877,7.138888835906982,5.237839698791504,486900
1993-09-27,7.138888835906982,7.25,7.138888835906982,7.25,5.319362163543701,711000
1993-09-28,7.25,7.263888835906982,7.180555820465088,7.263888835906982,5.329552173614502,540000
1993-09-29,7.277778148651123,7.277778148651123,7.194444179534912,7.194444179534912,5.278600215911865,278100
1993-09-30,7.194444179534912,7.25,7.194444179534912,7.222221851348877,5.298981666564941,950400
1993-10-01,7.222221851348877,7.236111164093018,7.2083330154418945,7.236111164093018,5.309172630310059,1890900
1993-10-04,7.236111164093018,7.263888835906982,7.222221851348877,7.25,5.319362163543701,716400
1993-10-05,7.25,7.263888835906982,7.2083330154418945,7.2083330154418945,5.288792133331299,1772100
1993-10-06,7.2083330154418945,7.236111164093018,7.2083330154418945,7.2083330154418945,5.288792133331299,371700
1993-10-07,7.236111164093018,7.305555820465088,7.222221851348877,7.263888835906982,5.329552173614502,1155600
1993-10-08,7.263888835906982,7.277778148651123,7.222221851348877,7.263888835906982,5.329552173614502,474300
1993-10-11,7.263888835906982,7.277778148651123,7.236111164093018,7.263888835906982,5.329552173614502,277200
1993-10-12,7.263888835906982,7.263888835906982,7.222221851348877,7.222221851348877,5.298981666564941,468000
1993-10-13,7.222221851348877,7.236111164093018,7.222221851348877,7.236111164093018,5.309172630310059,1199700
1993-10-14,7.236111164093018,7.263888835906982,7.222221851348877,7.263888835906982,5.329552173614502,462600
1993-10-15,7.277778148651123,7.277778148651123,7.222221851348877,7.222221851348877,5.298981666564941,1106100
1993-10-18,7.236111164093018,7.25,7.2083330154418945,7.222221851348877,5.298981666564941,2230200
1993-10-19,7.194444179534912,7.25,7.194444179534912,7.222221851348877,5.298981666564941,980100
1993-10-20,7.222221851348877,7.222221851348877,7.138888835906982,7.152778148651123,5.248030662536621,369000
1993-10-21,7.138888835906982,7.138888835906982,7.055555820465088,7.111111164093018,5.2174577713012695,633600
1993-10-22,7.111111164093018,7.2083330154418945,7.111111164093018,7.1666669845581055,5.258220195770264,693000
1993-10-25,7.180555820465088,7.180555820465088,7.111111164093018,7.152778148651123,5.248030662536621,1406700
1993-10-26,7.111111164093018,7.1666669845581055,7.097221851348877,7.1666669845581055,5.258220195770264,1285200
1993-10-27,7.152778148651123,7.1666669845581055,7.0833330154418945,7.152778148651123,5.248030662536621,1023300
1993-10-28,7.138888835906982,7.152778148651123,7.111111164093018,7.125,5.227648735046387,1382400
1993-10-29,7.125,7.513888835906982,7.125,7.4583330154418945,5.4722161293029785,2563200
1993-11-01,7.472221851348877,7.597221851348877,7.472221851348877,7.486111164093018,5.492599964141846,1717200
1993-11-02,7.555555820465088,7.555555820465088,7.2916669845581055,7.388888835906982,5.4212646484375,4182300
1993-11-03,7.388888835906982,7.388888835906982,7.25,7.277778148651123,5.339743614196777,3333600
1993-11-04,7.25,7.2916669845581055,7.055555820465088,7.055555820465088,5.176698207855225,2671200
1993-11-05,7.055555820465088,7.180555820465088,7.055555820465088,7.180555820465088,5.268411636352539,2061900
1993-11-08,7.180555820465088,7.263888835906982,7.1666669845581055,7.263888835906982,5.329552173614502,1611900
1993-11-09,7.305555820465088,7.388888835906982,7.277778148651123,7.361111164093018,5.400886535644531,1685700
1993-11-10,7.319444179534912,7.361111164093018,7.236111164093018,7.277778148651123,5.339743614196777,1078200
1993-11-11,7.277778148651123,7.2916669845581055,7.263888835906982,7.263888835906982,5.329552173614502,1144800
1993-11-12,7.277778148651123,7.305555820465088,7.2083330154418945,7.222221851348877,5.298981666564941,2529900
1993-11-15,7.25,7.305555820465088,7.194444179534912,7.236111164093018,5.309172630310059,2075400
1993-11-16,7.263888835906982,7.263888835906982,7.2083330154418945,7.236111164093018,5.309172630310059,779400
1993-11-17,7.194444179534912,7.194444179534912,7.069444179534912,7.125,5.227648735046387,2477700
1993-11-18,7.097221851348877,7.111111164093018,7.013888835906982,7.0833330154418945,5.197079181671143,1180800
1993-11-19,7.0833330154418945,7.111111164093018,7.027778148651123,7.111111164093018,5.2174577713012695,1854900
1993-11-22,7.125,7.138888835906982,7.027778148651123,7.069444179534912,5.186887741088867,2177100
1993-11-23,7.0833330154418945,7.097221851348877,7.055555820465088,7.097221851348877,5.207268238067627,765000
1993-11-24,7.125,7.125,7.0416669845581055,7.097221851348877,5.207268238067627,1170000
1993-11-26,7.111111164093018,7.125,7.111111164093018,7.125,5.227648735046387,165600
1993-11-29,7.125,7.180555820465088,7.0833330154418945,7.0833330154418945,5.197079181671143,709200
1993-11-30,7.0833330154418945,7.097221851348877,7.027778148651123,7.027778148651123,5.156315326690674,506700
1993-12-01,7.097221851348877,7.111111164093018,7.027778148651123,7.097221851348877,5.207268238067627,858600
1993-12-02,7.125,7.125,7.069444179534912,7.125,5.227648735046387,585900
1993-12-03,7.125,7.125,7.0416669845581055,7.0833330154418945,5.197079181671143,600300
1993-12-06,7.097221851348877,7.111111164093018,7.055555820465088,7.069444179534912,5.186887741088867,7480800
1993-12-07,7.0,7.0,6.930555820465088,6.9583330154418945,5.167084693908691,810000
1993-12-08,6.944444179534912,6.986111164093018,6.9166669845581055,6.972221851348877,5.177397727966309,950400
1993-12-09,7.0,7.013888835906982,6.972221851348877,6.986111164093018,5.187712669372559,461700
1993-12-10,7.013888835906982,7.013888835906982,6.944444179534912,6.972221851348877,5.177397727966309,2241000
1993-12-13,6.9583330154418945,6.9583330154418945,6.902778148651123,6.9583330154418945,5.167084693908691,1086300
1993-12-14,6.986111164093018,6.986111164093018,6.930555820465088,6.944444179534912,5.156772136688232,474300
1993-12-15,6.944444179534912,6.944444179534912,6.847221851348877,6.888888835906982,5.115518093109131,828000
1993-12-16,6.944444179534912,6.972221851348877,6.9166669845581055,6.930555820465088,5.146457672119141,790200
1993-12-17,6.944444179534912,7.111111164093018,6.944444179534912,7.111111164093018,5.280533790588379,2725200
1993-12-20,7.194444179534912,7.194444179534912,7.111111164093018,7.125,5.29084587097168,2954700
1993-12-21,7.097221851348877,7.138888835906982,7.0,7.013888835906982,5.208339214324951,1477800
1993-12-22,7.0,7.069444179534912,7.0,7.069444179534912,5.249591827392578,564300
1993-12-23,7.0833330154418945,7.097221851348877,7.013888835906982,7.013888835906982,5.208339214324951,528300
1993-12-27,7.0416669845581055,7.097221851348877,7.013888835906982,7.069444179534912,5.249591827392578,476100
1993-12-28,7.069444179534912,7.069444179534912,7.0416669845581055,7.055555820465088,5.239280700683594,361800
1993-12-29,7.055555820465088,7.055555820465088,7.013888835906982,7.055555820465088,5.239280700683594,300600
1993-12-30,7.055555820465088,7.055555820465088,6.972221851348877,7.027778148651123,5.218654155731201,709200
1993-12-31,7.013888835906982,7.027778148651123,6.972221851348877,6.972221851348877,5.177397727966309,298800
1994-01-03,7.0,7.013888835906982,6.972221851348877,6.972221851348877,5.177397727966309,516600
1994-01-04,6.986111164093018,7.055555820465088,6.986111164093018,7.0,5.198025703430176,954900
1994-01-05,7.013888835906982,7.055555820465088,7.0,7.027778148651123,5.218654155731201,4293900
1994-01-06,7.027778148651123,7.069444179534912,7.0,7.013888835906982,5.208339214324951,1170900
1994-01-07,7.027778148651123,7.0416669845581055,6.986111164093018,7.013888835906982,5.208339214324951,3144600
1994-01-10,7.0416669845581055,7.097221851348877,7.027778148651123,7.0833330154418945,5.259907245635986,1069200
1994-01-11,7.0833330154418945,7.097221851348877,7.013888835906982,7.097221851348877,5.270219802856445,929700
1994-01-12,7.097221851348877,7.097221851348877,7.055555820465088,7.0833330154418945,5.259907245635986,1689300
1994-01-13,7.055555820465088,7.069444179534912,7.0,7.013888835906982,5.208339214324951,599400
1994-01-14,7.0416669845581055,7.138888835906982,7.0,7.111111164093018,5.280533790588379,1656900
1994-01-17,7.138888835906982,7.1666669845581055,7.0833330154418945,7.152778148651123,5.311474323272705,1216800
1994-01-18,7.138888835906982,7.319444179534912,7.138888835906982,7.319444179534912,5.43523645401001,1824300
1994-01-19,7.319444179534912,7.361111164093018,7.305555820465088,7.361111164093018,5.466179370880127,1271700
1994-01-20,7.361111164093018,7.5416669845581055,7.347221851348877,7.5416669845581055,5.600256443023682,1707300
1994-01-21,7.5416669845581055,7.7083330154418945,7.527778148651123,7.638888835906982,5.672449588775635,3534300
1994-01-24,7.652778148651123,7.6666669845581055,7.486111164093018,7.5,5.569313049316406,3546000
1994-01-25,7.513888835906982,7.513888835906982,7.402778148651123,7.4166669845581055,5.507431983947754,1472400
1994-01-26,7.402778148651123,7.430555820465088,7.277778148651123,7.347221851348877,5.4558634757995605,2274300
1994-01-27,7.375,7.375,7.305555820465088,7.361111164093018,5.466179370880127,3513600
1994-01-28,7.4166669845581055,7.597221851348877,7.4166669845581055,7.5833330154418945,5.6311936378479,1880100
1994-01-31,7.694444179534912,7.8333330154418945,7.6666669845581055,7.680555820465088,5.7033915519714355,3123000
1994-02-01,7.680555820465088,7.763888835906982,7.680555820465088,7.763888835906982,5.76527214050293,1725300
1994-02-02,7.736111164093018,7.75,7.625,7.625,5.662133693695068,1883700
1994-02-03,7.611111164093018,7.625,7.569444179534912,7.5833330154418945,5.6311936378479,2022300
1994-02-04,7.5833330154418945,7.5833330154418945,7.277778148651123,7.347221851348877,5.4558634757995605,2688300
1994-02-07,7.319444179534912,7.444444179534912,7.305555820465088,7.444444179534912,5.528059959411621,1766700
1994-02-08,7.444444179534912,7.527778148651123,7.430555820465088,7.5,5.569313049316406,881100
1994-02-09,7.527778148651123,7.625,7.513888835906982,7.5416669845581055,5.600256443023682,1648800
1994-02-10,7.5416669845581055,7.5416669845581055,7.388888835906982,7.4166669845581055,5.507431983947754,1313100
1994-02-11,7.388888835906982,7.4166669845581055,7.347221851348877,7.402778148651123,5.4971184730529785,535500
1994-02-14,7.4166669845581055,7.472221851348877,7.2916669845581055,7.375,5.476491451263428,1695600
1994-02-15,7.444444179534912,7.625,7.4166669845581055,7.555555820465088,5.610568523406982,2441700
1994-02-16,7.569444179534912,7.569444179534912,7.486111164093018,7.555555820465088,5.610568523406982,1227600
1994-02-17,7.5416669845581055,7.555555820465088,7.388888835906982,7.388888835906982,5.486805438995361,1133100
1994-02-18,7.430555820465088,7.4583330154418945,7.347221851348877,7.388888835906982,5.486805438995361,858600
1994-02-22,7.319444179534912,7.513888835906982,7.319444179534912,7.486111164093018,5.559001922607422,2282400
1994-02-23,7.444444179534912,7.527778148651123,7.444444179534912,7.486111164093018,5.559001922607422,1054800
1994-02-24,7.486111164093018,7.486111164093018,7.277778148651123,7.277778148651123,5.404296398162842,940500
1994-02-25,7.277778148651123,7.3333330154418945,7.277778148651123,7.2916669845581055,5.414610385894775,2523600
1994-02-28,7.2916669845581055,7.319444179534912,7.277778148651123,7.277778148651123,5.404296398162842,1813500
1994-03-01,7.263888835906982,7.263888835906982,7.194444179534912,7.236111164093018,5.373355865478516,1179900
1994-03-02,7.194444179534912,7.263888835906982,7.194444179534912,7.25,5.383670806884766,1200600
1994-03-03,7.236111164093018,7.25,7.194444179534912,7.222221851348877,5.36304235458374,768600
1994-03-04,7.2083330154418945,7.25,7.194444179534912,7.194444179534912,5.342416286468506,1865700
1994-03-07,7.152778148651123,7.1666669845581055,7.069444179534912,7.069444179534912,5.311940670013428,765000
1994-03-08,7.097221851348877,7.097221851348877,6.902778148651123,6.9583330154418945,5.22845458984375,1264500
1994-03-09,6.9583330154418945,7.027778148651123,6.944444179534912,7.013888835906982,5.270198345184326,1781100
1994-03-10,7.027778148651123,7.027778148651123,6.847221851348877,6.888888835906982,5.176274299621582,1312200
1994-03-11,6.888888835906982,6.9583330154418945,6.847221851348877,6.9583330154418945,5.22845458984375,1096200
1994-03-14,6.944444179534912,6.986111164093018,6.888888835906982,6.972221851348877,5.238888263702393,972000
1994-03-15,7.027778148651123,7.069444179534912,7.0,7.0416669845581055,5.291069030761719,1026900
1994-03-16,7.055555820465088,7.055555820465088,6.972221851348877,7.0,5.259759902954102,2009700
1994-03-17,6.972221851348877,7.097221851348877,6.972221851348877,7.0833330154418945,5.322378635406494,1023300
1994-03-18,7.0833330154418945,7.0833330154418945,6.944444179534912,6.986111164093018,5.249324798583984,2057400
1994-03-21,6.944444179534912,6.9583330154418945,6.9166669845581055,6.9583330154418945,5.22845458984375,462600
1994-03-22,7.0,7.0416669845581055,6.972221851348877,7.0416669845581055,5.291069030761719,1395000
1994-03-23,7.0833330154418945,7.125,7.0833330154418945,7.097221851348877,5.332813739776611,1284300
1994-03-24,7.0833330154418945,7.0833330154418945,6.972221851348877,6.972221851348877,5.238888263702393,777600
1994-03-25,7.0,7.0416669845581055,6.9583330154418945,6.9583330154418945,5.22845458984375,2242800
1994-03-28,7.0,7.013888835906982,6.972221851348877,7.0,5.259759902954102,567000
1994-03-29,7.0,7.0,6.902778148651123,6.902778148651123,5.186709880828857,604800
1994-03-30,6.888888835906982,6.888888835906982,6.6666669845581055,6.6666669845581055,5.009296417236328,2102400
1994-03-31,6.611111164093018,6.611111164093018,6.444444179534912,6.597221851348877,4.957118988037109,1943100
1994-04-04,6.555555820465088,6.555555820465088,6.472221851348877,6.513888835906982,4.894499778747559,2245500
1994-04-05,6.5833330154418945,6.694444179534912,6.555555820465088,6.680555820465088,5.019733905792236,2507400
1994-04-06,6.694444179534912,6.819444179534912,6.680555820465088,6.7916669845581055,5.103219985961914,1162800
1994-04-07,6.805555820465088,7.0,6.7916669845581055,7.0,5.259759902954102,1720800
1994-04-08,6.944444179534912,6.944444179534912,6.875,6.902778148651123,5.186709880828857,1334700
1994-04-11,6.888888835906982,7.013888835906982,6.888888835906982,6.986111164093018,5.249324798583984,1530900
1994-04-12,7.027778148651123,7.069444179534912,7.0,7.013888835906982,5.270198345184326,1612800
1994-04-13,7.0,7.0416669845581055,6.944444179534912,6.972221851348877,5.238888263702393,4405500
1994-04-14,6.972221851348877,7.027778148651123,6.944444179534912,6.972221851348877,5.238888263702393,1809900
1994-04-15,6.9583330154418945,6.9583330154418945,6.902778148651123,6.930555820465088,5.207582950592041,1727100
1994-04-18,6.930555820465088,6.930555820465088,6.888888835906982,6.902778148651123,5.186709880828857,1017900
1994-04-19,6.888888835906982,6.888888835906982,6.8333330154418945,6.875,5.16583776473999,1935000
1994-04-20,6.861111164093018,6.861111164093018,6.805555820465088,6.805555820465088,5.1136579513549805,927900
1994-04-21,6.805555820465088,6.819444179534912,6.736111164093018,6.75,5.071913242340088,1270800
1994-04-22,6.777778148651123,6.7916669845581055,6.736111164093018,6.777778148651123,5.092785835266113,1062000
1994-04-25,6.763888835906982,6.805555820465088,6.722221851348877,6.722221851348877,5.051042556762695,645300
1994-04-26,6.722221851348877,6.736111164093018,6.5833330154418945,6.5833330154418945,4.946682929992676,623700
1994-04-28,6.611111164093018,6.611111164093018,6.5833330154418945,6.5833330154418945,4.946682929992676,2510100
1994-04-29,6.597221851348877,6.597221851348877,6.5,6.5,4.884064197540283,1988100
1994-05-02,6.5,6.513888835906982,6.3333330154418945,6.347221851348877,4.7692670822143555,2392200
1994-05-03,6.611111164093018,6.875,6.611111164093018,6.777778148651123,5.092785835266113,5913900
1994-05-04,6.75,6.875,6.680555820465088,6.875,5.16583776473999,1674900
1994-05-05,6.847221851348877,7.013888835906982,6.847221851348877,6.930555820465088,5.207582950592041,2057400
1994-05-06,6.8333330154418945,6.861111164093018,6.7916669845581055,6.819444179534912,5.124093532562256,2896200
1994-05-09,6.819444179534912,6.861111164093018,6.7916669845581055,6.819444179534912,5.124093532562256,2323800
1994-05-10,6.847221851348877,6.9583330154418945,6.847221851348877,6.9583330154418945,5.22845458984375,3565800
1994-05-11,6.944444179534912,7.069444179534912,6.944444179534912,7.0,5.259759902954102,2927700
1994-05-12,7.0833330154418945,7.0833330154418945,7.055555820465088,7.0833330154418945,5.322378635406494,1522800
1994-05-13,7.111111164093018,7.222221851348877,7.069444179534912,7.194444179534912,5.405866622924805,1482300
1994-05-16,7.222221851348877,7.263888835906982,7.222221851348877,7.222221851348877,5.426738739013672,1531800
1994-05-17,7.2083330154418945,7.263888835906982,7.2083330154418945,7.263888835906982,5.458046913146973,1144800
1994-05-18,7.388888835906982,7.486111164093018,7.361111164093018,7.486111164093018,5.625024795532227,2109600
1994-05-19,7.486111164093018,7.5,7.4166669845581055,7.486111164093018,5.625024795532227,1789200
1994-05-20,7.4583330154418945,7.472221851348877,7.388888835906982,7.4583330154418945,5.604149341583252,1412100
1994-05-23,7.430555820465088,7.472221851348877,7.4166669845581055,7.444444179534912,5.593715667724609,1322100
1994-05-24,7.444444179534912,7.7083330154418945,7.444444179534912,7.597221851348877,5.708510398864746,2874600
1994-05-25,7.597221851348877,7.736111164093018,7.527778148651123,7.694444179534912,5.781563758850098,1660500
1994-05-26,7.763888835906982,7.763888835906982,7.625,7.625,5.729383945465088,1901700
1994-05-27,7.638888835906982,7.638888835906982,7.527778148651123,7.555555820465088,5.6772027015686035,1399500
1994-05-31,7.569444179534912,7.680555820465088,7.5416669845581055,7.652778148651123,5.750256538391113,639900
1994-06-01,7.652778148651123,8.055556297302246,7.611111164093018,8.055556297302246,6.052902698516846,2745000
1994-06-02,8.055556297302246,8.194443702697754,7.972221851348877,8.027777671813965,6.032029628753662,5112000
1994-06-03,8.01388931274414,8.01388931274414,7.972221851348877,7.986111164093018,6.000721454620361,3157200
1994-06-06,7.888888835906982,7.9166669845581055,7.763888835906982,7.9166669845581055,6.012111186981201,1784700
1994-06-07,7.930555820465088,8.11111068725586,7.930555820465088,8.069443702697754,6.12813663482666,2084400
1994-06-08,8.069443702697754,8.097222328186035,7.944444179534912,7.9583330154418945,6.0437541007995605,2266200
1994-06-09,7.944444179534912,7.944444179534912,7.763888835906982,7.805555820465088,5.927731513977051,1470600
1994-06-10,7.777778148651123,7.777778148651123,7.6666669845581055,7.6666669845581055,5.822254657745361,2628000
1994-06-13,7.694444179534912,7.736111164093018,7.680555820465088,7.722221851348877,5.864445686340332,2601900
1994-06-14,7.736111164093018,7.763888835906982,7.722221851348877,7.75,5.885540962219238,1801800
1994-06-15,7.75,7.7916669845581055,7.736111164093018,7.763888835906982,5.896088600158691,3208500
1994-06-16,7.777778148651123,7.9166669845581055,7.763888835906982,7.9166669845581055,6.012111186981201,2459700
1994-06-17,8.11111068725586,8.11111068725586,8.0,8.01388931274414,6.085943698883057,3995100
1994-06-20,7.861111164093018,7.972221851348877,7.861111164093018,7.972221851348877,6.054301738739014,1700100
1994-06-21,7.972221851348877,7.972221851348877,7.805555820465088,7.875,5.980468273162842,3261600
1994-06-22,7.888888835906982,7.9166669845581055,7.861111164093018,7.888888835906982,5.9910149574279785,2194200
1994-06-23,7.902778148651123,7.944444179534912,7.888888835906982,7.930555820465088,6.022658824920654,2127600
1994-06-24,7.902778148651123,7.902778148651123,7.819444179534912,7.8333330154418945,5.948827266693115,3168000
1994-06-27,7.805555820465088,7.902778148651123,7.736111164093018,7.888888835906982,5.9910149574279785,2598300
1994-06-28,7.888888835906982,8.180556297302246,7.888888835906982,8.166666984558105,6.201967239379883,4529700
1994-06-29,8.180556297302246,8.222222328186035,8.097222328186035,8.152777671813965,6.19141960144043,2603700
1994-06-30,8.125,8.166666984558105,8.083333015441895,8.11111068725586,6.15977668762207,2170800
1994-07-01,8.13888931274414,8.152777671813965,8.083333015441895,8.13888931274414,6.180872917175293,1224900
1994-07-05,8.13888931274414,8.222222328186035,8.125,8.180556297302246,6.2125163078308105,3337200
1994-07-06,8.180556297302246,8.194443702697754,8.041666984558105,8.041666984558105,6.107041358947754,3019500
1994-07-07,8.0,8.01388931274414,7.930555820465088,7.986111164093018,6.064850330352783,2988900
1994-07-08,7.986111164093018,8.041666984558105,7.9583330154418945,7.986111164093018,6.064850330352783,2124900
1994-07-11,8.01388931274414,8.01388931274414,7.9166669845581055,7.930555820465088,6.022658824920654,1553400
1994-07-12,7.930555820465088,7.944444179534912,7.7916669845581055,7.819444179534912,5.938277721405029,2332800
1994-07-13,7.819444179534912,8.0,7.819444179534912,7.986111164093018,6.064850330352783,3530700
1994-07-14,7.986111164093018,7.986111164093018,7.9583330154418945,7.986111164093018,6.064850330352783,1715400
1994-07-15,7.972221851348877,8.041666984558105,7.9583330154418945,8.041666984558105,6.107041358947754,2957400
1994-07-18,8.027777671813965,8.097222328186035,8.01388931274414,8.097222328186035,6.149229049682617,1093500
1994-07-19,8.097222328186035,8.11111068725586,8.055556297302246,8.083333015441895,6.1386823654174805,1931400
1994-07-20,8.097222328186035,8.11111068725586,8.027777671813965,8.083333015441895,6.1386823654174805,3998700
1994-07-21,8.083333015441895,8.166666984558105,8.083333015441895,8.152777671813965,6.19141960144043,4468500
1994-07-22,8.152777671813965,8.194443702697754,8.152777671813965,8.180556297302246,6.2125163078308105,2578500
1994-07-25,8.180556297302246,8.222222328186035,8.180556297302246,8.194443702697754,6.223061561584473,2647800
1994-07-26,8.194443702697754,8.194443702697754,8.083333015441895,8.083333015441895,6.1386823654174805,2225700
1994-07-27,8.083333015441895,8.083333015441895,7.986111164093018,8.041666984558105,6.107041358947754,1974600
1994-07-28,8.041666984558105,8.055556297302246,8.01388931274414,8.027777671813965,6.096493721008301,1435500
1994-07-29,8.0,8.0,7.597221851348877,7.597221851348877,5.769516944885254,6105600
1994-08-01,7.777778148651123,7.7916669845581055,7.7083330154418945,7.7083330154418945,5.8538970947265625,2637900
1994-08-02,7.722221851348877,7.722221851348877,7.513888835906982,7.555555820465088,5.7378740310668945,3071700
1994-08-03,7.555555820465088,7.555555820465088,7.5,7.5416669845581055,5.727328300476074,1276200
1994-08-04,7.527778148651123,7.555555820465088,7.472221851348877,7.486111164093018,5.685139179229736,1965600
1994-08-05,7.527778148651123,7.527778148651123,7.4166669845581055,7.444444179534912,5.653494834899902,1104300
1994-08-08,7.444444179534912,7.444444179534912,7.25,7.2916669845581055,5.53747034072876,2157300
1994-08-09,7.305555820465088,7.305555820465088,7.1666669845581055,7.222221851348877,5.484733581542969,2799900
1994-08-10,7.222221851348877,7.3333330154418945,7.222221851348877,7.263888835906982,5.51637601852417,3430800
1994-08-11,7.263888835906982,7.263888835906982,7.111111164093018,7.180555820465088,5.453090190887451,2040300
1994-08-12,7.180555820465088,7.2916669845581055,7.180555820465088,7.277778148651123,5.526922225952148,1458900
1994-08-15,7.277778148651123,7.277778148651123,7.236111164093018,7.236111164093018,5.495281219482422,1198800
1994-08-16,7.277778148651123,7.2916669845581055,7.236111164093018,7.25,5.505828857421875,1808100
1994-08-17,7.277778148651123,7.277778148651123,7.222221851348877,7.263888835906982,5.51637601852417,1197000
1994-08-18,7.263888835906982,7.305555820465088,7.222221851348877,7.222221851348877,5.484733581542969,732600
1994-08-19,7.25,7.256944179534912,7.180555820465088,7.222221851348877,5.484733581542969,1854000
1994-08-22,7.2083330154418945,7.25,7.2083330154418945,7.236111164093018,5.495281219482422,1059300
1994-08-23,7.277778148651123,7.430555820465088,7.277778148651123,7.402778148651123,5.621851444244385,1102500
1994-08-24,7.402778148651123,7.4166669845581055,7.361111164093018,7.4166669845581055,5.632399082183838,1174500
1994-08-25,7.402778148651123,7.4166669845581055,7.375,7.388888835906982,5.61130428314209,766800
1994-08-26,7.402778148651123,7.555555820465088,7.402778148651123,7.486111164093018,5.685139179229736,2359800
1994-08-29,7.513888835906982,7.527778148651123,7.472221851348877,7.513888835906982,5.706232070922852,2637900
1994-08-30,7.513888835906982,7.527778148651123,7.402778148651123,7.4583330154418945,5.664041042327881,765000
1994-08-31,7.444444179534912,7.486111164093018,7.444444179534912,7.444444179534912,5.653494834899902,1318500
1994-09-01,7.444444179534912,7.4583330154418945,7.430555820465088,7.4583330154418945,5.664041042327881,1031400
1994-09-02,7.5,7.513888835906982,7.472221851348877,7.486111164093018,5.685139179229736,982800
1994-09-06,7.375,7.402778148651123,7.375,7.375,5.664653778076172,941400
1994-09-07,7.402778148651123,7.430555820465088,7.375,7.375,5.664653778076172,2220300
1994-09-08,7.375,7.375,7.25,7.25,5.5686421394348145,1496700
1994-09-09,7.25,7.25,7.152778148651123,7.1666669845581055,5.504633903503418,1962900
1994-09-12,7.180555820465088,7.2083330154418945,7.1666669845581055,7.2083330154418945,5.536640644073486,693000
1994-09-13,7.222221851348877,7.25,7.2083330154418945,7.222221851348877,5.54730749130249,724500
1994-09-14,7.2083330154418945,7.2083330154418945,7.125,7.138888835906982,5.48330020904541,996300
1994-09-15,7.138888835906982,7.152778148651123,7.097221851348877,7.125,5.472632884979248,1314900
1994-09-16,7.0833330154418945,7.097221851348877,7.0416669845581055,7.069444179534912,5.429959774017334,1998900
1994-09-19,7.055555820465088,7.055555820465088,6.972221851348877,6.986111164093018,5.3659539222717285,2103300
1994-09-20,6.972221851348877,6.972221851348877,6.847221851348877,6.861111164093018,5.269941329956055,2578500
1994-09-21,6.861111164093018,6.861111164093018,6.7083330154418945,6.75,5.18459939956665,3257100
1994-09-22,6.75,6.75,6.597221851348877,6.625,5.088584899902344,3412800
1994-09-23,6.7083330154418945,6.75,6.652778148651123,6.7083330154418945,5.152594089508057,2810700
1994-09-26,6.694444179534912,6.777778148651123,6.694444179534912,6.75,5.18459939956665,1684800
1994-09-27,6.777778148651123,6.819444179534912,6.75,6.763888835906982,5.195265293121338,1755900
1994-09-28,6.763888835906982,6.902778148651123,6.763888835906982,6.861111164093018,5.269941329956055,2348100
1994-09-29,6.902778148651123,7.027778148651123,6.875,7.027778148651123,5.397956371307373,2918700
1994-09-30,7.0416669845581055,7.069444179534912,6.847221851348877,6.847221851348877,5.259274482727051,1918800
1994-10-03,6.902778148651123,6.944444179534912,6.847221851348877,6.944444179534912,5.333949565887451,848700
1994-10-04,6.9166669845581055,6.930555820465088,6.736111164093018,6.763888835906982,5.195265293121338,1237500
1994-10-05,6.736111164093018,6.736111164093018,6.625,6.625,5.088584899902344,1270800
1994-10-06,6.638888835906982,6.694444179534912,6.625,6.6666669845581055,5.120591640472412,923400
1994-10-07,6.652778148651123,6.694444179534912,6.555555820465088,6.680555820465088,5.131260395050049,1139400
1994-10-10,6.694444179534912,6.777778148651123,6.694444179534912,6.777778148651123,5.205935001373291,1870200
1994-10-11,6.847221851348877,6.944444179534912,6.847221851348877,6.902778148651123,5.301945686340332,2115900
1994-10-12,6.9166669845581055,6.9166669845581055,6.805555820465088,6.805555820465088,5.227268695831299,752400
1994-10-13,6.944444179534912,6.9583330154418945,6.888888835906982,6.930555820465088,5.323282718658447,2265300
1994-10-14,6.930555820465088,6.972221851348877,6.930555820465088,6.972221851348877,5.355282783508301,929700
1994-10-17,7.0,7.138888835906982,7.0,7.138888835906982,5.48330020904541,2773800
1994-10-18,7.111111164093018,7.138888835906982,7.069444179534912,7.0833330154418945,5.440627098083496,1071900
1994-10-19,7.069444179534912,7.138888835906982,7.027778148651123,7.125,5.472632884979248,1272600
1994-10-20,7.111111164093018,7.111111164093018,7.013888835906982,7.0416669845581055,5.408624172210693,981900
1994-10-21,7.027778148651123,7.097221851348877,7.027778148651123,7.0833330154418945,5.440627098083496,2236500
1994-10-24,7.0833330154418945,7.111111164093018,7.027778148651123,7.0833330154418945,5.440627098083496,999900
1994-10-25,7.069444179534912,7.069444179534912,7.0,7.027778148651123,5.397956371307373,2136600
1994-10-26,7.0416669845581055,7.0416669845581055,6.986111164093018,7.013888835906982,5.387290000915527,1218600
1994-10-27,6.986111164093018,7.111111164093018,6.972221851348877,7.111111164093018,5.4619646072387695,1782900
1994-10-28,7.125,7.4583330154418945,7.111111164093018,7.444444179534912,5.717992305755615,2102400
1994-10-31,7.4583330154418945,7.513888835906982,7.319444179534912,7.319444179534912,5.621982574462891,2035800
1994-11-01,7.430555820465088,7.611111164093018,7.430555820465088,7.597221851348877,5.83534049987793,3944700
1994-11-02,7.569444179534912,7.638888835906982,7.5,7.513888835906982,5.771332263946533,1938600
1994-11-03,7.5,7.597221851348877,7.486111164093018,7.569444179534912,5.814004421234131,1250100
1994-11-04,7.569444179534912,7.569444179534912,7.527778148651123,7.527778148651123,5.782003402709961,1347300
1994-11-07,7.5416669845581055,7.5416669845581055,7.444444179534912,7.444444179534912,5.717992305755615,1500300
1994-11-08,7.472221851348877,7.527778148651123,7.430555820465088,7.4583330154418945,5.728659629821777,1411200
1994-11-09,7.555555820465088,7.7083330154418945,7.5416669845581055,7.652778148651123,5.878012657165527,8632800
1994-11-10,7.652778148651123,7.694444179534912,7.638888835906982,7.652778148651123,5.878012657165527,1422900
1994-11-11,7.638888835906982,7.638888835906982,7.569444179534912,7.5833330154418945,5.824672698974609,1610100
1994-11-14,7.611111164093018,7.680555820465088,7.597221851348877,7.6666669845581055,5.888679027557373,906300
1994-11-15,7.638888835906982,7.694444179534912,7.611111164093018,7.625,5.856675148010254,733500
1994-11-16,7.625,7.625,7.5416669845581055,7.5416669845581055,5.792669773101807,1986300
1994-11-17,7.527778148651123,7.527778148651123,7.430555820465088,7.472221851348877,5.739330291748047,1242900
1994-11-18,7.4583330154418945,7.4583330154418945,7.361111164093018,7.361111164093018,5.653984546661377,1706400
1994-11-21,7.361111164093018,7.388888835906982,7.1666669845581055,7.180555820465088,5.51530647277832,613800
1994-11-22,7.180555820465088,7.180555820465088,6.847221851348877,6.847221851348877,5.259274482727051,3267000
1994-11-23,6.847221851348877,7.027778148651123,6.763888835906982,7.0,5.376621723175049,2237400
1994-11-25,7.0,7.0,6.972221851348877,6.986111164093018,5.3659539222717285,436500
1994-11-28,7.0,7.0,6.930555820465088,7.0,5.376621723175049,912600
1994-11-29,7.0,7.0416669845581055,6.972221851348877,7.027778148651123,5.397956371307373,1661400
1994-11-30,7.055555820465088,7.055555820465088,7.027778148651123,7.0416669845581055,5.408624172210693,775800
1994-12-01,7.0416669845581055,7.0416669845581055,6.930555820465088,6.9583330154418945,5.344614505767822,977400
1994-12-02,6.972221851348877,7.111111164093018,6.930555820465088,7.111111164093018,5.4619646072387695,999900
1994-12-05,7.138888835906982,7.305555820465088,7.138888835906982,7.25,5.5686421394348145,1293300
1994-12-06,7.263888835906982,7.263888835906982,7.111111164093018,7.180555820465088,5.51530647277832,992700
1994-12-07,7.069444179534912,7.180555820465088,7.069444179534912,7.111111164093018,5.526962757110596,1314000
1994-12-08,7.0833330154418945,7.125,7.0,7.027778148651123,5.462193489074707,1790100
1994-12-09,7.013888835906982,7.097221851348877,7.0,7.097221851348877,5.516167163848877,1516500
1994-12-12,7.055555820465088,7.125,7.055555820465088,7.125,5.537757396697998,585900
1994-12-13,7.138888835906982,7.236111164093018,7.111111164093018,7.194444179534912,5.591731071472168,1701900
1994-12-14,7.222221851348877,7.305555820465088,7.222221851348877,7.25,5.634909629821777,793800
1994-12-15,7.25,7.3333330154418945,7.25,7.319444179534912,5.688884258270264,716400
1994-12-16,7.388888835906982,7.388888835906982,7.3333330154418945,7.361111164093018,5.7212677001953125,2373300
1994-12-19,7.361111164093018,7.4166669845581055,7.319444179534912,7.347221851348877,5.710475444793701,1597500
1994-12-20,7.319444179534912,7.4166669845581055,7.319444179534912,7.4166669845581055,5.764449119567871,1107000
1994-12-21,7.4166669845581055,7.430555820465088,6.847221851348877,6.972221851348877,5.419012546539307,8104500
1994-12-22,6.972221851348877,6.972221851348877,6.902778148651123,6.9166669845581055,5.375833511352539,4932900
1994-12-23,6.888888835906982,6.888888835906982,6.805555820465088,6.819444179534912,5.300268173217773,1620900
1994-12-27,6.8333330154418945,6.930555820465088,6.7916669845581055,6.902778148651123,5.365039348602295,2151900
1994-12-28,6.902778148651123,7.0,6.902778148651123,6.972221851348877,5.419012546539307,2628000
1994-12-29,7.0,7.013888835906982,6.9583330154418945,6.972221851348877,5.419012546539307,1794600
1994-12-30,6.972221851348877,7.069444179534912,6.972221851348877,7.069444179534912,5.494577407836914,1157400
1995-01-03,7.055555820465088,7.055555820465088,6.9583330154418945,7.0416669845581055,5.472987651824951,1995300
1995-01-04,7.013888835906982,7.027778148651123,6.972221851348877,7.0,5.440603256225586,707400
1995-01-05,7.0,7.027778148651123,6.9166669845581055,6.986111164093018,5.429808139801025,2385900
1995-01-06,6.986111164093018,7.013888835906982,6.944444179534912,7.0,5.440603256225586,1277100
1995-01-09,7.013888835906982,7.013888835906982,6.972221851348877,7.0,5.440603256225586,940500
1995-01-10,7.027778148651123,7.027778148651123,6.972221851348877,6.972221851348877,5.419012546539307,2061900
1995-01-11,7.0,7.0833330154418945,6.9583330154418945,7.027778148651123,5.462193489074707,1915200
1995-01-12,7.055555820465088,7.25,7.055555820465088,7.236111164093018,5.624114513397217,3735900
1995-01-13,7.222221851348877,7.486111164093018,7.222221851348877,7.4583330154418945,5.796830654144287,4659300
1995-01-16,7.4583330154418945,7.486111164093018,7.402778148651123,7.472221851348877,5.807629108428955,2137500
1995-01-17,7.444444179534912,7.472221851348877,7.375,7.472221851348877,5.807629108428955,2439000
1995-01-18,7.4583330154418945,7.486111164093018,7.444444179534912,7.486111164093018,5.818423748016357,1827000
1995-01-19,7.472221851348877,7.5,7.4583330154418945,7.486111164093018,5.818423748016357,2222100
1995-01-20,7.486111164093018,7.486111164093018,7.430555820465088,7.444444179534912,5.786036491394043,2276100
1995-01-23,7.402778148651123,7.4583330154418945,7.347221851348877,7.444444179534912,5.786036491394043,2087100
1995-01-24,7.444444179534912,7.444444179534912,7.375,7.4166669845581055,5.764449119567871,773100
1995-01-25,7.388888835906982,7.472221851348877,7.361111164093018,7.430555820465088,5.775243759155273,1768500
1995-01-26,7.4583330154418945,7.4583330154418945,7.388888835906982,7.4583330154418945,5.796830654144287,1123200
1995-01-27,7.472221851348877,7.611111164093018,7.444444179534912,7.555555820465088,5.872397422790527,1302300
1995-01-30,7.569444179534912,7.569444179534912,7.486111164093018,7.486111164093018,5.818423748016357,814500
1995-01-31,7.486111164093018,7.513888835906982,7.4583330154418945,7.513888835906982,5.8400139808654785,2900700
1995-02-01,7.513888835906982,7.555555820465088,7.5,7.527778148651123,5.850809574127197,3528000
1995-02-02,7.527778148651123,7.555555820465088,7.513888835906982,7.555555820465088,5.872397422790527,1782000
1995-02-03,7.555555820465088,7.6666669845581055,7.555555820465088,7.611111164093018,5.915575981140137,3171600
1995-02-06,7.625,7.652778148651123,7.611111164093018,7.625,5.926370143890381,1548000
1995-02-07,7.680555820465088,7.722221851348877,7.638888835906982,7.722221851348877,6.001933574676514,794700
1995-02-08,7.680555820465088,7.805555820465088,7.680555820465088,7.777778148651123,6.045114517211914,1644300
1995-02-09,7.777778148651123,7.7916669845581055,7.763888835906982,7.777778148651123,6.045114517211914,699300
1995-02-10,7.777778148651123,7.9166669845581055,7.763888835906982,7.861111164093018,6.1098833084106445,2581200
1995-02-13,7.875,7.9166669845581055,7.861111164093018,7.9166669845581055,6.153063774108887,1657800
1995-02-14,8.055556297302246,8.305556297302246,8.01388931274414,8.26388931274414,6.4229326248168945,8516700
1995-02-15,8.25,8.277777671813965,8.152777671813965,8.180556297302246,6.358164310455322,6391800
1995-02-16,8.25,8.333333015441895,8.23611068725586,8.333333015441895,6.4769110679626465,2447100
1995-02-17,8.333333015441895,8.402777671813965,8.319443702697754,8.347222328186035,6.487704753875732,2222100
1995-02-21,8.36111068725586,8.402777671813965,8.277777671813965,8.291666984558105,6.444526195526123,2290500
1995-02-22,8.291666984558105,8.402777671813965,8.277777671813965,8.347222328186035,6.487704753875732,4470300
1995-02-23,8.375,8.375,8.319443702697754,8.375,6.509291172027588,2412000
1995-02-24,8.375,8.444443702697754,8.375,8.444443702697754,6.563266277313232,2238300
1995-02-27,8.430556297302246,8.430556297302246,8.36111068725586,8.375,6.509291172027588,1700100
1995-02-28,8.375,8.416666984558105,8.375,8.416666984558105,6.541676998138428,1046700
1995-03-01,8.416666984558105,8.430556297302246,8.375,8.38888931274414,6.520086288452148,1179900
1995-03-02,8.375,8.375,8.319443702697754,8.347222328186035,6.487704753875732,2524500
1995-03-03,8.36111068725586,8.375,8.347222328186035,8.375,6.509291172027588,1225800
1995-03-06,8.375,8.402777671813965,8.333333015441895,8.38888931274414,6.520086288452148,562500
1995-03-07,8.319443702697754,8.319443702697754,8.166666984558105,8.208333015441895,6.444625377655029,922500
1995-03-08,8.208333015441895,8.26388931274414,8.194443702697754,8.23611068725586,6.466436386108398,882900
1995-03-09,8.25,8.25,8.13888931274414,8.13888931274414,6.390103340148926,908100
1995-03-10,8.11111068725586,8.291666984558105,8.11111068725586,8.277777671813965,6.49915075302124,1460700
1995-03-13,8.277777671813965,8.333333015441895,8.23611068725586,8.25,6.477341175079346,1319400
1995-03-14,8.26388931274414,8.416666984558105,8.26388931274414,8.347222328186035,6.553674697875977,2214900
1995-03-15,8.333333015441895,8.36111068725586,8.29861068725586,8.347222328186035,6.553674697875977,3823200
1995-03-16,8.319443702697754,8.458333015441895,8.305556297302246,8.458333015441895,6.640909194946289,2054700
1995-03-17,8.48611068725586,8.48611068725586,8.375,8.430556297302246,6.619102478027344,1558800
1995-03-20,8.444443702697754,8.444443702697754,8.38888931274414,8.416666984558105,6.608198642730713,1234800
1995-03-21,8.416666984558105,8.458333015441895,8.375,8.444443702697754,6.630006313323975,1789200
1995-03-22,8.430556297302246,8.444443702697754,8.416666984558105,8.416666984558105,6.608198642730713,1745100
1995-03-23,8.402777671813965,8.416666984558105,8.333333015441895,8.333333015441895,6.542771339416504,2889900
1995-03-24,8.36111068725586,8.375,8.347222328186035,8.347222328186035,6.553674697875977,1129500
1995-03-27,8.347222328186035,8.402777671813965,8.347222328186035,8.38888931274414,6.586386680603027,1593900
1995-03-28,8.38888931274414,8.38888931274414,8.347222328186035,8.36111068725586,6.564575672149658,761400
1995-03-29,8.36111068725586,8.38888931274414,8.347222328186035,8.38888931274414,6.586386680603027,2969100
1995-03-30,8.38888931274414,8.38888931274414,8.333333015441895,8.375,6.575481414794922,2179800
1995-03-31,8.347222328186035,8.36111068725586,8.26388931274414,8.305556297302246,6.520960807800293,1514700
1995-04-03,8.277777671813965,8.291666984558105,8.222222328186035,8.222222328186035,6.455533504486084,2330100
1995-04-04,8.25,8.26388931274414,8.194443702697754,8.222222328186035,6.455533504486084,2280600
1995-04-05,8.25,8.25,8.208333015441895,8.222222328186035,6.455533504486084,1523700
1995-04-06,8.222222328186035,8.222222328186035,8.152777671813965,8.166666984558105,6.41191291809082,939600
1995-04-07,8.166666984558105,8.180556297302246,8.125,8.152777671813965,6.401006698608398,1373400
1995-04-10,8.152777671813965,8.166666984558105,8.152777671813965,8.152777671813965,6.401006698608398,1255500
1995-04-11,8.180556297302246,8.180556297302246,8.069443702697754,8.069443702697754,6.335582256317139,1301400
1995-04-12,8.083333015441895,8.097222328186035,8.055556297302246,8.069443702697754,6.335582256317139,1081800
1995-04-13,8.097222328186035,8.194443702697754,8.097222328186035,8.180556297302246,6.422816753387451,1998900
1995-04-17,8.208333015441895,8.208333015441895,8.083333015441895,8.083333015441895,6.346486568450928,1132200
1995-04-18,8.083333015441895,8.083333015441895,7.986111164093018,8.01388931274414,6.291963577270508,1312200
1995-04-19,7.986111164093018,8.01388931274414,7.888888835906982,7.902778148651123,6.2047247886657715,4751100
1995-04-20,7.888888835906982,7.902778148651123,7.597221851348877,7.611111164093018,5.9757280349731445,8930700
1995-04-21,7.625,7.888888835906982,7.5833330154418945,7.888888835906982,6.193821907043457,6868800
1995-04-24,7.888888835906982,7.888888835906982,7.7916669845581055,7.888888835906982,6.193821907043457,1573200
1995-04-25,7.875,7.9583330154418945,7.819444179534912,7.9166669845581055,6.215631484985352,3074400
1995-04-26,7.944444179534912,8.083333015441895,7.9166669845581055,8.069443702697754,6.335582256317139,1317600
1995-04-27,8.097222328186035,8.194443702697754,8.097222328186035,8.180556297302246,6.422816753387451,3192300
1995-04-28,8.208333015441895,8.208333015441895,8.041666984558105,8.069443702697754,6.335582256317139,1251900
1995-05-01,8.083333015441895,8.11111068725586,7.930555820465088,7.9583330154418945,6.248345375061035,2626200
1995-05-02,7.9583330154418945,7.9583330154418945,7.875,7.930555820465088,6.226535797119141,2436300
1995-05-03,7.9583330154418945,8.152777671813965,7.9583330154418945,8.027777671813965,6.3028669357299805,3495600
1995-05-04,8.027777671813965,8.027777671813965,7.944444179534912,7.9583330154418945,6.248345375061035,2519100
1995-05-05,7.986111164093018,8.11111068725586,7.9583330154418945,8.041666984558105,6.313774108886719,1470600
1995-05-08,8.069443702697754,8.125,8.027777671813965,8.069443702697754,6.335582256317139,2553300
1995-05-09,8.097222328186035,8.25,8.083333015441895,8.25,6.477341175079346,2006100
1995-05-10,8.291666984558105,8.347222328186035,8.23611068725586,8.25,6.477341175079346,1359000
1995-05-11,8.25,8.25,8.222222328186035,8.23611068725586,6.466436386108398,852300
1995-05-12,8.222222328186035,8.25,8.194443702697754,8.25,6.477341175079346,1338300
1995-05-15,8.26388931274414,8.416666984558105,8.26388931274414,8.416666984558105,6.608198642730713,1107000
1995-05-16,8.375,8.375,8.277777671813965,8.277777671813965,6.49915075302124,1640700
1995-05-17,8.25,8.26388931274414,8.180556297302246,8.194443702697754,6.43372106552124,1252800
1995-05-18,8.180556297302246,8.180556297302246,8.11111068725586,8.11111068725586,6.3682942390441895,1101600
1995-05-19,8.083333015441895,8.11111068725586,8.069443702697754,8.097222328186035,6.3573899269104,1547100
1995-05-22,8.125,8.152777671813965,8.097222328186035,8.125,6.3792009353637695,909000
1995-05-23,8.180556297302246,8.194443702697754,8.13888931274414,8.166666984558105,6.41191291809082,2135700
1995-05-24,8.208333015441895,8.26388931274414,8.194443702697754,8.222222328186035,6.455533504486084,1800900
1995-05-25,8.25,8.291666984558105,8.194443702697754,8.277777671813965,6.49915075302124,1398600
1995-05-26,8.291666984558105,8.319443702697754,8.277777671813965,8.277777671813965,6.49915075302124,1784700
1995-05-30,8.277777671813965,8.305556297302246,8.222222328186035,8.222222328186035,6.455533504486084,2032200
1995-05-31,8.25,8.333333015441895,8.208333015441895,8.305556297302246,6.520960807800293,1879200
1995-06-01,8.291666984558105,8.347222328186035,8.26388931274414,8.319443702697754,6.531863689422607,1777500
1995-06-02,8.333333015441895,8.36111068725586,8.291666984558105,8.333333015441895,6.542771339416504,2424600
1995-06-05,8.333333015441895,8.347222328186035,8.305556297302246,8.333333015441895,6.542771339416504,1807200
1995-06-06,8.333333015441895,8.347222328186035,8.291666984558105,8.319443702697754,6.531863689422607,2228400
1995-06-07,8.347222328186035,8.347222328186035,8.305556297302246,8.347222328186035,6.553674697875977,2572200
1995-06-08,8.5,8.541666984558105,8.319443702697754,8.333333015441895,6.6096343994140625,4719600
1995-06-09,8.333333015441895,8.347222328186035,8.152777671813965,8.166666984558105,6.477442741394043,1242900
1995-06-12,8.152777671813965,8.277777671813965,8.152777671813965,8.194443702697754,6.499471187591553,2217600
1995-06-13,8.23611068725586,8.375,8.222222328186035,8.36111068725586,6.63166618347168,1021500
1995-06-14,8.36111068725586,8.36111068725586,8.319443702697754,8.333333015441895,6.6096343994140625,835200
1995-06-15,8.319443702697754,8.38888931274414,8.319443702697754,8.36111068725586,6.63166618347168,1380600
1995-06-16,8.375,8.375,8.333333015441895,8.347222328186035,6.620652675628662,2373300
1995-06-19,8.347222328186035,8.416666984558105,8.347222328186035,8.416666984558105,6.67573356628418,2044800
1995-06-20,8.444443702697754,8.458333015441895,8.402777671813965,8.430556297302246,6.686748027801514,1629900
1995-06-21,8.458333015441895,8.527777671813965,8.444443702697754,8.527777671813965,6.763858795166016,2150100
1995-06-22,8.61111068725586,8.777777671813965,8.597222328186035,8.73611068725586,6.929098129272461,2906100
1995-06-23,8.680556297302246,8.680556297302246,8.63888931274414,8.652777671813965,6.863002777099609,2112300
1995-06-26,8.625,8.666666984558105,8.61111068725586,8.666666984558105,6.874020576477051,1252800
1995-06-27,8.652777671813965,8.680556297302246,8.625,8.652777671813965,6.863002777099609,2069100
1995-06-28,8.666666984558105,8.722222328186035,8.63888931274414,8.666666984558105,6.874020576477051,2513700
1995-06-29,8.680556297302246,8.680556297302246,8.569443702697754,8.625,6.84097146987915,1798200
1995-06-30,8.652777671813965,8.680556297302246,8.625,8.625,6.84097146987915,2109600
1995-07-03,8.652777671813965,8.680556297302246,8.63888931274414,8.666666984558105,6.874020576477051,336600
1995-07-05,8.666666984558105,8.680556297302246,8.61111068725586,8.625,6.84097146987915,1103400
1995-07-06,8.666666984558105,8.791666984558105,8.63888931274414,8.791666984558105,6.973165512084961,1713600
1995-07-07,8.777777671813965,8.86111068725586,8.75,8.847222328186035,7.0172295570373535,1741500
1995-07-10,8.819443702697754,8.819443702697754,8.694443702697754,8.75,6.940114974975586,1921500
1995-07-11,8.75,8.777777671813965,8.694443702697754,8.75,6.940114974975586,1801800
1995-07-12,8.722222328186035,8.76388931274414,8.708333015441895,8.75,6.940114974975586,810900
1995-07-13,8.722222328186035,8.76388931274414,8.666666984558105,8.666666984558105,6.874020576477051,1863000
1995-07-14,8.652777671813965,8.75,8.63888931274414,8.666666984558105,6.874020576477051,1936800
1995-07-17,8.680556297302246,8.86111068725586,8.666666984558105,8.847222328186035,7.0172295570373535,1920600
1995-07-18,8.916666984558105,9.027777671813965,8.902777671813965,8.944443702697754,7.094339370727539,3250800
1995-07-19,9.0,9.069443702697754,8.958333015441895,8.972222328186035,7.116373538970947,3095100
1995-07-20,8.916666984558105,8.930556297302246,8.777777671813965,8.777777671813965,6.962146282196045,2378700
1995-07-21,8.777777671813965,8.805556297302246,8.75,8.777777671813965,6.962146282196045,2028600
1995-07-24,8.76388931274414,8.86111068725586,8.76388931274414,8.833333015441895,7.006214141845703,1440900
1995-07-25,8.833333015441895,8.930556297302246,8.777777671813965,8.902777671813965,7.061293601989746,2136600
1995-07-26,8.902777671813965,9.0,8.833333015441895,8.98611068725586,7.127389430999756,2930400
1995-07-27,8.972222328186035,9.069443702697754,8.972222328186035,9.055556297302246,7.18247127532959,1326600
1995-07-28,9.041666984558105,9.125,9.01388931274414,9.11111068725586,7.226533889770508,693000
1995-07-31,9.11111068725586,9.11111068725586,8.944443702697754,8.958333015441895,7.105358123779297,1274400
1995-08-01,8.972222328186035,9.055556297302246,8.944443702697754,9.0,7.138404846191406,645300
1995-08-02,9.583333015441895,10.01388931274414,9.583333015441895,9.916666984558105,7.8654680252075195,11373300
1995-08-03,9.944443702697754,9.944443702697754,9.805556297302246,9.88888931274414,7.843434810638428,3251700
1995-08-04,9.86111068725586,10.0,9.833333015441895,10.0,7.931562423706055,3690000
1995-08-07,10.0,10.13888931274414,10.0,10.055556297302246,7.975628852844238,3681900
1995-08-08,9.944443702697754,10.083333015441895,9.944443702697754,10.041666984558105,7.964612007141113,2892600
1995-08-09,10.083333015441895,10.083333015441895,10.027777671813965,10.055556297302246,7.975628852844238,5273100
1995-08-10,10.055556297302246,10.083333015441895,9.958333015441895,9.972222328186035,7.909529209136963,2979900
1995-08-11,9.972222328186035,10.0,9.847222328186035,9.86111068725586,7.821401119232178,4053600
1995-08-14,9.833333015441895,9.944443702697754,9.805556297302246,9.916666984558105,7.8654680252075195,1828800
1995-08-15,9.944443702697754,9.98611068725586,9.916666984558105,9.944443702697754,7.887495040893555,2344500
1995-08-16,9.972222328186035,9.98611068725586,9.944443702697754,9.98611068725586,7.920547962188721,1414800
1995-08-17,10.0,10.083333015441895,10.0,10.069443702697754,7.986640453338623,2637000
1995-08-18,10.069443702697754,10.083333015441895,10.027777671813965,10.055556297302246,7.975628852844238,2961000
1995-08-21,10.083333015441895,10.23611068725586,10.069443702697754,10.208333015441895,8.096799850463867,2979900
1995-08-22,10.23611068725586,10.25,10.194443702697754,10.222222328186035,8.107816696166992,2755800
1995-08-23,10.208333015441895,10.23611068725586,10.194443702697754,10.222222328186035,8.107816696166992,2077200
1995-08-24,10.222222328186035,10.25,10.208333015441895,10.23611068725586,8.118836402893066,2160900
1995-08-25,10.26388931274414,10.402777671813965,10.26388931274414,10.38888931274414,8.24001407623291,1609200
1995-08-28,10.416666984558105,10.527777671813965,10.375,10.38888931274414,8.24001407623291,2594700
1995-08-29,10.416666984558105,10.48611068725586,10.402777671813965,10.458333015441895,8.295088768005371,3258000
1995-08-30,10.472222328186035,10.61111068725586,10.458333015441895,10.597222328186035,8.405252456665039,6410700
1995-08-31,10.625,10.75,10.625,10.75,8.526429176330566,4744800
1995-09-01,10.73611068725586,11.069443702697754,10.722222328186035,11.055556297302246,8.768775939941406,3588300
1995-09-05,11.11111068725586,11.125,10.98611068725586,11.069443702697754,8.779797554016113,3447900
1995-09-06,11.069443702697754,11.152777671813965,11.055556297302246,11.11111068725586,8.812845230102539,4140900
1995-09-07,11.11111068725586,11.11111068725586,10.916666984558105,10.98611068725586,8.713701248168945,3807900
1995-09-08,10.916666984558105,10.930556297302246,10.833333015441895,10.833333015441895,8.65908145904541,1603800
1995-09-11,10.847222328186035,10.875,10.694443702697754,10.847222328186035,8.670180320739746,2966400
1995-09-12,10.944443702697754,10.958333015441895,10.902777671813965,10.958333015441895,8.758995056152344,3102300
1995-09-13,10.916666984558105,11.041666984558105,10.916666984558105,11.041666984558105,8.825599670410156,2272500
1995-09-14,11.083333015441895,11.277777671813965,11.069443702697754,11.194443702697754,8.947721481323242,3221100
1995-09-15,11.222222328186035,11.319443702697754,11.208333015441895,11.26388931274414,9.003227233886719,5274900
1995-09-18,11.277777671813965,11.347222328186035,11.222222328186035,11.277777671813965,9.014326095581055,3293100
1995-09-19,11.26388931274414,11.305556297302246,11.26388931274414,11.291666984558105,9.02542495727539,1976400
1995-09-20,11.26388931274414,11.305556297302246,11.222222328186035,11.25,8.992125511169434,4936500
1995-09-21,11.25,11.25,11.0,11.083333015441895,8.858905792236328,2763000
1995-09-22,10.944443702697754,11.097222328186035,10.944443702697754,11.083333015441895,8.858905792236328,2879100
1995-09-25,11.097222328186035,11.194443702697754,11.083333015441895,11.13888931274414,8.903313636779785,1914300
1995-09-26,11.166666984558105,11.180556297302246,11.11111068725586,11.13888931274414,8.903313636779785,4716000
1995-09-27,11.055556297302246,11.11111068725586,11.0,11.083333015441895,8.858905792236328,2077200
1995-09-28,11.083333015441895,11.777777671813965,11.083333015441895,11.76388931274414,9.402878761291504,17004600
1995-09-29,11.722222328186035,11.722222328186035,11.569443702697754,11.569443702697754,9.247454643249512,3902400
1995-10-02,11.63888931274414,12.0,11.625,11.76388931274414,9.402878761291504,10429200
1995-10-03,12.0,12.0,11.819443702697754,11.958333015441895,9.558292388916016,4291200
1995-10-04,11.930556297302246,12.0,11.833333015441895,11.875,9.491686820983887,2582100
1995-10-05,11.875,11.875,11.777777671813965,11.805556297302246,9.436180114746094,1275300
1995-10-06,11.805556297302246,11.847222328186035,11.694443702697754,11.73611068725586,9.3806734085083,2194200
1995-10-09,11.38888931274414,11.541666984558105,11.38888931274414,11.416666984558105,9.125341415405273,3789000
1995-10-10,11.166666984558105,11.291666984558105,11.13888931274414,11.26388931274414,9.003227233886719,5418000
1995-10-11,11.277777671813965,11.472222328186035,11.277777671813965,11.472222328186035,9.169746398925781,3426300
1995-10-12,11.472222328186035,11.472222328186035,11.222222328186035,11.375,9.092034339904785,2847600
1995-10-13,11.416666984558105,11.444443702697754,11.319443702697754,11.444443702697754,9.147544860839844,5190300
1995-10-16,11.333333015441895,11.402777671813965,11.25,11.347222328186035,9.069833755493164,2520900
1995-10-17,11.333333015441895,11.347222328186035,11.291666984558105,11.291666984558105,9.02542495727539,2815200
1995-10-18,11.291666984558105,11.347222328186035,11.083333015441895,11.11111068725586,8.881108283996582,3334500
1995-10-19,11.0,11.11111068725586,11.0,11.083333015441895,8.858905792236328,3982500
1995-10-20,11.11111068725586,11.38888931274414,11.11111068725586,11.208333015441895,8.958820343017578,3706200
1995-10-23,11.26388931274414,11.26388931274414,11.11111068725586,11.152777671813965,8.914413452148438,2251800
1995-10-24,11.125,11.166666984558105,10.847222328186035,10.86111068725586,8.681285858154297,2009700
1995-10-25,10.916666984558105,10.930556297302246,10.583333015441895,10.680556297302246,8.536966323852539,2672100
1995-10-26,10.680556297302246,10.680556297302246,10.597222328186035,10.666666984558105,8.52586841583252,2648700
1995-10-27,10.666666984558105,10.944443702697754,10.666666984558105,10.86111068725586,8.681285858154297,4116600
1995-10-30,11.055556297302246,11.055556297302246,10.770833015441895,11.01388931274414,8.803401947021484,2761200
1995-10-31,11.0,11.027777671813965,10.833333015441895,11.01388931274414,8.803401947021484,3142800
1995-11-01,11.527777671813965,11.63888931274414,11.416666984558105,11.625,9.291860580444336,10760400
1995-11-02,11.61111068725586,11.722222328186035,11.555556297302246,11.680556297302246,9.33626651763916,2511900
1995-11-03,11.680556297302246,11.86111068725586,11.680556297302246,11.86111068725586,9.480587005615234,2964600
1995-11-06,11.86111068725586,11.86111068725586,11.666666984558105,11.791666984558105,9.425079345703125,1304100
1995-11-07,11.791666984558105,11.791666984558105,11.61111068725586,11.76388931274414,9.402878761291504,3061800
1995-11-08,11.76388931274414,11.777777671813965,11.680556297302246,11.75,9.391777992248535,2222100
1995-11-09,11.791666984558105,11.791666984558105,11.555556297302246,11.555556297302246,9.23635196685791,3959100
1995-11-10,11.444443702697754,11.73611068725586,11.416666984558105,11.652777671813965,9.31406307220459,2401200
1995-11-13,11.652777671813965,11.652777671813965,11.527777671813965,11.555556297302246,9.23635196685791,1467000
1995-11-14,11.527777671813965,11.625,11.472222328186035,11.597222328186035,9.269659996032715,1529100
1995-11-15,11.625,11.625,11.36111068725586,11.430556297302246,9.136441230773926,1637100
1995-11-16,11.458333015441895,11.63888931274414,11.36111068725586,11.5,9.191949844360352,2253600
1995-11-17,11.51388931274414,11.527777671813965,11.444443702697754,11.472222328186035,9.169746398925781,1403100
1995-11-20,11.444443702697754,11.444443702697754,11.277777671813965,11.333333015441895,9.058731079101562,2470500
1995-11-21,11.333333015441895,11.597222328186035,11.305556297302246,11.583333015441895,9.258557319641113,3012300
1995-11-22,11.597222328186035,11.76388931274414,11.555556297302246,11.76388931274414,9.402878761291504,1834200
1995-11-24,11.666666984558105,11.75,11.666666984558105,11.680556297302246,9.33626651763916,281700
1995-11-27,11.694443702697754,11.791666984558105,11.694443702697754,11.76388931274414,9.402878761291504,1845000
1995-11-28,11.76388931274414,11.875,11.75,11.847222328186035,9.469484329223633,2323800
1995-11-29,12.777777671813965,12.777777671813965,12.208333015441895,12.305556297302246,9.83582878112793,5661000
1995-11-30,12.305556297302246,12.319443702697754,12.208333015441895,12.222222328186035,9.769220352172852,5212800
1995-12-01,12.208333015441895,12.333333015441895,12.166666984558105,12.166666984558105,9.72481632232666,1678500
1995-12-04,12.180556297302246,12.277777671813965,12.13888931274414,12.222222328186035,9.769220352172852,3645000
1995-12-05,12.222222328186035,12.444443702697754,12.166666984558105,12.36111068725586,9.880234718322754,4538700
1995-12-06,12.38888931274414,12.597222328186035,12.38888931274414,12.444443702697754,9.946847915649414,2474100
1995-12-07,12.472222328186035,12.472222328186035,12.26388931274414,12.378472328186035,9.894111633300781,2238300
1995-12-08,12.277777671813965,12.38888931274414,12.13888931274414,12.319443702697754,9.846927642822266,1655100
1995-12-11,12.194443702697754,12.23611068725586,12.166666984558105,12.194443702697754,9.814290046691895,2871000
1995-12-12,12.194443702697754,12.208333015441895,11.972222328186035,12.0,9.657797813415527,6908400
1995-12-13,12.0,12.0,11.819443702697754,11.86111068725586,9.546019554138184,2028600
1995-12-14,11.819443702697754,11.819443702697754,11.666666984558105,11.75,9.456597328186035,1633500
1995-12-15,11.944443702697754,12.0,11.847222328186035,12.0,9.657797813415527,4430700
1995-12-18,11.972222328186035,12.0,11.819443702697754,11.833333015441895,9.523661613464355,2050200
1995-12-19,11.666666984558105,11.777777671813965,11.583333015441895,11.777777671813965,9.478949546813965,2705400
1995-12-20,11.777777671813965,11.777777671813965,11.666666984558105,11.76388931274414,9.467769622802734,2369700
1995-12-21,11.76388931274414,11.833333015441895,11.708333015441895,11.73611068725586,9.445416450500488,2197800
1995-12-22,11.708333015441895,11.76388931274414,11.708333015441895,11.75,9.456597328186035,1640700
1995-12-26,11.722222328186035,11.76388931274414,11.708333015441895,11.75,9.456597328186035,1185300
1995-12-27,11.791666984558105,11.833333015441895,11.555556297302246,11.569443702697754,9.311280250549316,5933700
1995-12-28,11.583333015441895,11.597222328186035,11.444443702697754,11.51388931274414,9.266568183898926,1748700
1995-12-29,11.5,11.722222328186035,11.472222328186035,11.472222328186035,9.23303508758545,4661100
1996-01-02,11.472222328186035,11.791666984558105,11.472222328186035,11.791666984558105,9.490127563476562,2850300
1996-01-03,11.819443702697754,12.208333015441895,11.722222328186035,11.902777671813965,9.579554557800293,6071400
1996-01-04,12.0,12.041666984558105,11.86111068725586,11.902777671813965,9.579554557800293,2846700
1996-01-05,11.88888931274414,11.902777671813965,11.75,11.847222328186035,9.534841537475586,3740400
1996-01-08,11.88888931274414,11.916666984558105,11.86111068725586,11.916666984558105,9.590734481811523,350100
1996-01-09,11.88888931274414,11.916666984558105,11.833333015441895,11.847222328186035,9.534841537475586,3540600
1996-01-10,11.777777671813965,11.805556297302246,11.597222328186035,11.63888931274414,9.367168426513672,2615400
1996-01-11,11.63888931274414,11.777777671813965,11.597222328186035,11.777777671813965,9.478949546813965,2325600
1996-01-12,12.0,12.166666984558105,11.902777671813965,12.166666984558105,9.791935920715332,4338000
1996-01-15,12.166666984558105,12.375,12.166666984558105,12.375,9.959604263305664,3547800
1996-01-16,12.38888931274414,12.527777671813965,12.375,12.527777671813965,10.082564353942871,2352600
1996-01-17,12.527777671813965,12.86111068725586,12.51388931274414,12.76388931274414,10.272587776184082,3204000
1996-01-18,13.222222328186035,13.26388931274414,13.055556297302246,13.25,10.663817405700684,4905000
1996-01-19,13.194443702697754,13.208333015441895,12.958333015441895,12.972222328186035,10.440258026123047,6118200
1996-01-22,12.916666984558105,13.0,12.791666984558105,12.805556297302246,10.306122779846191,1884600
1996-01-23,12.833333015441895,13.0,12.805556297302246,13.0,10.462615966796875,1306800
1996-01-24,12.958333015441895,13.166666984558105,12.958333015441895,13.0,10.462615966796875,1533600
1996-01-25,13.01388931274414,13.097222328186035,12.875,12.88888931274414,10.373191833496094,1656900
1996-01-26,12.88888931274414,12.88888931274414,12.680556297302246,12.76388931274414,10.272587776184082,1591200
1996-01-29,12.76388931274414,13.041666984558105,12.76388931274414,13.041666984558105,10.4961519241333,1748700
1996-01-30,13.01388931274414,13.152777671813965,12.972222328186035,13.11111068725586,10.552035331726074,1366200
1996-01-31,13.11111068725586,13.194443702697754,13.027777671813965,13.180556297302246,10.607932090759277,3182400
1996-02-01,13.166666984558105,13.166666984558105,12.86111068725586,12.875,10.362015724182129,2631600
1996-02-02,12.875,12.916666984558105,12.583333015441895,12.63888931274414,10.171984672546387,2128500
1996-02-05,12.666666984558105,12.708333015441895,12.555556297302246,12.666666984558105,10.194345474243164,1015200
1996-02-06,12.680556297302246,13.0,12.63888931274414,12.916666984558105,10.395545959472656,3151800
1996-02-07,12.930556297302246,13.041666984558105,12.930556297302246,13.041666984558105,10.4961519241333,1843200
1996-02-08,13.222222328186035,13.61111068725586,13.222222328186035,13.333333015441895,10.730888366699219,4935600
1996-02-09,13.305556297302246,13.319443702697754,13.055556297302246,13.180556297302246,10.607932090759277,2763000
1996-02-12,13.125,13.38888931274414,13.125,13.180556297302246,10.607932090759277,4568400
1996-02-13,13.25,13.61111068725586,13.25,13.51388931274414,10.876205444335938,4640400
1996-02-14,13.833333015441895,13.833333015441895,13.305556297302246,13.333333015441895,10.730888366699219,4342500
1996-02-15,13.222222328186035,13.458333015441895,13.222222328186035,13.23611068725586,10.652645111083984,3644100
1996-02-16,13.222222328186035,13.305556297302246,13.041666984558105,13.069443702697754,10.518502235412598,3992400
1996-02-20,12.791666984558105,13.01388931274414,12.791666984558105,13.01388931274414,10.473793029785156,3198600
1996-02-21,13.01388931274414,13.208333015441895,13.01388931274414,13.125,10.563216209411621,2203200
1996-02-22,13.166666984558105,13.430556297302246,13.166666984558105,13.319443702697754,10.719708442687988,2934000
1996-02-23,13.444443702697754,13.458333015441895,13.23611068725586,13.36111068725586,10.75324535369873,4371300
1996-02-26,13.333333015441895,13.375,13.152777671813965,13.347222328186035,10.742058753967285,1698300
1996-02-27,13.402777671813965,13.416666984558105,13.166666984558105,13.166666984558105,10.59675121307373,2549700
1996-02-28,13.25,13.5,13.25,13.319443702697754,10.719708442687988,2635200
1996-02-29,13.208333015441895,13.291666984558105,13.13888931274414,13.166666984558105,10.59675121307373,2622600
1996-03-01,13.194443702697754,13.36111068725586,13.11111068725586,13.36111068725586,10.75324535369873,966600
1996-03-04,13.319443702697754,13.555556297302246,13.305556297302246,13.444443702697754,10.820313453674316,1737000
1996-03-05,13.527777671813965,13.680556297302246,13.458333015441895,13.666666984558105,10.999157905578613,1449000
1996-03-06,13.666666984558105,13.944443702697754,13.652777671813965,13.847222328186035,11.144472122192383,2121300
1996-03-07,13.805556297302246,13.819443702697754,13.555556297302246,13.722222328186035,11.04387378692627,1169100
1996-03-08,13.597222328186035,13.597222328186035,12.625,12.86111068725586,10.350836753845215,4040100
1996-03-11,12.76388931274414,13.0,12.652777671813965,12.88888931274414,10.445387840270996,3705300
1996-03-12,12.805556297302246,12.833333015441895,12.444443702697754,12.805556297302246,10.377847671508789,2735100
1996-03-13,12.833333015441895,13.083333015441895,12.791666984558105,13.0,10.535429000854492,2788200
1996-03-14,13.0,13.180556297302246,13.0,13.13888931274414,10.64798641204834,1638900
1996-03-15,13.166666984558105,13.166666984558105,12.958333015441895,13.083333015441895,10.6029634475708,2343600
1996-03-18,13.083333015441895,13.208333015441895,13.055556297302246,13.11111068725586,10.62547492980957,1693800
1996-03-19,13.11111068725586,13.11111068725586,13.01388931274414,13.11111068725586,10.62547492980957,1853100
1996-03-20,13.13888931274414,13.13888931274414,12.902777671813965,13.0,10.535429000854492,1161000
1996-03-21,13.027777671813965,13.083333015441895,12.88888931274414,12.958333015441895,10.501665115356445,1161900
1996-03-22,12.958333015441895,13.180556297302246,12.930556297302246,13.11111068725586,10.62547492980957,1609200
1996-03-25,13.11111068725586,13.125,12.777777671813965,12.777777671813965,10.355337142944336,1743300
1996-03-26,12.791666984558105,12.875,12.777777671813965,12.791666984558105,10.366597175598145,3045600
1996-03-27,12.86111068725586,12.875,12.75,12.777777671813965,10.355337142944336,1309500
1996-03-28,12.777777671813965,12.916666984558105,12.680556297302246,12.76388931274414,10.344082832336426,1706400
1996-03-29,12.791666984558105,12.833333015441895,12.680556297302246,12.694443702697754,10.28780460357666,1256400
1996-04-01,12.833333015441895,12.875,12.75,12.819443702697754,10.389104843139648,1635300
1996-04-02,12.819443702697754,12.902777671813965,12.708333015441895,12.86111068725586,10.422871589660645,1819800
1996-04-03,12.86111068725586,12.86111068725586,12.63888931274414,12.666666984558105,10.265289306640625,2744100
1996-04-04,12.63888931274414,12.694443702697754,12.26388931274414,12.333333015441895,9.995152473449707,5281200
1996-04-08,11.944443702697754,12.069443702697754,11.805556297302246,11.972222328186035,9.702499389648438,5092200
1996-04-09,12.055556297302246,12.166666984558105,11.902777671813965,12.0,9.72501277923584,4788900
1996-04-10,11.666666984558105,11.75,11.51388931274414,11.583333015441895,9.387335777282715,4424400
1996-04-11,11.583333015441895,11.625,11.194443702697754,11.319443702697754,9.173478126525879,8186400
1996-04-12,11.527777671813965,11.61111068725586,11.472222328186035,11.583333015441895,9.387335777282715,8252100
1996-04-15,11.61111068725586,11.61111068725586,11.444443702697754,11.527777671813965,9.34231948852539,2818800
1996-04-16,11.555556297302246,11.569443702697754,11.416666984558105,11.444443702697754,9.2747802734375,3206700
1996-04-17,11.38888931274414,11.541666984558105,11.38888931274414,11.458333015441895,9.286033630371094,1712700
1996-04-18,11.48611068725586,11.583333015441895,11.458333015441895,11.541666984558105,9.353574752807617,2178000
1996-04-19,11.569443702697754,11.583333015441895,11.51388931274414,11.555556297302246,9.364826202392578,2682000
1996-04-22,11.583333015441895,11.708333015441895,11.48611068725586,11.61111068725586,9.409847259521484,3008700
1996-04-23,11.63888931274414,12.0,11.63888931274414,11.972222328186035,9.702499389648438,3401100
1996-04-24,12.0,12.51388931274414,11.98611068725586,12.458333015441895,10.096453666687012,4181400
1996-04-25,12.416666984558105,12.430556297302246,12.097222328186035,12.166666984558105,9.860085487365723,3046500
1996-04-26,12.25,12.319443702697754,12.180556297302246,12.222222328186035,9.905099868774414,2062800
1996-04-29,12.180556297302246,12.180556297302246,12.041666984558105,12.097222328186035,9.803805351257324,951300
1996-04-30,12.125,12.597222328186035,12.11111068725586,12.597222328186035,10.209014892578125,1875600
1996-05-01,12.5,12.625,12.38888931274414,12.38888931274414,10.040175437927246,3996000
1996-05-02,12.055556297302246,12.097222328186035,11.527777671813965,11.555556297302246,9.364826202392578,7214400
1996-05-03,11.88888931274414,11.98611068725586,11.666666984558105,11.666666984558105,9.454874038696289,16488000
1996-05-06,11.777777671813965,11.777777671813965,11.61111068725586,11.666666984558105,9.454874038696289,4485600
1996-05-07,11.680556297302246,11.722222328186035,11.652777671813965,11.680556297302246,9.466133117675781,3675600
1996-05-08,11.680556297302246,12.0,11.63888931274414,11.88888931274414,9.634966850280762,4007700
1996-05-09,11.902777671813965,12.11111068725586,11.88888931274414,12.11111068725586,9.815057754516602,2338200
1996-05-10,12.333333015441895,12.625,12.23611068725586,12.402777671813965,10.051429748535156,2790900
1996-05-13,12.402777671813965,12.555556297302246,12.25,12.527777671813965,10.152732849121094,1716300
1996-05-14,12.63888931274414,12.722222328186035,12.569443702697754,12.61111068725586,10.220268249511719,2957400
1996-05-15,12.583333015441895,12.76388931274414,12.583333015441895,12.722222328186035,10.310314178466797,2201400
1996-05-16,12.625,12.652777671813965,12.444443702697754,12.458333015441895,10.096453666687012,3960000
1996-05-17,12.5,12.666666984558105,12.48611068725586,12.555556297302246,10.175246238708496,5240700
1996-05-20,12.63888931274414,12.694443702697754,12.597222328186035,12.652777671813965,10.254034996032715,2294100
1996-05-21,12.652777671813965,12.722222328186035,12.63888931274414,12.722222328186035,10.310314178466797,1806300
1996-05-22,12.694443702697754,12.76388931274414,12.625,12.76388931274414,10.344082832336426,2166300
1996-05-23,12.76388931274414,12.833333015441895,12.61111068725586,12.694443702697754,10.28780460357666,1998000
1996-05-24,12.708333015441895,12.88888931274414,12.652777671813965,12.875,10.434131622314453,1003500
1996-05-28,12.819443702697754,12.895833015441895,12.722222328186035,12.86111068725586,10.422871589660645,1190700
1996-05-29,12.86111068725586,12.86111068725586,12.597222328186035,12.61111068725586,10.220268249511719,1338300
1996-05-30,12.583333015441895,12.805556297302246,12.527777671813965,12.708333015441895,10.299055099487305,1172700
1996-05-31,12.680556297302246,12.847222328186035,12.555556297302246,12.76388931274414,10.344082832336426,1134900
1996-06-03,12.75,12.833333015441895,12.652777671813965,12.652777671813965,10.254034996032715,1044900
1996-06-04,12.652777671813965,12.777777671813965,12.625,12.625,10.23151969909668,1997100
1996-06-05,12.680556297302246,12.694443702697754,12.61111068725586,12.652777671813965,10.254034996032715,2176200
1996-06-06,12.708333015441895,12.722222328186035,12.61111068725586,12.625,10.23151969909668,1800000
1996-06-07,12.222222328186035,12.38888931274414,12.194443702697754,12.347222328186035,10.006407737731934,2822400
1996-06-10,12.416666984558105,12.430556297302246,12.277777671813965,12.277777671813965,10.0222806930542,1008900
1996-06-11,12.319443702697754,12.48611068725586,12.26388931274414,12.277777671813965,10.0222806930542,782100
1996-06-12,12.333333015441895,12.472222328186035,12.26388931274414,12.277777671813965,10.0222806930542,806400
1996-06-13,12.25,12.319443702697754,12.208333015441895,12.26388931274414,10.010943412780762,1115100
1996-06-14,12.375,12.375,12.25,12.333333015441895,10.067628860473633,1305000
1996-06-17,12.38888931274414,12.48611068725586,12.347222328186035,12.458333015441895,10.16966724395752,1286100
1996-06-18,12.472222328186035,12.541666984558105,12.458333015441895,12.458333015441895,10.16966724395752,1214100
1996-06-19,12.444443702697754,12.5,12.430556297302246,12.430556297302246,10.146993637084961,1325700
1996-06-20,12.444443702697754,12.51388931274414,12.38888931274414,12.5,10.2036771774292,2516400
1996-06-21,12.48611068725586,12.63888931274414,12.444443702697754,12.63888931274414,10.317056655883789,2519100
1996-06-24,12.63888931274414,12.958333015441895,12.63888931274414,12.958333015441895,10.577816009521484,3401100
1996-06-25,12.958333015441895,13.01388931274414,12.63888931274414,12.76388931274414,10.419092178344727,1548000
1996-06-26,12.694443702697754,12.847222328186035,12.694443702697754,12.819443702697754,10.464438438415527,1936800
1996-06-27,12.777777671813965,12.972222328186035,12.777777671813965,12.86111068725586,10.498453140258789,1705500
1996-06-28,12.777777671813965,13.097222328186035,12.777777671813965,13.097222328186035,10.69118881225586,1466100
1996-07-01,13.11111068725586,13.166666984558105,12.88888931274414,13.166666984558105,10.74787712097168,1073700
1996-07-02,13.23611068725586,13.23611068725586,13.11111068725586,13.166666984558105,10.74787712097168,1003500
1996-07-03,13.166666984558105,13.25,13.11111068725586,13.23611068725586,10.804559707641602,1271700
1996-07-05,13.11111068725586,13.11111068725586,12.666666984558105,12.680556297302246,10.351066589355469,785700
1996-07-08,12.680556297302246,12.805556297302246,12.472222328186035,12.5,10.2036771774292,1282500
1996-07-09,12.583333015441895,12.694443702697754,12.472222328186035,12.472222328186035,10.18100357055664,1982700
1996-07-10,12.472222328186035,12.472222328186035,12.291666984558105,12.402777671813965,10.124314308166504,3528900
1996-07-11,12.222222328186035,12.23611068725586,11.88888931274414,12.069443702697754,9.85222053527832,7698600
1996-07-12,12.069443702697754,12.25,12.041666984558105,12.25,9.999611854553223,2467800
1996-07-15,12.222222328186035,12.25,12.0,12.0,9.7955322265625,1715400
1996-07-16,12.0,12.11111068725586,11.777777671813965,12.0,9.7955322265625,2536200
1996-07-17,12.097222328186035,12.194443702697754,12.055556297302246,12.11111068725586,9.88622760772705,1469700
1996-07-18,12.180556297302246,12.38888931274414,12.125,12.347222328186035,10.078967094421387,1322100
1996-07-19,12.36111068725586,12.36111068725586,12.11111068725586,12.347222328186035,10.078967094421387,2113200
1996-07-22,12.277777671813965,12.277777671813965,12.01388931274414,12.097222328186035,9.874897003173828,1147500
1996-07-23,12.152777671813965,12.194443702697754,11.847222328186035,11.875,9.693493843078613,1653300
1996-07-24,11.875,12.083333015441895,11.833333015441895,11.98611068725586,9.784197807312012,1394100
1996-07-25,12.0,12.055556297302246,11.916666984558105,11.98611068725586,9.784197807312012,1771200
1996-07-26,11.944443702697754,11.944443702697754,11.73611068725586,11.88888931274414,9.704833030700684,1839600
1996-07-29,11.930556297302246,11.944443702697754,11.722222328186035,11.722222328186035,9.568782806396484,1571400
1996-07-30,11.777777671813965,11.930556297302246,11.75,11.805556297302246,9.636812210083008,1562400
1996-07-31,11.791666984558105,12.055556297302246,11.791666984558105,11.833333015441895,9.659483909606934,2795400
1996-08-01,11.916666984558105,12.01388931274414,11.875,12.01388931274414,9.806873321533203,1495800
1996-08-02,12.125,12.222222328186035,12.11111068725586,12.208333015441895,9.965595245361328,1549800
1996-08-05,12.222222328186035,12.23611068725586,12.13888931274414,12.208333015441895,9.965595245361328,1412100
1996-08-06,12.25,12.319443702697754,12.222222328186035,12.25,9.999611854553223,2433600
1996-08-07,12.38888931274414,12.63888931274414,12.375,12.527777671813965,10.22635269165039,2815200
1996-08-08,12.61111068725586,12.722222328186035,12.597222328186035,12.680556297302246,10.351066589355469,1334700
1996-08-09,12.666666984558105,12.902777671813965,12.666666984558105,12.819443702697754,10.464438438415527,1565100
1996-08-12,12.75,12.98611068725586,12.75,12.916666984558105,10.54379940032959,1714500
1996-08-13,12.916666984558105,12.916666984558105,12.75,12.76388931274414,10.419092178344727,1160100
1996-08-14,12.86111068725586,13.11111068725586,12.791666984558105,12.98611068725586,10.600491523742676,2047500
1996-08-15,12.902777671813965,13.23611068725586,12.902777671813965,13.11111068725586,10.702522277832031,1372500
1996-08-16,13.194443702697754,13.36111068725586,13.194443702697754,13.319443702697754,10.87258529663086,1874700
1996-08-19,13.291666984558105,13.375,13.291666984558105,13.347222328186035,10.89526081085205,2511900
1996-08-20,13.444443702697754,13.444443702697754,13.333333015441895,13.375,10.917938232421875,1223100
1996-08-21,13.319443702697754,13.347222328186035,13.25,13.333333015441895,10.88392448425293,1852200
1996-08-22,13.347222328186035,13.38888931274414,13.277777671813965,13.375,10.917938232421875,638100
1996-08-23,13.375,13.375,13.11111068725586,13.180556297302246,10.75921630859375,2134800
1996-08-26,13.152777671813965,13.152777671813965,12.944443702697754,13.01388931274414,10.623161315917969,1818900
1996-08-27,13.041666984558105,13.097222328186035,13.01388931274414,13.083333015441895,10.679848670959473,1906200
1996-08-28,13.055556297302246,13.166666984558105,13.055556297302246,13.083333015441895,10.679848670959473,1827000
1996-08-29,13.055556297302246,13.055556297302246,12.708333015441895,12.76388931274414,10.419092178344727,3625200
1996-08-30,12.76388931274414,12.958333015441895,12.708333015441895,12.902777671813965,10.532461166381836,1829700
1996-09-03,12.708333015441895,12.777777671813965,12.652777671813965,12.75,10.407752990722656,2601900
1996-09-04,12.75,12.75,12.63888931274414,12.652777671813965,10.328390121459961,1713600
1996-09-05,12.61111068725586,12.722222328186035,12.61111068725586,12.694443702697754,10.362405776977539,1134900
1996-09-06,12.63888931274414,13.0,12.63888931274414,12.833333015441895,10.475776672363281,698400
1996-09-09,12.847222328186035,13.125,12.847222328186035,13.125,10.71386432647705,1017900
1996-09-10,13.097222328186035,13.13888931274414,13.01388931274414,13.13888931274414,10.798334121704102,1474200
1996-09-11,13.13888931274414,13.29861068725586,13.125,13.166666984558105,10.821162223815918,1405800
1996-09-12,13.180556297302246,13.333333015441895,13.166666984558105,13.166666984558105,10.821162223815918,1223100
1996-09-13,13.26388931274414,13.38888931274414,13.26388931274414,13.38888931274414,11.00379753112793,1245600
1996-09-16,13.38888931274414,13.527777671813965,13.38888931274414,13.527777671813965,11.117942810058594,1088100
1996-09-17,13.527777671813965,13.527777671813965,13.194443702697754,13.222222328186035,10.866816520690918,1138500
1996-09-18,13.222222328186035,13.23611068725586,13.125,13.180556297302246,10.832573890686035,985500
1996-09-19,13.152777671813965,13.152777671813965,13.055556297302246,13.069443702697754,10.741252899169922,1601100
1996-09-20,13.222222328186035,13.444443702697754,13.194443702697754,13.444443702697754,11.049456596374512,1858500
1996-09-23,13.305556297302246,13.305556297302246,13.222222328186035,13.291666984558105,10.923896789550781,974700
1996-09-24,13.319443702697754,13.333333015441895,13.13888931274414,13.194443702697754,10.84399127960205,2194200
1996-09-25,13.222222328186035,13.222222328186035,12.98611068725586,13.041666984558105,10.718428611755371,1515600
1996-09-26,13.125,13.305556297302246,13.055556297302246,13.23611068725586,10.878233909606934,916200
1996-09-27,13.222222328186035,13.375,13.180556297302246,13.375,10.992382049560547,967500
1996-09-30,13.375,13.597222328186035,13.319443702697754,13.319443702697754,10.946722984313965,1358100
1996-10-01,13.319443702697754,13.472222328186035,13.277777671813965,13.472222328186035,11.072286605834961,665100
1996-10-02,13.61111068725586,13.680556297302246,13.569443702697754,13.61111068725586,11.186433792114258,1112400
1996-10-03,13.61111068725586,13.73611068725586,13.597222328186035,13.694443702697754,11.254920959472656,1599300
1996-10-04,13.833333015441895,14.180556297302246,13.833333015441895,14.0,11.5060453414917,2800800
1996-10-07,14.027777671813965,14.097222328186035,13.916666984558105,14.083333015441895,11.574531555175781,855900
1996-10-08,14.11111068725586,14.13888931274414,14.01388931274414,14.041666984558105,11.540289878845215,730800
1996-10-09,14.097222328186035,14.097222328186035,13.833333015441895,13.875,11.403316497802734,1558800
1996-10-10,13.875,14.0,13.75,13.944443702697754,11.460389137268066,623700
1996-10-11,13.916666984558105,14.01388931274414,13.76388931274414,13.847222328186035,11.38047981262207,870300
1996-10-14,13.916666984558105,13.972222328186035,13.833333015441895,13.902777671813965,11.426142692565918,673200
1996-10-15,13.902777671813965,13.902777671813965,13.708333015441895,13.722222328186035,11.277749061584473,927000
1996-10-16,13.833333015441895,13.88888931274414,13.555556297302246,13.819443702697754,11.357656478881836,1107900
1996-10-17,13.875,14.01388931274414,13.805556297302246,13.847222328186035,11.38047981262207,1580400
1996-10-18,13.875,14.166666984558105,13.875,14.166666984558105,11.643020629882812,2275200
1996-10-21,14.166666984558105,14.180556297302246,14.069443702697754,14.166666984558105,11.643020629882812,434700
1996-10-22,14.166666984558105,14.166666984558105,13.930556297302246,13.930556297302246,11.448973655700684,502200
1996-10-23,13.86111068725586,14.11111068725586,13.722222328186035,14.097222328186035,11.585948944091797,514800
1996-10-24,14.069443702697754,14.069443702697754,13.88888931274414,13.88888931274414,11.4147310256958,683100
1996-10-25,13.819443702697754,14.180556297302246,13.791666984558105,14.11111068725586,11.597365379333496,970200
1996-10-28,14.180556297302246,14.23611068725586,14.0,14.041666984558105,11.540289878845215,1132200
1996-10-29,14.069443702697754,14.194443702697754,13.972222328186035,14.13888931274414,11.620193481445312,520200
1996-10-30,14.166666984558105,14.23611068725586,14.01388931274414,14.166666984558105,11.643020629882812,1082700
1996-10-31,14.26388931274414,14.583333015441895,14.26388931274414,14.5,11.916972160339355,2629800
1996-11-01,14.51388931274414,14.652777671813965,14.5,14.597222328186035,11.996880531311035,1638000
1996-11-04,14.597222328186035,14.597222328186035,14.51388931274414,14.569443702697754,11.974048614501953,1078200
1996-11-05,14.569443702697754,14.75,14.569443702697754,14.73611068725586,12.111023902893066,1739700
1996-11-06,14.75,15.152777671813965,14.73611068725586,15.152777671813965,12.453465461730957,1812600
1996-11-07,15.0,15.11111068725586,14.944443702697754,14.98611068725586,12.31649398803711,1429200
1996-11-08,14.944443702697754,15.180556297302246,14.86111068725586,15.11111068725586,12.419227600097656,1357200
1996-11-11,15.152777671813965,15.25,15.125,15.125,12.43064022064209,618300
1996-11-12,15.125,15.23611068725586,15.0,15.13888931274414,12.442055702209473,1610100
1996-11-13,15.083333015441895,15.291666984558105,15.0,15.13888931274414,12.442055702209473,1314900
1996-11-14,15.055556297302246,15.277777671813965,15.0,15.180556297302246,12.476297378540039,1235700
1996-11-15,15.166666984558105,15.347222328186035,15.055556297302246,15.25,12.533370971679688,1999800
1996-11-18,15.166666984558105,15.666666984558105,15.152777671813965,15.48611068725586,12.727423667907715,921600
1996-11-19,15.416666984558105,15.444443702697754,15.23611068725586,15.291666984558105,12.567618370056152,1732500
1996-11-20,15.38888931274414,15.402777671813965,15.194443702697754,15.36111068725586,12.624689102172852,1725300
1996-11-21,15.430556297302246,15.541666984558105,15.36111068725586,15.48611068725586,12.727423667907715,1099800
1996-11-22,15.48611068725586,15.541666984558105,15.402777671813965,15.416666984558105,12.67034912109375,968400
1996-11-25,15.416666984558105,15.694443702697754,15.402777671813965,15.652777671813965,12.864396095275879,1708200
1996-11-26,15.680556297302246,15.930556297302246,15.5,15.555556297302246,12.78449535369873,1433700
1996-11-27,15.51388931274414,15.666666984558105,15.458333015441895,15.583333015441895,12.807326316833496,1355400
1996-11-29,15.555556297302246,15.73611068725586,15.555556297302246,15.708333015441895,12.910051345825195,359100
1996-12-02,15.722222328186035,15.722222328186035,15.458333015441895,15.555556297302246,12.78449535369873,1575000
1996-12-03,15.583333015441895,15.652777671813965,15.305556297302246,15.319443702697754,12.59044361114502,2381400
1996-12-04,15.23611068725586,15.291666984558105,15.027777671813965,15.194443702697754,12.487709045410156,2304900
1996-12-05,15.208333015441895,15.333333015441895,15.208333015441895,15.277777671813965,12.556197166442871,1926900
1996-12-06,15.166666984558105,15.291666984558105,15.055556297302246,15.25,12.533370971679688,2329200
1996-12-09,15.333333015441895,15.38888931274414,15.291666984558105,15.333333015441895,12.601862907409668,2523600
1996-12-10,15.319443702697754,15.472222328186035,15.222222328186035,15.23611068725586,12.521956443786621,981000
1996-12-11,15.152777671813965,15.152777671813965,14.930556297302246,15.097222328186035,12.480622291564941,1158300
1996-12-12,15.055556297302246,15.152777671813965,14.930556297302246,14.930556297302246,12.342843055725098,1700100
1996-12-13,14.86111068725586,14.972222328186035,14.722222328186035,14.833333015441895,12.262468338012695,1717200
1996-12-16,14.88888931274414,15.0,14.833333015441895,14.833333015441895,12.262468338012695,1758600
1996-12-17,14.63888931274414,14.75,14.527777671813965,14.680556297302246,12.136173248291016,3413700
1996-12-18,14.722222328186035,14.833333015441895,14.694443702697754,14.833333015441895,12.262468338012695,3207600
1996-12-19,14.972222328186035,15.069443702697754,14.902777671813965,15.055556297302246,12.446176528930664,1604700
1996-12-20,15.166666984558105,15.458333015441895,15.041666984558105,15.277777671813965,12.629884719848633,4527000
1996-12-23,15.305556297302246,15.375,15.208333015441895,15.277777671813965,12.629884719848633,1074600
1996-12-24,15.291666984558105,15.319443702697754,15.23611068725586,15.277777671813965,12.629884719848633,585900
1996-12-26,15.305556297302246,15.444443702697754,15.305556297302246,15.38888931274414,12.721735000610352,1171800
1996-12-27,15.36111068725586,15.48611068725586,15.319443702697754,15.444443702697754,12.767661094665527,1045800
1996-12-30,15.527777671813965,15.527777671813965,15.319443702697754,15.319443702697754,12.664328575134277,1711800
1996-12-31,15.36111068725586,15.444443702697754,15.152777671813965,15.180556297302246,12.549510955810547,1374300
1997-01-02,15.194443702697754,15.208333015441895,14.902777671813965,15.027777671813965,12.42321491241455,2172600
1997-01-03,15.13888931274414,15.319443702697754,15.055556297302246,15.055556297302246,12.446176528930664,2514600
1997-01-06,15.097222328186035,15.333333015441895,15.083333015441895,15.333333015441895,12.675812721252441,2684700
1997-01-07,15.333333015441895,15.444443702697754,15.222222328186035,15.430556297302246,12.756185531616211,1691100
1997-01-08,15.541666984558105,15.708333015441895,15.541666984558105,15.694443702697754,12.974335670471191,3089700
1997-01-09,15.694443702697754,16.55555534362793,15.694443702697754,16.38888931274414,13.548421859741211,3207600
1997-01-10,16.05555534362793,16.208332061767578,15.805556297302246,15.875,13.12359619140625,3933000
1997-01-13,15.930556297302246,16.02777862548828,15.86111068725586,15.972222328186035,13.20396900177002,1697400
1997-01-14,16.0,16.18055534362793,15.972222328186035,16.01388931274414,13.238415718078613,3184200
1997-01-15,15.972222328186035,16.208332061767578,15.972222328186035,16.18055534362793,13.37619686126709,1330200
1997-01-16,16.18055534362793,16.375,16.041667938232422,16.333332061767578,13.502493858337402,2644200
1997-01-17,16.333332061767578,16.51388931274414,16.31944465637207,16.5,13.640279769897461,3198600
1997-01-20,16.51388931274414,16.65277862548828,16.51388931274414,16.55555534362793,13.686197280883789,984600
1997-01-21,16.52777862548828,16.76388931274414,16.52777862548828,16.666667938232422,13.778057098388672,1618200
1997-01-22,16.666667938232422,16.86111068725586,16.56944465637207,16.84722137451172,13.927318572998047,2194200
1997-01-23,17.333332061767578,17.61111068725586,17.0,17.0,14.05361270904541,3997800
1997-01-24,16.97222137451172,17.083332061767578,16.63888931274414,16.63888931274414,13.755094528198242,2515500
1997-01-27,16.5,16.56944465637207,16.40277862548828,16.416667938232422,13.571386337280273,2445300
1997-01-28,16.63888931274414,16.666667938232422,16.5,16.5,13.640279769897461,1766700
1997-01-29,16.52777862548828,16.65277862548828,16.458332061767578,16.65277862548828,13.76657485961914,1194300
1997-01-30,16.708332061767578,16.916667938232422,16.666667938232422,16.666667938232422,13.778057098388672,1325700
1997-01-31,16.708332061767578,17.02777862548828,16.708332061767578,16.84722137451172,13.927318572998047,1173600
1997-02-03,16.875,17.05555534362793,16.81944465637207,17.05555534362793,14.09954833984375,1924200
1997-02-04,17.041667938232422,17.09722137451172,16.90277862548828,17.041667938232422,14.08806037902832,1083600
1997-02-05,17.166667938232422,17.18055534362793,16.80555534362793,16.97222137451172,14.03065299987793,2036700
1997-02-06,16.88888931274414,16.88888931274414,16.666667938232422,16.708332061767578,13.8125,1120500
1997-02-07,16.77777862548828,17.23611068725586,16.77777862548828,17.22222137451172,14.237320899963379,2048400
1997-02-10,17.27777862548828,17.48611068725586,17.23611068725586,17.416667938232422,14.398067474365234,1687500
1997-02-11,17.51388931274414,17.51388931274414,17.26388931274414,17.40277862548828,14.38658332824707,2084400
1997-02-12,17.40277862548828,17.55555534362793,17.38888931274414,17.5,14.466957092285156,1457100
1997-02-13,17.52777862548828,17.833332061767578,17.458332061767578,17.73611068725586,14.662144660949707,1160100
1997-02-14,17.80555534362793,17.958332061767578,17.75,17.93055534362793,14.822888374328613,1393200
1997-02-18,17.958332061767578,17.958332061767578,17.75,17.88888931274414,14.788443565368652,929700
1997-02-19,17.90277862548828,17.916667938232422,17.77777862548828,17.791667938232422,14.7080717086792,1266300
1997-02-20,17.77777862548828,17.86111068725586,17.61111068725586,17.625,14.570293426513672,1494000
1997-02-21,17.625,17.76388931274414,17.56944465637207,17.68055534362793,14.616220474243164,1605600
1997-02-24,17.625,17.625,17.31944465637207,17.48611068725586,14.455482482910156,2043900
1997-02-25,17.59722137451172,17.59722137451172,17.333332061767578,17.40277862548828,14.38658332824707,1778400
1997-02-26,17.416667938232422,17.5,17.09722137451172,17.22222137451172,14.237320899963379,864000
1997-02-27,17.208332061767578,17.291667938232422,16.958332061767578,16.958332061767578,14.019166946411133,1183500
1997-02-28,17.05555534362793,17.27777862548828,16.97222137451172,16.98611068725586,14.042137145996094,2422800
1997-03-03,16.90277862548828,16.98611068725586,16.84722137451172,16.98611068725586,14.042137145996094,1485000
1997-03-04,16.958332061767578,17.15277862548828,16.958332061767578,17.02777862548828,14.076580047607422,1569600
1997-03-05,16.98611068725586,17.02777862548828,16.73611068725586,16.84722137451172,13.927318572998047,3109500
1997-03-06,16.666667938232422,16.77777862548828,16.44444465637207,16.708332061767578,13.8125,6777000
1997-03-07,16.73611068725586,17.40277862548828,16.73611068725586,17.27777862548828,14.283251762390137,2070000
1997-03-10,17.291667938232422,17.583332061767578,17.208332061767578,17.583332061767578,14.535847663879395,1820700
1997-03-11,17.541667938232422,17.77777862548828,17.44444465637207,17.708332061767578,14.716368675231934,2547000
1997-03-12,17.708332061767578,17.76388931274414,17.51388931274414,17.52777862548828,14.56632137298584,1677600
1997-03-13,17.458332061767578,17.458332061767578,17.15277862548828,17.15277862548828,14.254679679870605,2175300
1997-03-14,17.27777862548828,17.44444465637207,17.25,17.36111068725586,14.427807807922363,1350900
1997-03-17,17.36111068725586,17.44444465637207,17.125,17.25,14.33547592163086,1441800
1997-03-18,17.27777862548828,17.333332061767578,17.13888931274414,17.25,14.33547592163086,1257300
1997-03-19,17.166667938232422,17.291667938232422,17.0,17.083332061767578,14.196969032287598,1446300
1997-03-20,17.09722137451172,17.125,16.916667938232422,16.958332061767578,14.093084335327148,1990800
1997-03-21,16.97222137451172,17.02777862548828,16.94444465637207,16.94444465637207,14.08154582977295,2950200
1997-03-24,17.01388931274414,17.19444465637207,16.88888931274414,17.19444465637207,14.289306640625,3486600
1997-03-25,17.22222137451172,17.375,17.18055534362793,17.22222137451172,14.312390327453613,1442700
1997-03-26,17.22222137451172,17.23611068725586,17.05555534362793,17.05555534362793,14.173888206481934,1935900
1997-03-27,17.083332061767578,17.083332061767578,16.65277862548828,16.77777862548828,13.943037033081055,2315700
1997-03-31,16.75,16.75,16.22222137451172,16.22222137451172,13.481353759765625,3226500
1997-04-01,16.11111068725586,16.47222137451172,16.11111068725586,16.36111068725586,13.596769332885742,1841400
1997-04-02,16.333332061767578,16.34722137451172,16.11111068725586,16.125,13.400552749633789,1540800
1997-04-03,16.09722137451172,16.13888931274414,16.0,16.05555534362793,13.342843055725098,1176300
1997-04-04,16.041667938232422,16.27777862548828,15.875,16.25,13.504434585571289,2111400
1997-04-07,16.25,16.5,16.25,16.47222137451172,13.689105033874512,1736100
1997-04-08,16.44444465637207,16.44444465637207,16.291667938232422,16.416667938232422,13.64294147491455,1175400
1997-04-09,16.416667938232422,16.47222137451172,16.11111068725586,16.19444465637207,13.45826530456543,1051200
1997-04-10,16.166667938232422,16.40277862548828,16.15277862548828,16.291667938232422,13.539058685302734,855000
1997-04-11,16.23611068725586,16.23611068725586,15.944443702697754,16.01388931274414,13.308215141296387,1964700
1997-04-14,16.0,16.11111068725586,15.76388931274414,16.083332061767578,13.365924835205078,1161900
1997-04-15,16.25,16.27777862548828,16.15277862548828,16.208332061767578,13.469803810119629,1035000
1997-04-16,16.208332061767578,16.208332061767578,16.0,16.15277862548828,13.423638343811035,1503900
1997-04-17,16.166667938232422,16.166667938232422,16.0,16.041667938232422,13.331297874450684,2290500
1997-04-18,16.06944465637207,16.083332061767578,15.805556297302246,15.972222328186035,13.273584365844727,2359800
1997-04-21,15.958333015441895,15.958333015441895,15.444443702697754,15.541666984558105,12.915775299072266,3286800
1997-04-22,15.583333015441895,15.916666984558105,15.569443702697754,15.875,13.192790985107422,3169800
1997-04-23,15.88888931274414,16.05555534362793,15.875,15.930556297302246,13.23896312713623,1306800
1997-04-24,15.930556297302246,16.0,15.86111068725586,15.972222328186035,13.273584365844727,1284300
1997-04-25,16.0,16.083332061767578,15.944443702697754,16.01388931274414,13.308215141296387,603000
1997-04-28,15.98611068725586,16.30555534362793,15.930556297302246,16.26388931274414,13.515974998474121,1576800
1997-04-29,16.416667938232422,16.958332061767578,16.40277862548828,16.93055534362793,14.069998741149902,1466100
1997-04-30,16.93055534362793,17.0,16.708332061767578,16.708332061767578,13.885324478149414,1843200
1997-05-01,17.05555534362793,17.27777862548828,17.05555534362793,17.18055534362793,14.277763366699219,3437100
1997-05-02,17.166667938232422,17.55555534362793,17.166667938232422,17.55555534362793,14.589401245117188,1813500
1997-05-05,17.55555534362793,17.80555534362793,17.43055534362793,17.77777862548828,14.774083137512207,1510200
1997-05-06,17.75,18.25,17.72222137451172,18.0,14.958752632141113,3122100
1997-05-07,17.88888931274414,17.98611068725586,17.791667938232422,17.833332061767578,14.820250511169434,2275200
1997-05-08,17.833332061767578,18.55555534362793,17.77777862548828,18.55555534362793,15.42044734954834,1899000
1997-05-09,18.77777862548828,19.13888931274414,18.68055534362793,18.80555534362793,15.628207206726074,3743100
1997-05-12,18.79861068725586,19.09722137451172,18.79861068725586,19.09722137451172,15.870591163635254,2346300
1997-05-13,19.27777862548828,19.27777862548828,19.083332061767578,19.11111068725586,15.8821382522583,2148300
1997-05-14,19.0,19.15277862548828,18.97222137451172,19.02777862548828,15.812884330749512,2474100
1997-05-15,19.02777862548828,19.02777862548828,18.93055534362793,18.98611068725586,15.778254508972168,1943100
1997-05-16,18.958332061767578,18.97222137451172,18.88888931274414,18.916667938232422,15.720544815063477,2928600
1997-05-19,18.916667938232422,19.23611068725586,18.88888931274414,19.15277862548828,15.91676139831543,1591200
1997-05-20,19.125,19.125,18.94444465637207,19.11111068725586,15.8821382522583,2084400
1997-05-21,19.05555534362793,19.166667938232422,19.01388931274414,19.05555534362793,15.835968971252441,1929600
1997-05-22,19.05555534362793,19.11111068725586,19.0,19.083332061767578,15.859054565429688,1434600
1997-05-23,19.05555534362793,19.30555534362793,18.98611068725586,19.30555534362793,16.04372215270996,931500
1997-05-27,19.25,19.333332061767578,19.11111068725586,19.25,15.997554779052734,1201500
1997-05-28,19.05555534362793,19.19444465637207,19.02777862548828,19.18055534362793,15.939846992492676,1588500
1997-05-29,19.18055534362793,19.18055534362793,19.09722137451172,19.13888931274414,15.905224800109863,1368000
1997-05-30,19.13888931274414,19.416667938232422,18.958332061767578,19.30555534362793,16.04372215270996,1143000
1997-06-02,19.333332061767578,19.48611068725586,19.25,19.47222137451172,16.182239532470703,1587600
1997-06-03,19.416667938232422,19.93055534362793,19.38888931274414,19.63888931274414,16.320741653442383,1526400
1997-06-04,19.5,19.625,19.291667938232422,19.40277862548828,16.12452507019043,1290600
1997-06-05,19.40277862548828,19.48611068725586,19.30555534362793,19.38888931274414,16.11298179626465,1525500
1997-06-06,19.416667938232422,19.73611068725586,19.40277862548828,19.72222137451172,16.38998794555664,1693800
1997-06-09,19.72222137451172,19.93055534362793,19.68055534362793,19.833332061767578,16.482324600219727,1035900
1997-06-10,19.81944465637207,19.94444465637207,19.75,19.84722137451172,16.570932388305664,1194300
1997-06-11,19.875,19.916667938232422,19.73611068725586,19.86111068725586,16.58252716064453,1091700
1997-06-12,19.916667938232422,20.56944465637207,19.875,20.47222137451172,17.092756271362305,2217600
1997-06-13,20.47222137451172,20.52777862548828,20.375,20.52777862548828,17.13914680480957,1698300
1997-06-16,20.56944465637207,20.59722137451172,20.375,20.47222137451172,17.092756271362305,1089000
1997-06-17,20.51388931274414,20.63888931274414,20.208332061767578,20.583332061767578,17.18552589416504,1220400
1997-06-18,20.44444465637207,20.47222137451172,20.333332061767578,20.43055534362793,17.057964324951172,1711800
1997-06-19,20.47222137451172,20.55555534362793,20.333332061767578,20.55555534362793,17.16233253479004,1279800
1997-06-20,20.55555534362793,20.80555534362793,20.52777862548828,20.80555534362793,17.37106704711914,1806300
1997-06-23,20.77777862548828,20.77777862548828,20.01388931274414,20.01388931274414,16.7100772857666,1651500
1997-06-24,20.01388931274414,20.55555534362793,19.916667938232422,20.48611068725586,17.10434913635254,1880100
1997-06-25,20.416667938232422,20.48611068725586,19.93055534362793,20.02777862548828,16.72167205810547,1559700
1997-06-26,20.03472137451172,20.11111068725586,19.88888931274414,19.97222137451172,16.675296783447266,940500
1997-06-27,20.05555534362793,20.145832061767578,19.875,19.916667938232422,16.628908157348633,1672200
1997-06-30,20.05555534362793,20.05555534362793,19.625,19.72222137451172,16.466562271118164,1726200
1997-07-01,19.52777862548828,20.0,19.479167938232422,19.958332061767578,16.663698196411133,1116900
1997-07-02,19.958332061767578,20.49305534362793,19.833332061767578,20.4375,17.06376075744629,1129500
1997-07-03,20.61111068725586,20.86111068725586,20.61111068725586,20.75694465637207,17.330482482910156,581400
1997-07-07,20.833332061767578,21.13888931274414,20.833332061767578,20.895832061767578,17.44643783569336,1460700
1997-07-08,20.88888931274414,20.916667938232422,20.80555534362793,20.90277862548828,17.452241897583008,1712700
1997-07-09,20.97222137451172,21.02777862548828,20.38888931274414,20.43055534362793,17.057964324951172,1467900
1997-07-10,20.416667938232422,20.72222137451172,20.416667938232422,20.63888931274414,17.231916427612305,3201300
1997-07-11,20.61111068725586,20.6875,20.55555534362793,20.63194465637207,17.226118087768555,1640700
1997-07-14,20.666667938232422,20.729167938232422,20.49305534362793,20.61111068725586,17.20871353149414,789300
1997-07-15,20.72222137451172,20.72222137451172,20.45138931274414,20.583332061767578,17.18552589416504,3136500
1997-07-16,20.59722137451172,21.06944465637207,20.55555534362793,21.02777862548828,17.556608200073242,4023900
1997-07-17,21.020832061767578,21.22222137451172,20.86111068725586,21.11111068725586,17.626174926757812,1636200
1997-07-18,21.05555534362793,21.05555534362793,20.55555534362793,20.666667938232422,17.255104064941406,1963800
1997-07-21,20.48611068725586,20.5625,20.4375,20.44444465637207,17.06956672668457,780300
1997-07-22,20.52777862548828,20.57638931274414,20.36805534362793,20.54861068725586,17.156536102294922,1477800
1997-07-23,20.666667938232422,21.11111068725586,20.53472137451172,21.07638931274414,17.59718894958496,2292300
1997-07-24,21.04861068725586,21.083332061767578,20.75,21.0,17.533409118652344,1791900
1997-07-25,21.05555534362793,21.25,21.05555534362793,21.22222137451172,17.718950271606445,1810800
1997-07-28,21.38888931274414,22.02777862548828,21.38888931274414,21.88194465637207,18.26976203918457,1395000
1997-07-29,21.88194465637207,22.083332061767578,21.55555534362793,22.0,18.368343353271484,1480500
1997-07-30,22.0,22.18055534362793,21.75,21.75,18.15960121154785,1386900
1997-07-31,21.833332061767578,22.30555534362793,21.833332061767578,22.166667938232422,18.50748634338379,2160900
1997-08-01,22.166667938232422,22.1875,21.77777862548828,21.86111068725586,18.25237274169922,1683900
1997-08-04,21.833332061767578,22.05555534362793,21.77777862548828,21.86805534362793,18.258169174194336,1034100
1997-08-05,21.84027862548828,21.86805534362793,21.54861068725586,21.604167938232422,18.037845611572266,802800
1997-08-06,21.604167938232422,21.71527862548828,21.40277862548828,21.69444465637207,18.113222122192383,1228500
1997-08-07,21.75,22.05555534362793,21.3125,21.3125,17.794322967529297,1934100
1997-08-08,21.3125,21.38888931274414,20.88888931274414,21.19444465637207,17.69576072692871,2235600
1997-08-11,21.18055534362793,21.29861068725586,20.9375,21.17361068725586,17.678367614746094,1072800
1997-08-12,21.22222137451172,21.22222137451172,20.666667938232422,20.67361068725586,17.260902404785156,1336500
1997-08-13,20.88888931274414,20.88888931274414,20.22222137451172,20.27777862548828,16.930410385131836,2439000
1997-08-14,20.30555534362793,20.55555534362793,20.15972137451172,20.38194465637207,17.017383575439453,2181600
1997-08-15,20.22222137451172,20.229167938232422,19.88888931274414,19.88888931274414,16.6057186126709,1853100
1997-08-18,19.86111068725586,20.21527862548828,19.84722137451172,20.21527862548828,16.878225326538086,1836000
1997-08-19,20.34027862548828,20.38888931274414,20.27777862548828,20.38888931274414,17.02318000793457,2488500
1997-08-20,20.38888931274414,20.708332061767578,20.333332061767578,20.59722137451172,17.19712257385254,1071000
1997-08-21,20.55555534362793,20.708332061767578,20.47222137451172,20.49305534362793,17.110153198242188,1248300
1997-08-22,20.44444465637207,20.56944465637207,20.11111068725586,20.32638931274414,16.970989227294922,1335600
1997-08-25,20.32638931274414,20.38194465637207,20.18055534362793,20.291667938232422,16.942001342773438,2083500
1997-08-26,20.38888931274414,20.43055534362793,20.22222137451172,20.30555534362793,16.953601837158203,2520000
1997-08-27,20.3125,20.40277862548828,20.18055534362793,20.291667938232422,16.942001342773438,2023200
1997-08-28,20.26388931274414,20.53472137451172,20.13888931274414,20.31944465637207,16.96520233154297,1966500
1997-08-29,20.31944465637207,20.51388931274414,20.22222137451172,20.375,17.0115909576416,969300
1997-09-02,20.44444465637207,20.88888931274414,20.44444465637207,20.68055534362793,17.266698837280273,1318500
1997-09-03,20.75,21.36111068725586,20.729167938232422,21.25694465637207,17.747943878173828,1393200
1997-09-04,21.333332061767578,21.52777862548828,21.25694465637207,21.40277862548828,17.869705200195312,1512900
1997-09-05,21.44444465637207,21.791667938232422,21.31944465637207,21.59722137451172,18.032045364379883,1210500
1997-09-08,21.77777862548828,22.083332061767578,21.77777862548828,21.84027862548828,18.23497772216797,963900
1997-09-09,21.75,21.77777862548828,21.479167938232422,21.48611068725586,17.939273834228516,1195200
1997-09-10,21.22222137451172,21.40277862548828,21.083332061767578,21.25,17.81861686706543,1348200
1997-09-11,21.18055534362793,21.18055534362793,20.80555534362793,20.895832061767578,17.52164649963379,1607400
1997-09-12,20.833332061767578,21.09722137451172,20.55555534362793,21.09722137451172,17.690521240234375,1180800
1997-09-15,21.0,21.22222137451172,20.97222137451172,21.125,17.713802337646484,651600
1997-09-16,21.27777862548828,21.916667938232422,21.23611068725586,21.75694465637207,18.243709564208984,1568700
1997-09-17,21.80555534362793,21.8125,21.32638931274414,21.42361068725586,17.964202880859375,1917000
1997-09-18,21.43055534362793,21.520832061767578,21.32638931274414,21.479167938232422,18.010786056518555,2322900
1997-09-19,21.22222137451172,21.31944465637207,20.895832061767578,21.11111068725586,17.7021541595459,3151800
1997-09-22,21.166667938232422,21.354167938232422,21.00694465637207,21.333332061767578,17.888505935668945,2536200
1997-09-23,21.333332061767578,21.333332061767578,21.06944465637207,21.17361068725586,17.754573822021484,1435500
1997-09-24,21.19444465637207,21.23611068725586,20.72222137451172,20.73611068725586,17.38771629333496,1083600
1997-09-25,20.74305534362793,20.96527862548828,20.74305534362793,20.833332061767578,17.469236373901367,2179800
1997-09-26,20.833332061767578,20.94444465637207,20.69444465637207,20.80555534362793,17.445945739746094,1566000
1997-09-29,20.80555534362793,20.88888931274414,20.69444465637207,20.708332061767578,17.364418029785156,1812600
1997-09-30,20.666667938232422,20.88888931274414,20.52777862548828,20.69444465637207,17.3527774810791,1629000
1997-10-01,20.69444465637207,20.69444465637207,19.27777862548828,20.02777862548828,16.79375648498535,9678600
1997-10-02,18.44444465637207,19.11805534362793,17.77777862548828,19.11111068725586,16.025117874145508,35008200
1997-10-03,19.416667938232422,19.52777862548828,19.28472137451172,19.36111068725586,16.23474884033203,7736400
1997-10-06,19.38888931274414,19.72222137451172,19.38888931274414,19.55555534362793,16.397798538208008,2845800
1997-10-07,19.56944465637207,19.98611068725586,19.56944465637207,19.90972137451172,16.694774627685547,4884300
1997-10-08,20.0,20.0,19.61111068725586,19.625,16.456016540527344,3977100
1997-10-09,19.59722137451172,20.0,19.56944465637207,19.75,16.560836791992188,5211000
1997-10-10,19.77777862548828,19.77777862548828,19.44444465637207,19.44444465637207,16.304616928100586,3050100
1997-10-13,19.44444465637207,19.47222137451172,19.19444465637207,19.208332061767578,16.106630325317383,2380500
1997-10-14,19.22222137451172,19.3125,19.0,19.0,15.931946754455566,4991400
1997-10-15,18.86111068725586,18.9375,18.833332061767578,18.88888931274414,15.838777542114258,6460200
1997-10-16,18.916667938232422,19.0,18.666667938232422,18.77777862548828,15.745611190795898,3430800
1997-10-17,18.78472137451172,18.88194465637207,18.645832061767578,18.68055534362793,15.664084434509277,3324600
1997-10-20,18.708332061767578,18.708332061767578,18.416667938232422,18.49305534362793,15.506856918334961,5255100
1997-10-21,18.583332061767578,18.88888931274414,18.52777862548828,18.80555534362793,15.768898963928223,3147300
1997-10-22,18.833332061767578,18.833332061767578,18.55555534362793,18.71527862548828,15.693197250366211,2530800
1997-10-23,18.88888931274414,19.041667938232422,18.73611068725586,18.77777862548828,15.745611190795898,2059200
1997-10-24,18.93055534362793,18.97222137451172,18.63888931274414,18.81944465637207,15.780546188354492,2076300
1997-10-27,18.44444465637207,18.61111068725586,18.11805534362793,18.11805534362793,15.19240951538086,2393100
1997-10-28,17.88888931274414,17.90277862548828,16.833332061767578,17.76388931274414,14.895429611206055,7496100
1997-10-29,17.94444465637207,17.99305534362793,17.63888931274414,17.63888931274414,14.790617942810059,3126600
1997-10-30,17.63888931274414,17.63888931274414,17.27777862548828,17.48611068725586,14.662517547607422,3586500
1997-10-31,17.55555534362793,17.72222137451172,17.0,17.25,14.464531898498535,4468500
1997-11-03,17.55555534362793,17.59027862548828,17.36111068725586,17.38888931274414,14.580995559692383,3302100
1997-11-04,17.395832061767578,17.86111068725586,17.22222137451172,17.833332061767578,14.953665733337402,3593700
1997-11-05,17.97222137451172,18.11111068725586,17.92361068725586,17.98611068725586,15.081774711608887,3286800
1997-11-06,18.0,18.02777862548828,17.77777862548828,17.77777862548828,14.907087326049805,3726000
1997-11-07,17.666667938232422,17.708332061767578,17.333332061767578,17.395832061767578,14.586812973022461,1899000
1997-11-10,17.44444465637207,17.5,17.27777862548828,17.354167938232422,14.551871299743652,1692900
1997-11-11,17.38888931274414,17.69444465637207,17.34722137451172,17.45138931274414,14.633401870727539,2584800
1997-11-12,17.333332061767578,17.47222137451172,17.125,17.21527862548828,14.435416221618652,1700100
1997-11-13,17.38888931274414,17.38888931274414,17.0,17.06944465637207,14.313121795654297,1885500
1997-11-14,17.27777862548828,17.88194465637207,17.23611068725586,17.833332061767578,14.953665733337402,1332900
1997-11-17,18.04861068725586,18.31944465637207,18.0,18.31944465637207,15.361285209655762,1530900
1997-11-18,18.36111068725586,18.4375,18.23611068725586,18.28472137451172,15.332171440124512,1805400
1997-11-19,18.27777862548828,18.72222137451172,18.27777862548828,18.333332061767578,15.372929573059082,1519200
1997-11-20,18.44444465637207,18.84722137451172,18.44444465637207,18.8125,15.774726867675781,1249200
1997-11-21,18.84722137451172,18.94444465637207,18.38888931274414,18.72222137451172,15.699016571044922,1110600
1997-11-24,18.69444465637207,18.77777862548828,18.25,18.30555534362793,15.349639892578125,1190700
1997-11-25,18.30555534362793,18.30555534362793,17.77777862548828,18.270832061767578,15.32051944732666,4263300
1997-11-26,18.31944465637207,18.54861068725586,18.31944465637207,18.50694465637207,15.518508911132812,944100
1997-11-28,18.72222137451172,18.72222137451172,18.583332061767578,18.583332061767578,15.582558631896973,475200
1997-12-01,18.61111068725586,19.166667938232422,18.61111068725586,19.11805534362793,16.030933380126953,1323000
1997-12-02,19.13888931274414,19.520832061767578,19.083332061767578,19.083332061767578,16.001821517944336,1737000
1997-12-03,19.11111068725586,19.51388931274414,19.09722137451172,19.375,16.246397018432617,1242900
1997-12-04,19.44444465637207,19.75,19.395832061767578,19.63888931274414,16.467668533325195,1623600
1997-12-05,19.61111068725586,19.76388931274414,19.51388931274414,19.666667938232422,16.4909610748291,1322100
1997-12-08,19.63888931274414,19.69444465637207,19.59722137451172,19.666667938232422,16.4909610748291,1567800
1997-12-09,19.69444465637207,19.73611068725586,19.46527862548828,19.583332061767578,16.421083450317383,22491900
1997-12-10,19.22222137451172,19.229167938232422,18.68055534362793,18.80555534362793,15.843513488769531,2776500
1997-12-11,18.48611068725586,18.49305534362793,18.01388931274414,18.01388931274414,15.176538467407227,2552400
1997-12-12,17.98611068725586,17.98611068725586,17.625,17.77777862548828,14.977618217468262,3390300
1997-12-15,17.833332061767578,18.0625,17.833332061767578,17.958332061767578,15.129731178283691,2214900
1997-12-16,18.05555534362793,18.38194465637207,18.05555534362793,18.31944465637207,15.433965682983398,1870200
1997-12-17,18.34722137451172,18.43055534362793,18.09027862548828,18.11805534362793,15.264297485351562,2018700
1997-12-18,18.11111068725586,18.11805534362793,17.75,17.75,14.954215049743652,2808000
1997-12-19,17.61111068725586,17.666667938232422,17.32638931274414,17.604167938232422,14.83134651184082,4371300
1997-12-22,18.72222137451172,18.72222137451172,18.0,18.30555534362793,15.42226505279541,3456000
1997-12-23,18.27777862548828,18.65277862548828,18.27777862548828,18.42361068725586,15.521719932556152,2403000
1997-12-24,18.5,18.55555534362793,18.38888931274414,18.48611068725586,15.574380874633789,1373400
1997-12-26,18.48611068725586,18.51388931274414,18.416667938232422,18.48611068725586,15.574380874633789,351000
1997-12-29,18.44444465637207,18.97222137451172,18.42361068725586,18.88888931274414,15.913717269897461,2167200
1997-12-30,18.916667938232422,19.26388931274414,18.854167938232422,19.17361068725586,16.15359115600586,1937700
1997-12-31,19.15972137451172,19.38888931274414,19.13194465637207,19.15277862548828,16.13603973388672,1761300
1998-01-02,19.22222137451172,19.24305534362793,19.11805534362793,19.145832061767578,16.130191802978516,853200
1998-01-05,19.19444465637207,19.395832061767578,19.0,19.13194465637207,16.118486404418945,1744200
1998-01-06,19.13194465637207,19.19444465637207,18.98611068725586,19.11805534362793,16.106779098510742,1328400
1998-01-07,19.05555534362793,19.09722137451172,18.86111068725586,18.86111068725586,15.890313148498535,1728900
1998-01-08,18.80555534362793,19.02777862548828,18.77777862548828,18.94444465637207,15.960515975952148,1845000
1998-01-09,18.97222137451172,19.5625,18.88888931274414,18.895832061767578,15.919565200805664,3448800
1998-01-12,18.84722137451172,19.11805534362793,18.833332061767578,19.0625,16.059980392456055,2175300
1998-01-13,19.0625,19.27777862548828,19.0625,19.125,16.112640380859375,1489500
1998-01-14,19.22222137451172,19.22222137451172,18.97222137451172,19.17361068725586,16.15359115600586,1300500
1998-01-15,19.166667938232422,19.166667938232422,18.916667938232422,18.95138931274414,15.966374397277832,1111500
1998-01-16,19.27777862548828,19.28472137451172,18.94444465637207,18.958332061767578,15.972232818603516,2102400
1998-01-20,19.22222137451172,19.55555534362793,19.11111068725586,19.54861068725586,16.469524383544922,1679400
1998-01-21,19.52777862548828,19.61111068725586,19.36805534362793,19.46527862548828,16.39931297302246,815400
1998-01-22,19.4375,19.666667938232422,19.38194465637207,19.625,16.533878326416016,1218600
1998-01-23,19.55555534362793,19.55555534362793,19.34722137451172,19.38888931274414,16.334959030151367,1094400
1998-01-26,19.36111068725586,19.59722137451172,19.36111068725586,19.47222137451172,16.405166625976562,1076400
1998-01-27,19.46527862548828,19.6875,19.38888931274414,19.40277862548828,16.346664428710938,1801800
1998-01-28,19.416667938232422,19.5,19.36111068725586,19.44444465637207,16.381763458251953,2860200
1998-01-29,19.44444465637207,19.56944465637207,19.25,19.25,16.217958450317383,2285100
1998-01-30,19.26388931274414,19.26388931274414,18.68055534362793,18.84027862548828,15.872763633728027,2430900
1998-02-02,18.94444465637207,19.0,18.666667938232422,18.88888931274414,15.913717269897461,4855500
1998-02-03,18.916667938232422,19.3125,18.81944465637207,19.26388931274414,16.229652404785156,2469600
1998-02-04,19.27777862548828,19.44444465637207,19.15277862548828,19.395832061767578,16.340808868408203,2485800
1998-02-05,19.583332061767578,19.80555534362793,19.55555534362793,19.75,16.639196395874023,1898100
1998-02-06,19.80555534362793,19.97222137451172,19.78472137451172,19.94444465637207,16.80301284790039,1113300
1998-02-09,19.97222137451172,20.11111068725586,19.84722137451172,20.01388931274414,16.861515045166016,1836900
1998-02-10,20.27777862548828,20.27777862548828,19.88888931274414,20.01388931274414,16.861515045166016,1215900
1998-02-11,20.041667938232422,20.22222137451172,19.86111068725586,19.94444465637207,16.80301284790039,2736000
1998-02-12,19.916667938232422,19.979167938232422,19.80555534362793,19.916667938232422,16.779617309570312,1800000
1998-02-13,19.916667938232422,20.02777862548828,19.875,19.916667938232422,16.779617309570312,1056600
1998-02-17,20.01388931274414,20.01388931274414,19.729167938232422,19.8125,16.69184684753418,1924200
1998-02-18,19.80555534362793,19.82638931274414,19.69444465637207,19.770832061767578,16.656749725341797,1493100
1998-02-19,19.770832061767578,19.770832061767578,19.63888931274414,19.72222137451172,16.615787506103516,1394100
1998-02-20,19.72222137451172,19.74305534362793,19.583332061767578,19.6875,16.58653450012207,1834200
1998-02-23,19.666667938232422,19.708332061767578,19.5,19.625,16.533878326416016,2702700
1998-02-24,19.625,19.84027862548828,19.56944465637207,19.729167938232422,16.621644973754883,2847600
1998-02-25,19.791667938232422,20.833332061767578,19.791667938232422,20.72222137451172,17.45827865600586,3354300
1998-02-26,20.71527862548828,20.97222137451172,20.63888931274414,20.88194465637207,17.592845916748047,2840400
1998-02-27,21.11111068725586,21.31944465637207,20.97222137451172,21.22222137451172,17.879535675048828,2082600
1998-03-02,21.52777862548828,21.69444465637207,21.34722137451172,21.354167938232422,17.990690231323242,2488500
1998-03-03,21.30555534362793,21.38194465637207,21.30555534362793,21.333332061767578,17.97313690185547,2820600
1998-03-04,21.333332061767578,21.333332061767578,21.05555534362793,21.13888931274414,17.8093204498291,2832300
1998-03-05,21.166667938232422,21.18055534362793,20.97222137451172,21.01388931274414,17.704015731811523,1916100
1998-03-06,21.01388931274414,21.30555534362793,21.01388931274414,21.208332061767578,17.867820739746094,2382300
1998-03-09,21.208332061767578,21.43055534362793,21.20138931274414,21.25,17.902935028076172,2216700
1998-03-10,21.416667938232422,21.63888931274414,21.3125,21.61111068725586,18.207164764404297,4086000
1998-03-11,21.55555534362793,21.666667938232422,21.375,21.375,18.088218688964844,1732500
1998-03-12,21.375,21.65972137451172,21.30555534362793,21.63194465637207,18.30565643310547,2972700
1998-03-13,21.63194465637207,21.791667938232422,21.458332061767578,21.78472137451172,18.4349365234375,1502100
1998-03-16,22.11111068725586,22.458332061767578,22.11111068725586,22.4375,18.987340927124023,3786300
1998-03-17,22.4375,22.4375,22.3125,22.40277862548828,18.95795440673828,1616400
1998-03-18,22.5,22.71527862548828,22.458332061767578,22.63888931274414,19.157766342163086,1711800
1998-03-19,22.625,22.625,22.375,22.4375,18.987340927124023,1465200
1998-03-20,22.54861068725586,23.0,22.34722137451172,23.0,19.463340759277344,2136600
1998-03-23,23.0,23.0,22.57638931274414,22.59722137451172,19.12250328063965,1323900
1998-03-24,22.88888931274414,22.88888931274414,22.56944465637207,22.625,19.146011352539062,2222100
1998-03-25,22.666667938232422,23.0,22.666667938232422,22.79861068725586,19.29292869567871,1838700
1998-03-26,22.79861068725586,23.05555534362793,22.79861068725586,23.02777862548828,19.486852645874023,1889100
1998-03-27,23.06944465637207,23.11111068725586,22.69444465637207,22.69444465637207,19.20477867126465,1753200
1998-03-30,22.80555534362793,22.84722137451172,22.708332061767578,22.78472137451172,19.281179428100586,1608300
1998-03-31,22.88888931274414,22.92361068725586,22.77777862548828,22.77777862548828,19.275293350219727,1951200
1998-04-01,22.77777862548828,22.854167938232422,22.69444465637207,22.80555534362793,19.29880142211914,1373400
1998-04-02,22.80555534362793,23.19444465637207,22.77777862548828,23.15277862548828,19.592639923095703,1159200
1998-04-03,23.145832061767578,23.145832061767578,22.75,22.770832061767578,19.269424438476562,2484000
1998-04-06,23.05555534362793,23.44444465637207,23.05555534362793,23.3125,19.727792739868164,2197800
1998-04-07,23.42361068725586,23.42361068725586,23.09722137451172,23.13888931274414,19.58088493347168,1607400
1998-04-08,23.11111068725586,23.125,22.708332061767578,22.76388931274414,19.263545989990234,997200
1998-04-09,22.73611068725586,22.97222137451172,22.625,22.86111068725586,19.345815658569336,1988100
1998-04-13,22.86111068725586,22.94444465637207,22.708332061767578,22.90277862548828,19.381072998046875,1287000
1998-04-14,22.90277862548828,23.06944465637207,22.833332061767578,23.0,19.463340759277344,1764900
1998-04-15,23.00694465637207,23.63888931274414,23.00694465637207,23.63888931274414,20.004005432128906,1865700
1998-04-16,23.55555534362793,23.5625,23.31944465637207,23.416667938232422,19.815963745117188,1385100
1998-04-17,23.416667938232422,23.8125,23.333332061767578,23.8125,20.150907516479492,1369800
1998-04-20,23.78472137451172,23.78472137451172,23.375,23.38194465637207,19.78656578063965,815400
1998-04-21,23.22222137451172,23.458332061767578,23.125,23.30555534362793,19.721921920776367,976500
1998-04-22,23.27777862548828,23.875,23.166667938232422,23.61805534362793,19.986360549926758,1876500
1998-04-23,23.59027862548828,23.61111068725586,22.916667938232422,23.104167938232422,19.551494598388672,890100
1998-04-24,23.11111068725586,23.20138931274414,22.71527862548828,22.88194465637207,19.36344337463379,1387800
1998-04-27,22.90277862548828,23.15277862548828,22.458332061767578,22.77777862548828,19.275293350219727,2983500
1998-04-28,22.97222137451172,22.97222137451172,22.458332061767578,22.833332061767578,19.322303771972656,2272500
1998-04-29,22.80555534362793,22.80555534362793,22.416667938232422,22.520832061767578,19.057863235473633,861300
1998-04-30,22.666667938232422,23.13194465637207,22.666667938232422,22.99305534362793,19.457475662231445,2118600
1998-05-01,23.166667938232422,23.55555534362793,23.166667938232422,23.55555534362793,19.93348503112793,1479600
1998-05-04,23.333332061767578,23.55555534362793,23.229167938232422,23.23611068725586,19.663156509399414,1002600
1998-05-05,23.24305534362793,23.395832061767578,23.229167938232422,23.34027862548828,19.75130271911621,1478700
1998-05-06,23.333332061767578,23.375,23.23611068725586,23.291667938232422,19.710168838500977,1635300
1998-05-07,23.26388931274414,23.50694465637207,23.21527862548828,23.28472137451172,19.704286575317383,1301400
1998-05-08,23.375,23.666667938232422,23.375,23.541667938232422,19.921728134155273,2818800
1998-05-11,23.541667938232422,23.81944465637207,23.48611068725586,23.48611068725586,19.874713897705078,1493100
1998-05-12,23.458332061767578,23.52777862548828,23.291667938232422,23.49305534362793,19.880592346191406,1066500
1998-05-13,23.43055534362793,23.72222137451172,23.43055534362793,23.708332061767578,20.06276512145996,1316700
1998-05-14,23.71527862548828,23.791667938232422,23.63888931274414,23.666667938232422,20.027507781982422,1314000
1998-05-15,23.63888931274414,23.76388931274414,23.55555534362793,23.63888931274414,20.004005432128906,2115900
1998-05-18,23.833332061767578,23.916667938232422,23.1875,23.354167938232422,19.763051986694336,852600
1998-05-19,23.583332061767578,23.583332061767578,23.166667938232422,23.4375,19.83357810974121,1031400
1998-05-20,23.458332061767578,23.5625,23.25,23.479167938232422,19.86882972717285,802200
1998-05-21,23.479167938232422,23.583332061767578,23.333332061767578,23.354167938232422,19.763051986694336,1189500
1998-05-22,23.25,23.395832061767578,23.125,23.333332061767578,19.74542236328125,1032300
1998-05-26,23.333332061767578,23.645832061767578,23.041667938232422,23.041667938232422,19.498607635498047,778200
1998-05-27,23.0625,23.104167938232422,22.5625,22.75,19.251798629760742,1842300
1998-05-28,22.875,23.078125,22.75,22.875,19.357563018798828,1506300
1998-05-29,22.958332061767578,23.166667938232422,22.833332061767578,22.833332061767578,19.322303771972656,1363800
1998-06-01,22.75,23.0,22.75,22.8125,19.30467987060547,1261500
1998-06-02,22.958332061767578,23.083332061767578,22.958332061767578,22.979167938232422,19.445716857910156,1845000
1998-06-03,22.958332061767578,22.958332061767578,22.708332061767578,22.770832061767578,19.269424438476562,1304100
1998-06-04,22.666667938232422,22.666667938232422,22.458332061767578,22.645832061767578,19.16364097595215,1030200
1998-06-05,22.645832061767578,23.208332061767578,22.5625,23.166667938232422,19.604398727416992,1282200
1998-06-08,23.5,23.6875,23.354167938232422,23.354167938232422,19.763051986694336,1261500
1998-06-09,23.354167938232422,23.75,23.354167938232422,23.5625,19.939359664916992,1173000
1998-06-10,23.416667938232422,23.833332061767578,23.395832061767578,23.520832061767578,19.985519409179688,1407000
1998-06-11,23.458332061767578,23.458332061767578,23.125,23.166667938232422,19.684595108032227,828900
1998-06-12,23.125,23.291667938232422,22.979167938232422,23.041667938232422,19.578380584716797,1149300
1998-06-15,22.958332061767578,23.229167938232422,22.5,22.5,19.118120193481445,1608300
1998-06-16,22.541667938232422,22.666667938232422,22.270832061767578,22.625,19.224332809448242,2626200
1998-06-17,22.75,23.375,22.708332061767578,23.25,19.75539779663086,960300
1998-06-18,23.166667938232422,23.25,22.9375,22.9375,19.4898681640625,777600
1998-06-19,22.666667938232422,23.083332061767578,22.666667938232422,22.958332061767578,19.507564544677734,2601300
1998-06-22,23.041667938232422,23.541667938232422,23.041667938232422,23.0625,19.596080780029297,1458000
1998-06-23,23.25,23.416667938232422,23.166667938232422,23.25,19.75539779663086,1123500
1998-06-24,23.125,23.416667938232422,23.125,23.291667938232422,19.79079818725586,1373400
1998-06-25,23.375,23.645832061767578,23.166667938232422,23.166667938232422,19.684595108032227,1249500
1998-06-26,23.166667938232422,23.541667938232422,23.166667938232422,23.375,19.861608505249023,1061400
1998-06-29,23.416667938232422,23.854167938232422,23.416667938232422,23.729167938232422,20.162540435791016,831000
1998-06-30,23.6875,23.833332061767578,23.0,23.0,19.54296875,1908300
1998-07-01,23.25,23.666667938232422,23.25,23.416667938232422,19.89700698852539,1577700
1998-07-02,23.5,23.833332061767578,23.416667938232422,23.6875,20.127138137817383,1347900
1998-07-06,23.708332061767578,24.520832061767578,23.708332061767578,24.375,20.7113037109375,1375200
1998-07-07,24.375,24.541667938232422,24.083332061767578,24.125,20.498882293701172,1144200
1998-07-08,24.208332061767578,24.5,24.166667938232422,24.375,20.7113037109375,992700
1998-07-09,24.333332061767578,24.375,24.104167938232422,24.104167938232422,20.481178283691406,893700
1998-07-10,24.041667938232422,24.416667938232422,23.875,24.3125,20.65818977355957,801900
1998-07-13,24.229167938232422,24.333332061767578,24.0,24.020832061767578,20.410367965698242,651300
1998-07-14,24.020832061767578,24.833332061767578,24.020832061767578,24.75,21.029943466186523,1296600
1998-07-15,24.666667938232422,24.666667938232422,23.979167938232422,24.0,20.392658233642578,1178700
1998-07-16,24.083332061767578,24.166667938232422,23.8125,24.125,20.498882293701172,1325700
1998-07-17,24.083332061767578,24.166667938232422,24.0,24.083332061767578,20.46347999572754,777600
1998-07-20,24.0,24.0625,23.75,23.854167938232422,20.268753051757812,322500
1998-07-21,23.9375,24.0,23.666667938232422,23.8125,20.233354568481445,1014000
1998-07-22,23.895832061767578,24.25,23.895832061767578,24.041667938232422,20.428077697753906,1020300
1998-07-23,23.958332061767578,24.041667938232422,23.041667938232422,23.270832061767578,19.77309799194336,1050300
1998-07-24,23.208332061767578,23.208332061767578,22.729167938232422,22.833332061767578,19.40135955810547,959400
1998-07-27,22.708332061767578,23.3125,22.708332061767578,23.104167938232422,19.631486892700195,900300
1998-07-28,23.020832061767578,23.020832061767578,21.770832061767578,21.770832061767578,18.498552322387695,3463800
1998-07-29,22.083332061767578,22.583332061767578,22.041667938232422,22.083332061767578,18.764083862304688,1639800
1998-07-30,22.0,22.083332061767578,21.208332061767578,21.583332061767578,18.3392333984375,3003000
1998-07-31,22.416667938232422,22.8125,21.875,22.020832061767578,18.710975646972656,2772600
1998-08-03,22.083332061767578,22.395832061767578,22.083332061767578,22.291667938232422,18.94110870361328,1371300
1998-08-04,22.333332061767578,22.625,22.166667938232422,22.208332061767578,18.87030029296875,4912500
1998-08-05,22.166667938232422,22.541667938232422,21.9375,22.333332061767578,18.97650146484375,2394300
1998-08-06,22.25,22.291667938232422,21.416667938232422,21.854167938232422,18.569364547729492,2929500
1998-08-07,21.666667938232422,21.729167938232422,21.416667938232422,21.458332061767578,18.23302459716797,1722900
1998-08-10,21.5,21.666667938232422,21.333332061767578,21.645832061767578,18.39234161376953,1510800
1998-08-11,21.5,21.541667938232422,21.291667938232422,21.291667938232422,18.09140968322754,1422600
1998-08-12,21.3125,21.708332061767578,21.3125,21.541667938232422,18.303831100463867,2307000
1998-08-13,21.458332061767578,21.625,21.291667938232422,21.333332061767578,18.126819610595703,1639500
1998-08-14,21.0,21.041667938232422,20.479167938232422,20.666667938232422,17.560354232788086,1591800
1998-08-17,20.75,21.3125,20.666667938232422,21.3125,18.10910987854004,1047000
1998-08-18,21.229167938232422,21.895832061767578,21.145832061767578,21.333332061767578,18.126819610595703,1608900
1998-08-19,21.458332061767578,22.166667938232422,21.458332061767578,21.9375,18.640167236328125,1208400
1998-08-20,21.979167938232422,22.625,21.979167938232422,22.270832061767578,18.92340087890625,1722600
1998-08-21,21.9375,22.208332061767578,21.354167938232422,22.104167938232422,18.781789779663086,1591800
1998-08-24,22.125,22.416667938232422,22.0625,22.25,18.90570068359375,1018200
1998-08-25,22.5,22.645832061767578,22.25,22.25,18.90570068359375,2291700
1998-08-26,22.208332061767578,22.5,22.0,22.125,18.799488067626953,1353900
1998-08-27,22.125,22.125,21.1875,21.458332061767578,18.23302459716797,1807500
1998-08-28,21.4375,21.708332061767578,20.75,20.791667938232422,17.666561126708984,1772400
1998-08-31,20.875,21.0,19.375,19.395832061767578,16.480533599853516,2561100
1998-09-01,19.4375,20.520832061767578,19.0625,20.208332061767578,17.17090606689453,1810500
1998-09-02,20.125,20.833332061767578,20.0,20.625,17.524946212768555,2699700
1998-09-03,20.166667938232422,20.708332061767578,20.083332061767578,20.479167938232422,17.40104103088379,3317100
1998-09-04,20.75,20.75,20.020832061767578,20.520832061767578,17.436437606811523,2420700
1998-09-08,20.520832061767578,20.645832061767578,20.458332061767578,20.645832061767578,17.542646408081055,1608900
1998-09-09,20.583332061767578,20.791667938232422,20.291667938232422,20.666667938232422,17.642393112182617,1412100
1998-09-10,20.583332061767578,20.604167938232422,19.583332061767578,19.833332061767578,16.93099594116211,2700300
1998-09-11,19.666667938232422,20.208332061767578,19.5,20.145832061767578,17.197763442993164,1483800
1998-09-14,20.75,20.875,20.520832061767578,20.5625,17.553457260131836,2599800
1998-09-15,20.583332061767578,21.104167938232422,20.5,20.9375,17.87358856201172,2423400
1998-09-16,20.916667938232422,21.5,20.916667938232422,21.375,18.2470703125,1501200
1998-09-17,21.166667938232422,21.666667938232422,21.0,21.625,18.460474014282227,2049000
1998-09-18,21.583332061767578,22.0,21.520832061767578,21.833332061767578,18.638322830200195,2158200
1998-09-21,21.583332061767578,22.083332061767578,21.4375,21.979167938232422,18.762815475463867,1610100
1998-09-22,22.333332061767578,22.479167938232422,22.270832061767578,22.4375,19.154085159301758,1114800
1998-09-23,22.479167938232422,22.833332061767578,22.25,22.833332061767578,19.491994857788086,1706700
1998-09-24,22.791667938232422,23.125,22.4375,22.5625,19.26079750061035,1570800
1998-09-25,22.479167938232422,23.125,22.375,22.6875,19.36749267578125,1063500
1998-09-28,22.708332061767578,23.104167938232422,22.520832061767578,22.958332061767578,19.598697662353516,985500
1998-09-29,22.979167938232422,23.375,22.916667938232422,23.104167938232422,19.723194122314453,1275300
1998-09-30,22.958332061767578,22.958332061767578,22.041667938232422,22.041667938232422,18.816179275512695,1250700
1998-10-01,21.833332061767578,22.125,21.5,21.520832061767578,18.371559143066406,2264700
1998-10-02,21.5625,22.125,21.541667938232422,21.583332061767578,18.424909591674805,2303700
1998-10-05,21.666667938232422,21.6875,21.229167938232422,21.666667938232422,18.496049880981445,1488900
1998-10-06,22.0,22.5,22.0,22.041667938232422,18.816179275512695,1179900
1998-10-07,22.145832061767578,22.3125,21.958332061767578,22.125,18.887311935424805,2034000
1998-10-08,21.5,21.833332061767578,21.25,21.666667938232422,18.496049880981445,2302800
1998-10-09,21.645832061767578,21.75,21.333332061767578,21.333332061767578,18.211496353149414,2882700
1998-10-12,21.458332061767578,21.625,20.666667938232422,20.666667938232422,17.642393112182617,1448700
1998-10-13,20.875,21.041667938232422,20.6875,21.041667938232422,17.96251106262207,1462800
1998-10-14,21.0,21.541667938232422,20.958332061767578,21.125,18.033647537231445,2089800
1998-10-15,20.833332061767578,22.541667938232422,20.833332061767578,22.416667938232422,19.13630485534668,3579600
1998-10-16,22.916667938232422,22.958332061767578,22.375,22.4375,19.154085159301758,1775700
1998-10-19,22.25,22.916667938232422,22.25,22.8125,19.474210739135742,1263300
1998-10-20,22.8125,23.416667938232422,22.75,23.25,19.847679138183594,1245300
1998-10-21,23.208332061767578,23.541667938232422,22.583332061767578,23.395832061767578,19.972171783447266,2444100
1998-10-22,23.3125,23.75,22.729167938232422,23.75,20.274520874023438,1766400
1998-10-23,23.75,24.0,23.125,23.770832061767578,20.29229736328125,1386300
1998-10-26,23.854167938232422,23.854167938232422,22.833332061767578,22.958332061767578,19.598697662353516,2111400
1998-10-27,23.041667938232422,23.333332061767578,23.020832061767578,23.208332061767578,19.812110900878906,1706400
1998-10-28,23.166667938232422,23.229167938232422,22.666667938232422,22.958332061767578,19.598697662353516,1361400
1998-10-29,22.958332061767578,23.125,22.416667938232422,23.0625,19.687618255615234,1797300
1998-10-30,23.333332061767578,24.416667938232422,23.229167938232422,24.3125,20.75469398498535,2299800
1998-11-02,24.25,24.875,24.166667938232422,24.875,21.23488998413086,1603800
1998-11-03,24.875,25.833332061767578,24.791667938232422,25.75,21.98184585571289,2931600
1998-11-04,26.083332061767578,26.854167938232422,26.083332061767578,26.270832061767578,22.426454544067383,4365300
1998-11-05,26.083332061767578,26.083332061767578,25.395832061767578,25.729167938232422,21.96406364440918,1873200
1998-11-06,25.666667938232422,25.708332061767578,24.9375,25.020832061767578,21.35938262939453,1711500
1998-11-09,24.416667938232422,25.229167938232422,24.416667938232422,25.125,21.44830894470215,1488900
1998-11-10,25.104167938232422,25.104167938232422,24.333332061767578,24.395832061767578,20.82583999633789,1888200
1998-11-11,24.75,25.083332061767578,24.583332061767578,24.604167938232422,21.003694534301758,783900
1998-11-12,24.5625,24.9375,24.5,24.833332061767578,21.19931983947754,1122600
1998-11-13,24.854167938232422,25.208332061767578,24.5,24.770832061767578,21.145967483520508,736500
1998-11-16,24.708332061767578,25.229167938232422,24.708332061767578,25.166667938232422,21.483875274658203,1023600
1998-11-17,25.25,25.625,25.166667938232422,25.4375,21.715076446533203,1213200
1998-11-18,25.395832061767578,25.75,25.270832061767578,25.6875,21.928499221801758,894000
1998-11-19,25.708332061767578,25.791667938232422,25.5625,25.75,21.98184585571289,942900
1998-11-20,26.125,26.479167938232422,26.0625,26.333332061767578,22.479812622070312,1318800
1998-11-23,26.666667938232422,27.395832061767578,26.604167938232422,27.395832061767578,23.386831283569336,1889700
1998-11-24,27.458332061767578,27.458332061767578,26.916667938232422,27.041667938232422,23.08449363708496,2189400
1998-11-25,27.041667938232422,27.125,26.625,26.8125,22.888858795166016,2276100
1998-11-27,26.416667938232422,26.583332061767578,26.333332061767578,26.333332061767578,22.479812622070312,688800
1998-11-30,26.1875,26.645832061767578,25.9375,25.9375,22.141910552978516,1320900
1998-12-01,25.875,25.875,25.5,25.770832061767578,21.999629974365234,1272300
1998-12-02,25.6875,26.125,25.625,26.041667938232422,22.2308292388916,846900
1998-12-03,25.854167938232422,25.875,25.354167938232422,25.541667938232422,21.803997039794922,1224900
1998-12-04,25.666667938232422,26.5,25.666667938232422,26.4375,22.568735122680664,1121100
1998-12-07,26.083332061767578,26.5625,26.083332061767578,26.541667938232422,22.657663345336914,1189500
1998-12-08,26.5625,26.5625,25.875,25.979167938232422,22.177474975585938,1522200
1998-12-09,25.9375,25.9375,25.354167938232422,25.4375,21.715076446533203,1076700
1998-12-10,25.479167938232422,25.645832061767578,25.25,25.604167938232422,21.85735511779785,1904100
1998-12-11,25.625,25.625,25.0625,25.083332061767578,21.41274070739746,1648800
1998-12-14,24.666667938232422,25.0,24.041667938232422,24.145832061767578,20.612430572509766,1487100
1998-12-15,24.145832061767578,24.416667938232422,23.875,24.208332061767578,20.665775299072266,1591500
1998-12-16,24.333332061767578,25.145832061767578,24.333332061767578,24.666667938232422,21.057044982910156,2279700
1998-12-17,24.666667938232422,26.25,24.666667938232422,26.166667938232422,22.33753776550293,2592900
1998-12-18,25.666667938232422,25.75,25.208332061767578,25.333332061767578,21.62615394592285,3041100
1998-12-21,25.416667938232422,26.375,25.416667938232422,25.875,22.08854866027832,1644600
1998-12-22,25.958332061767578,27.25,25.958332061767578,26.375,22.599233627319336,2026800
1998-12-23,26.666667938232422,26.854167938232422,26.291667938232422,26.541667938232422,22.742036819458008,1969800
1998-12-24,26.458332061767578,26.583332061767578,26.208332061767578,26.208332061767578,22.45642852783203,415800
1998-12-28,26.125,26.229167938232422,25.833332061767578,25.833332061767578,22.135103225708008,1293600
1998-12-29,25.916667938232422,26.125,25.583332061767578,25.875,22.17081069946289,1280400
1998-12-30,25.895832061767578,26.083332061767578,25.75,25.916667938232422,22.206514358520508,1740300
1998-12-31,26.041667938232422,26.145832061767578,25.583332061767578,25.770832061767578,22.081554412841797,1145700
1999-01-04,26.333332061767578,26.458332061767578,25.666667938232422,25.875,22.17081069946289,2348700
1999-01-05,25.916667938232422,26.208332061767578,25.875,26.083332061767578,22.349321365356445,1081200
1999-01-06,26.666667938232422,26.666667938232422,26.208332061767578,26.666667938232422,22.849149703979492,2287500
1999-01-07,26.708332061767578,27.083332061767578,26.541667938232422,27.0625,23.188310623168945,2505900
1999-01-08,27.5,28.125,27.375,27.666667938232422,23.705978393554688,4716000
1999-01-11,28.583332061767578,28.8125,27.833332061767578,27.833332061767578,23.84879493713379,3430800
1999-01-12,27.833332061767578,28.291667938232422,27.625,28.291667938232422,24.241512298583984,2350200
1999-01-13,27.833332061767578,28.5,27.0,27.791667938232422,23.813095092773438,3309300
1999-01-14,27.333332061767578,27.541667938232422,27.25,27.4375,23.509634017944336,2094000
1999-01-15,27.583332061767578,27.979167938232422,27.4375,27.895832061767578,23.902353286743164,1745400
1999-01-19,27.666667938232422,27.875,26.979167938232422,27.354167938232422,23.438234329223633,1923300
1999-01-20,27.0,27.5,26.708332061767578,26.895832061767578,23.045503616333008,1423500
1999-01-21,26.0,26.604167938232422,26.0,26.333332061767578,22.563526153564453,3621900
1999-01-22,26.333332061767578,26.5,26.0,26.020832061767578,22.295766830444336,2201700
1999-01-25,26.020832061767578,26.416667938232422,26.020832061767578,26.166667938232422,22.42072105407715,2053200
1999-01-26,26.0,26.416667938232422,26.0,26.166667938232422,22.42072105407715,2476800
1999-01-27,26.25,26.479167938232422,25.666667938232422,25.666667938232422,21.992307662963867,1620900
1999-01-28,26.333332061767578,26.479167938232422,25.958332061767578,26.1875,22.438575744628906,1564500
1999-01-29,27.333332061767578,27.75,27.020832061767578,27.458332061767578,23.527481079101562,2021100
1999-02-01,27.5,27.5,26.895832061767578,27.1875,23.2954158782959,1742700
1999-02-02,27.041667938232422,27.041667938232422,26.3125,26.666667938232422,22.849149703979492,1150800
1999-02-03,26.5,26.833332061767578,26.25,26.333332061767578,22.563526153564453,3159000
1999-02-04,25.833332061767578,26.0,25.25,25.979167938232422,22.26006317138672,3786000
1999-02-05,25.958332061767578,25.958332061767578,25.458332061767578,25.479167938232422,21.83165168762207,1279200
1999-02-08,25.666667938232422,26.0,25.520832061767578,25.541667938232422,21.88519287109375,2538300
1999-02-09,25.541667938232422,25.625,24.520832061767578,24.520832061767578,21.010501861572266,1886100
1999-02-10,24.916667938232422,25.958332061767578,24.625,25.625,21.956602096557617,2531400
1999-02-11,25.666667938232422,25.791667938232422,25.416667938232422,25.625,21.956602096557617,2183700
1999-02-12,25.666667938232422,26.083332061767578,25.333332061767578,25.770832061767578,22.081554412841797,2399700
1999-02-16,25.916667938232422,26.375,25.666667938232422,25.958332061767578,22.242218017578125,1849200
1999-02-17,25.666667938232422,25.916667938232422,24.8125,25.020832061767578,21.438922882080078,1591800
1999-02-18,25.291667938232422,25.479167938232422,25.166667938232422,25.1875,21.581735610961914,2503200
1999-02-19,25.1875,25.8125,25.125,25.666667938232422,21.992307662963867,2382900
1999-02-22,25.666667938232422,27.0625,25.333332061767578,27.041667938232422,23.170461654663086,2402100
1999-02-23,26.979167938232422,27.083332061767578,26.333332061767578,26.916667938232422,23.0633544921875,2766300
1999-02-24,27.291667938232422,27.5,26.625,27.0,23.134763717651367,2427300
1999-02-25,26.833332061767578,26.916667938232422,26.4375,26.75,22.92054557800293,1645800
1999-02-26,26.833332061767578,26.895832061767578,26.0,26.166667938232422,22.42072105407715,1336500
1999-03-01,26.25,26.5,25.958332061767578,26.5,22.706336975097656,1741500
1999-03-02,26.541667938232422,26.895832061767578,26.479167938232422,26.666667938232422,22.849149703979492,2071800
1999-03-03,26.666667938232422,26.791667938232422,26.104167938232422,26.166667938232422,22.42072105407715,1651200
1999-03-04,26.166667938232422,26.166667938232422,25.208332061767578,25.333332061767578,21.706682205200195,3472800
1999-03-05,26.666667938232422,26.666667938232422,26.166667938232422,26.583332061767578,22.777738571166992,2232900
1999-03-08,26.5,26.583332061767578,25.75,25.791667938232422,22.099409103393555,1138500
1999-03-09,25.75,26.083332061767578,25.4375,25.458332061767578,21.813785552978516,2148600
1999-03-10,25.333332061767578,25.520832061767578,25.125,25.479167938232422,21.91773796081543,2965200
1999-03-11,25.520832061767578,26.333332061767578,25.479167938232422,26.291667938232422,22.616666793823242,2273400
1999-03-12,26.625,26.875,26.5625,26.729167938232422,22.99300765991211,1749300
1999-03-15,26.645832061767578,27.166667938232422,26.645832061767578,27.145832061767578,23.351430892944336,2282100
1999-03-16,27.5,27.541667938232422,26.833332061767578,27.145832061767578,23.351430892944336,2320800
1999-03-17,27.333332061767578,27.333332061767578,26.583332061767578,26.8125,23.064697265625,2070300
1999-03-18,26.833332061767578,27.291667938232422,26.75,27.083332061767578,23.297672271728516,2241000
1999-03-19,27.208332061767578,27.583332061767578,27.0,27.375,23.548572540283203,1654500
1999-03-22,27.166667938232422,28.5,27.125,28.395832061767578,24.426719665527344,2742900
1999-03-23,28.083332061767578,28.166667938232422,27.666667938232422,27.895832061767578,23.996606826782227,2246100
1999-03-24,27.875,28.041667938232422,27.625,27.791667938232422,23.907001495361328,1961400
1999-03-25,28.0,28.166667938232422,27.875,28.083332061767578,24.15789222717285,2531700
1999-03-26,28.083332061767578,28.583332061767578,27.854167938232422,28.541667938232422,24.552165985107422,1797900
1999-03-29,28.541667938232422,28.833332061767578,28.229167938232422,28.458332061767578,24.48047637939453,1876800
1999-03-30,28.458332061767578,28.729167938232422,27.916667938232422,28.0,24.086217880249023,1494600
1999-03-31,28.0625,28.145832061767578,27.791667938232422,27.9375,24.032451629638672,2735700
1999-04-01,28.125,28.583332061767578,28.083332061767578,28.520832061767578,24.53424072265625,2289300
1999-04-05,28.520832061767578,28.979167938232422,28.5,28.958332061767578,24.91058349609375,2724900
1999-04-06,28.958332061767578,28.979167938232422,28.4375,28.479167938232422,24.49839973449707,1511100
1999-04-07,28.4375,28.895832061767578,28.4375,28.895832061767578,24.856822967529297,1447500
1999-04-08,28.083332061767578,28.083332061767578,27.083332061767578,27.416667938232422,23.58441162109375,2900700
1999-04-09,27.375,27.5625,27.166667938232422,27.5625,23.709869384765625,2882700
1999-04-12,28.0,28.458332061767578,27.833332061767578,28.375,24.408794403076172,2295600
1999-04-13,28.375,28.708332061767578,28.354167938232422,28.541667938232422,24.552165985107422,1659600
1999-04-14,28.541667938232422,29.208332061767578,28.541667938232422,29.0,24.946434020996094,1518900
1999-04-15,29.0,29.791667938232422,28.958332061767578,29.5,25.376548767089844,2108400
1999-04-16,29.416667938232422,30.041667938232422,29.25,29.979167938232422,25.788734436035156,1581600
1999-04-19,29.916667938232422,30.333332061767578,29.791667938232422,29.791667938232422,25.62744903564453,1431300
1999-04-20,29.875,30.104167938232422,29.458332061767578,30.0,25.80665397644043,1446000
1999-04-21,30.166667938232422,30.229167938232422,29.5,29.75,25.591598510742188,1242300
1999-04-22,29.5,29.708332061767578,28.708332061767578,29.3125,25.215251922607422,1983000
1999-04-23,29.479167938232422,29.833332061767578,29.375,29.791667938232422,25.62744903564453,1585500
1999-04-26,29.583332061767578,29.645832061767578,29.125,29.145832061767578,25.071874618530273,806400
1999-04-27,29.104167938232422,29.229167938232422,28.625,28.979167938232422,24.928508758544922,1571100
1999-04-28,28.958332061767578,29.833332061767578,28.916667938232422,28.916667938232422,24.874752044677734,1517400
1999-04-29,29.333332061767578,29.541667938232422,28.791667938232422,29.416667938232422,25.30486297607422,2059800
1999-04-30,29.375,29.416667938232422,29.0,29.0625,25.000192642211914,1307700
1999-05-03,29.166667938232422,30.458332061767578,29.125,30.458332061767578,26.200918197631836,1737600
1999-05-04,30.458332061767578,30.916667938232422,29.5,29.541667938232422,25.41238784790039,1632900
1999-05-05,29.541667938232422,30.1875,29.291667938232422,30.125,25.914186477661133,1075200
1999-05-06,29.958332061767578,30.375,29.9375,30.208332061767578,25.98586654663086,2181000
1999-05-07,30.1875,31.208332061767578,30.1875,31.145832061767578,26.792327880859375,1444200
1999-05-10,31.416667938232422,32.54166793823242,31.375,32.39583206176758,27.867599487304688,2486100
1999-05-11,32.41666793823242,32.875,31.645832061767578,32.08333206176758,27.598783493041992,3060000
1999-05-12,32.0,32.0,31.416667938232422,31.583332061767578,27.168676376342773,4225500
1999-05-13,31.583332061767578,31.645832061767578,31.291667938232422,31.541667938232422,27.13283348083496,1138500
1999-05-14,31.166667938232422,31.395832061767578,30.666667938232422,31.083332061767578,26.73855972290039,1750500
1999-05-17,30.916667938232422,31.041667938232422,30.666667938232422,30.75,26.451826095581055,1639500
1999-05-18,30.583332061767578,31.291667938232422,30.583332061767578,30.875,26.55935287475586,1328700
1999-05-19,31.166667938232422,32.29166793823242,31.166667938232422,32.16666793823242,27.670473098754883,1427700
1999-05-20,32.04166793823242,32.41666793823242,31.375,31.6875,27.258283615112305,2005200
1999-05-21,31.604167938232422,32.0,31.541667938232422,31.729167938232422,27.29412269592285,1007700
1999-05-24,31.666667938232422,32.33333206176758,31.541667938232422,31.895832061767578,27.437496185302734,2106300
1999-05-25,31.833332061767578,32.33333206176758,31.416667938232422,31.416667938232422,27.025310516357422,1845000
1999-05-26,31.416667938232422,31.4375,30.1875,30.875,26.55935287475586,2844600
1999-05-27,30.75,30.9375,30.333332061767578,30.354167938232422,26.11132049560547,1838700
1999-05-28,30.958332061767578,31.166667938232422,30.625,31.083332061767578,26.73855972290039,2137800
1999-06-01,31.0,31.25,30.770832061767578,31.1875,26.828170776367188,2156700
1999-06-02,31.104167938232422,31.916667938232422,31.104167938232422,31.666667938232422,27.240365982055664,1825800
1999-06-03,31.833332061767578,31.916667938232422,31.541667938232422,31.666667938232422,27.240365982055664,1890300
1999-06-04,31.625,32.0,31.541667938232422,32.0,27.527103424072266,1101300
1999-06-07,31.958332061767578,32.27083206176758,31.833332061767578,32.20833206176758,27.706308364868164,1334400
1999-06-08,32.16666793823242,32.1875,32.0,32.16666793823242,27.670473098754883,1249800
1999-06-09,31.875,32.0625,31.375,31.5625,27.235424041748047,1366200
1999-06-10,31.583332061767578,31.583332061767578,30.833332061767578,31.0,26.750041961669922,1725600
1999-06-11,30.916667938232422,31.25,30.854167938232422,31.104167938232422,26.839927673339844,1460100
1999-06-14,31.166667938232422,31.833332061767578,31.166667938232422,31.833332061767578,27.469118118286133,1497000
1999-06-15,31.833332061767578,32.3125,31.833332061767578,31.979167938232422,27.594966888427734,1508400
1999-06-16,32.29166793823242,32.54166793823242,32.20833206176758,32.47916793823242,28.02641487121582,2139000
1999-06-17,32.39583206176758,32.39583206176758,31.854167938232422,31.979167938232422,27.594966888427734,2417400
1999-06-18,31.979167938232422,32.0625,31.708332061767578,31.833332061767578,27.469118118286133,2774100
1999-06-21,31.666667938232422,31.833332061767578,31.520832061767578,31.5625,27.235424041748047,1494000
1999-06-22,31.291667938232422,31.3125,30.291667938232422,30.458332061767578,26.282625198364258,2423400
1999-06-23,30.375,30.4375,30.0,30.354167938232422,26.1927490234375,2142000
1999-06-24,30.416667938232422,30.4375,29.416667938232422,29.604167938232422,25.54556655883789,3091500
1999-06-25,29.604167938232422,29.708332061767578,29.020832061767578,29.104167938232422,25.11411476135254,1734600
1999-06-28,29.333332061767578,29.833332061767578,29.3125,29.666667938232422,25.599506378173828,2978100
1999-06-29,29.333332061767578,29.458332061767578,29.270832061767578,29.4375,25.401750564575195,1437600
1999-06-30,29.375,30.25,29.333332061767578,29.666667938232422,25.599506378173828,2771700
1999-07-01,29.791667938232422,29.916667938232422,29.458332061767578,29.625,25.563539505004883,1340700
1999-07-02,30.166667938232422,30.833332061767578,30.125,30.8125,26.588241577148438,2685000
1999-07-06,30.8125,31.083332061767578,30.3125,30.333332061767578,26.174768447875977,2257500
1999-07-07,30.354167938232422,30.791667938232422,30.291667938232422,30.5,26.318584442138672,1751100
1999-07-08,30.416667938232422,30.958332061767578,30.354167938232422,30.666667938232422,26.462404251098633,1340700
1999-07-09,30.458332061767578,30.645832061767578,30.270832061767578,30.5,26.318584442138672,1268700
1999-07-12,30.416667938232422,30.416667938232422,29.708332061767578,29.75,25.671405792236328,1736700
1999-07-13,29.666667938232422,29.958332061767578,29.208332061767578,29.25,25.239952087402344,1359300
1999-07-14,29.25,29.25,28.833332061767578,29.125,25.13209342956543,1410600
1999-07-15,29.416667938232422,30.125,29.416667938232422,29.979167938232422,25.869157791137695,2438700
1999-07-16,30.166667938232422,30.958332061767578,30.145832061767578,30.958332061767578,26.71408462524414,1707300
1999-07-19,30.895832061767578,31.25,30.333332061767578,30.354167938232422,26.1927490234375,1962900
1999-07-20,30.416667938232422,30.729167938232422,30.1875,30.25,26.102863311767578,1239900
1999-07-21,30.208332061767578,30.5,29.854167938232422,29.854167938232422,25.761295318603516,1804200
1999-07-22,30.0,30.229167938232422,29.604167938232422,29.791667938232422,25.707368850708008,1039500
1999-07-23,29.791667938232422,29.958332061767578,29.020832061767578,29.166667938232422,25.16805648803711,722100
1999-07-26,29.125,29.729167938232422,29.083332061767578,29.6875,25.617481231689453,1195500
1999-07-27,29.75,30.25,29.291667938232422,29.395832061767578,25.365798950195312,1862400
1999-07-28,29.333332061767578,29.520832061767578,28.895832061767578,29.041667938232422,25.060182571411133,1123500
1999-07-29,28.958332061767578,29.666667938232422,28.958332061767578,29.416667938232422,25.383777618408203,2391300
1999-07-30,29.4375,29.791667938232422,29.208332061767578,29.395832061767578,25.365798950195312,1495800
1999-08-02,29.395832061767578,29.875,29.354167938232422,29.833332061767578,25.743324279785156,1879800
1999-08-03,28.916667938232422,29.0,27.083332061767578,27.875,24.053462982177734,7170600
1999-08-04,28.166667938232422,28.458332061767578,27.041667938232422,27.583332061767578,23.80178451538086,3233700
1999-08-05,27.75,28.5,27.75,28.25,24.377056121826172,4074900
1999-08-06,28.166667938232422,28.333332061767578,28.0625,28.270832061767578,24.395038604736328,1956000
1999-08-09,28.25,28.458332061767578,27.770832061767578,27.791667938232422,23.98155403137207,1773300
1999-08-10,27.791667938232422,27.916667938232422,27.3125,27.666667938232422,23.873685836791992,1759200
1999-08-11,27.666667938232422,28.041667938232422,27.4375,27.5625,23.783811569213867,1854000
1999-08-12,27.645832061767578,28.416667938232422,27.604167938232422,28.25,24.377056121826172,2053500
1999-08-13,28.875,29.375,28.8125,29.333332061767578,25.311866760253906,1687800
1999-08-16,29.25,29.5,28.875,29.395832061767578,25.365798950195312,1247400
1999-08-17,29.666667938232422,29.854167938232422,29.5,29.583332061767578,25.527589797973633,2579100
1999-08-18,29.666667938232422,29.666667938232422,29.083332061767578,29.104167938232422,25.11411476135254,2155800
1999-08-19,29.104167938232422,29.5,28.5,29.291667938232422,25.27591323852539,1823100
1999-08-20,29.458332061767578,30.145832061767578,29.291667938232422,30.041667938232422,25.9230899810791,1653000
1999-08-23,29.833332061767578,30.729167938232422,29.833332061767578,30.6875,26.480384826660156,1837200
1999-08-24,30.5,30.791667938232422,30.354167938232422,30.6875,26.480384826660156,2067300
1999-08-25,30.6875,30.9375,30.583332061767578,30.854167938232422,26.624204635620117,1984800
1999-08-26,30.833332061767578,31.0,30.5,30.625,26.42645263671875,1710600
1999-08-27,30.541667938232422,30.916667938232422,30.458332061767578,30.791667938232422,26.570268630981445,1536600
1999-08-30,30.416667938232422,30.416667938232422,30.041667938232422,30.041667938232422,25.9230899810791,1558800
1999-08-31,30.041667938232422,30.5,29.9375,29.9375,25.833206176757812,2236800
1999-09-01,29.958332061767578,30.479167938232422,29.958332061767578,30.479167938232422,26.300607681274414,954600
1999-09-02,30.4375,30.458332061767578,29.666667938232422,30.208332061767578,26.06690216064453,2139600
1999-09-03,30.333332061767578,31.458332061767578,30.3125,31.270832061767578,26.98374366760254,1505100
1999-09-07,31.1875,31.375,30.979167938232422,31.145832061767578,26.87587547302246,1589400
1999-09-08,31.041667938232422,31.458332061767578,30.791667938232422,31.041667938232422,26.872276306152344,2065800
1999-09-09,30.833332061767578,30.916667938232422,30.208332061767578,30.479167938232422,26.385326385498047,2268300
1999-09-10,30.479167938232422,30.854167938232422,30.375,30.625,26.51157569885254,2009400
1999-09-13,30.541667938232422,30.541667938232422,29.8125,29.8125,25.808212280273438,1843500
1999-09-14,29.875,29.875,29.083332061767578,29.125,25.213043212890625,2504700
1999-09-15,29.0,29.708332061767578,28.75,29.104167938232422,25.19500160217285,3110700
1999-09-16,29.125,29.625,29.104167938232422,29.395832061767578,25.447500228881836,1264500
1999-09-17,29.395832061767578,30.375,29.395832061767578,29.833332061767578,25.82624053955078,2326200
1999-09-20,29.75,30.083332061767578,29.708332061767578,29.9375,25.91640853881836,1121700
1999-09-21,29.854167938232422,30.375,29.625,29.958332061767578,25.934446334838867,1765500
1999-09-22,30.041667938232422,30.416667938232422,29.875,29.916667938232422,25.89838218688965,1757100
1999-09-23,29.979167938232422,30.645832061767578,29.979167938232422,30.458332061767578,26.367290496826172,3511500
1999-09-24,30.416667938232422,30.5625,29.520832061767578,30.041667938232422,26.006593704223633,3584400
1999-09-27,30.041667938232422,30.104167938232422,29.416667938232422,29.416667938232422,25.465539932250977,1978500
1999-09-28,29.083332061767578,29.083332061767578,28.458332061767578,28.833332061767578,24.960548400878906,4980000
1999-09-29,28.75,29.083332061767578,28.729167938232422,29.0,25.104835510253906,1937400
1999-09-30,28.916667938232422,28.958332061767578,24.833332061767578,25.916667938232422,22.43564796447754,13987200
1999-10-01,25.666667938232422,26.583332061767578,25.458332061767578,26.479167938232422,22.922590255737305,10373100
1999-10-04,25.666667938232422,25.916667938232422,25.145832061767578,25.166667938232422,21.786376953125,4807500
1999-10-05,25.166667938232422,25.75,24.666667938232422,25.1875,21.804412841796875,8144700
1999-10-06,25.229167938232422,25.458332061767578,24.1875,24.25,20.992830276489258,6663000
1999-10-07,24.333332061767578,24.333332061767578,23.791667938232422,24.145832061767578,20.90265655517578,4259700
1999-10-08,24.0625,24.1875,23.583332061767578,23.770832061767578,20.578025817871094,3423600
1999-10-11,23.770832061767578,23.770832061767578,23.125,23.395832061767578,20.253393173217773,2773800
1999-10-12,23.375,23.375,22.895832061767578,23.208332061767578,20.091081619262695,5119800
1999-10-13,23.041667938232422,23.5,22.875,23.145832061767578,20.036977767944336,3570600
1999-10-14,23.145832061767578,23.8125,22.9375,23.520832061767578,20.361602783203125,3248100
1999-10-15,23.0,23.020832061767578,22.416667938232422,22.645832061767578,19.604137420654297,2389800
1999-10-18,22.5,23.041667938232422,22.375,22.791667938232422,19.730384826660156,2538900
1999-10-19,22.875,22.916667938232422,21.916667938232422,21.9375,18.990938186645508,2600700
1999-10-20,21.9375,22.145832061767578,21.729167938232422,21.8125,18.882732391357422,1472700
1999-10-21,21.875,22.0,21.291667938232422,21.625,18.72041893005371,1677900
1999-10-22,21.708332061767578,22.041667938232422,21.708332061767578,21.75,18.828624725341797,3354000
1999-10-25,21.833332061767578,21.9375,21.541667938232422,21.583332061767578,18.68433952331543,1917300
1999-10-26,21.583332061767578,21.8125,21.145832061767578,21.375,18.50398826599121,1871700
1999-10-27,21.416667938232422,22.458332061767578,21.416667938232422,22.333332061767578,19.333602905273438,4377300
1999-10-28,23.5,24.354167938232422,23.166667938232422,24.3125,21.046937942504883,3798000
1999-10-29,24.666667938232422,25.166667938232422,24.583332061767578,24.916667938232422,21.569965362548828,4003800
1999-11-01,24.916667938232422,24.958332061767578,24.333332061767578,24.458332061767578,21.17318344116211,2432700
1999-11-02,26.791667938232422,27.0625,26.125,26.208332061767578,22.688129425048828,5144400
1999-11-03,26.333332061767578,26.666667938232422,26.166667938232422,26.229167938232422,22.7061710357666,3262500
1999-11-04,26.270832061767578,26.770832061767578,26.25,26.666667938232422,23.08490562438965,3629100
1999-11-05,27.0,27.833332061767578,26.979167938232422,27.541667938232422,23.84239387512207,3096000
1999-11-08,27.5,28.0,27.479167938232422,27.729167938232422,24.004695892333984,2204400
1999-11-09,27.916667938232422,28.125,27.166667938232422,27.583332061767578,23.878446578979492,2046000
1999-11-10,27.666667938232422,27.666667938232422,27.0,27.145832061767578,23.49970817565918,1656000
1999-11-11,27.5,27.604167938232422,26.833332061767578,26.833332061767578,23.22918701171875,1815000
1999-11-12,27.125,28.166667938232422,27.083332061767578,27.791667938232422,24.058801651000977,2198100
1999-11-15,27.75,28.083332061767578,27.75,27.979167938232422,24.221120834350586,1406100
1999-11-16,28.166667938232422,28.708332061767578,28.166667938232422,28.708332061767578,24.852338790893555,2094900
1999-11-17,28.666667938232422,29.083332061767578,28.5,28.833332061767578,24.960548400878906,3233100
1999-11-18,28.833332061767578,28.854167938232422,28.270832061767578,28.583332061767578,24.74412727355957,2617800
1999-11-19,28.416667938232422,28.479167938232422,27.916667938232422,27.916667938232422,24.167011260986328,2241000
1999-11-22,27.916667938232422,28.5,27.895832061767578,28.333332061767578,24.527711868286133,3735300
1999-11-23,28.25,28.270832061767578,27.0625,27.0625,23.427576065063477,2198400
1999-11-24,27.041667938232422,27.3125,26.916667938232422,26.916667938232422,23.301326751708984,3654300
1999-11-26,26.916667938232422,26.9375,26.333332061767578,26.479167938232422,22.922590255737305,1428900
1999-11-29,26.5625,26.729167938232422,26.020832061767578,26.708332061767578,23.120975494384766,2203200
1999-11-30,26.625,27.666667938232422,26.5,27.416667938232422,23.734169006347656,2822100
1999-12-01,27.166667938232422,27.1875,26.958332061767578,26.958332061767578,23.337390899658203,2340600
1999-12-02,27.041667938232422,27.166667938232422,26.666667938232422,26.791667938232422,23.19312286376953,2216400
1999-12-03,26.916667938232422,27.802082061767578,26.833332061767578,27.625,23.914512634277344,2756400
1999-12-06,27.541667938232422,27.666667938232422,27.0,27.125,23.481679916381836,1386600
1999-12-07,27.145832061767578,27.145832061767578,26.375,26.375,22.832412719726562,2631300
1999-12-08,26.583332061767578,26.916667938232422,26.083332061767578,26.083332061767578,22.579917907714844,2781300
1999-12-09,26.083332061767578,26.708332061767578,26.083332061767578,26.666667938232422,23.08490562438965,1905900
1999-12-10,26.916667938232422,27.333332061767578,26.5,26.5,22.940624237060547,1944000
1999-12-13,26.458332061767578,26.75,26.229167938232422,26.395832061767578,22.85045623779297,1862100
1999-12-14,26.354167938232422,26.541667938232422,26.104167938232422,26.229167938232422,22.7061710357666,2010900
1999-12-15,26.1875,26.541667938232422,26.104167938232422,26.333332061767578,22.79633903503418,1731600
1999-12-16,26.25,26.25,25.8125,25.9375,22.453676223754883,1696500
1999-12-17,25.666667938232422,25.75,25.333332061767578,25.333332061767578,21.93065071105957,3404100
1999-12-20,25.291667938232422,25.333332061767578,24.895832061767578,25.125,21.75031280517578,1771500
1999-12-21,24.979167938232422,25.041667938232422,24.583332061767578,24.583332061767578,21.366436004638672,1571100
1999-12-22,24.583332061767578,25.916667938232422,24.583332061767578,25.5625,22.21747589111328,1736700
1999-12-23,26.0,26.354167938232422,25.6875,26.166667938232422,22.742582321166992,1445700
1999-12-27,26.145832061767578,26.375,25.1875,25.270832061767578,21.963973999023438,1185300
1999-12-28,25.270832061767578,25.583332061767578,25.208332061767578,25.270832061767578,21.963973999023438,1385700
1999-12-29,25.3125,26.416667938232422,25.229167938232422,26.208332061767578,22.778797149658203,997500
1999-12-30,26.375,26.791667938232422,26.291667938232422,26.645832061767578,23.159046173095703,1046400
1999-12-31,26.583332061767578,26.916667938232422,26.520832061767578,26.854167938232422,23.340118408203125,535500
2000-01-03,26.770832061767578,26.833332061767578,25.9375,26.145832061767578,22.724472045898438,2089500
2000-01-04,25.291667938232422,26.125,24.958332061767578,26.041667938232422,22.633941650390625,2073000
2000-01-05,25.979167938232422,26.541667938232422,25.9375,25.9375,22.54340362548828,1556700
2000-01-06,25.9375,27.916667938232422,25.9375,27.1875,23.62982940673828,2016900
2000-01-07,28.0,28.458332061767578,27.645832061767578,28.375,24.661943435668945,1743300
2000-01-10,28.3125,28.541667938232422,28.125,28.208332061767578,24.517080307006836,2408400
2000-01-11,28.0,28.0,27.4375,27.479167938232422,23.883331298828125,1678500
2000-01-12,27.375,27.520832061767578,27.291667938232422,27.520832061767578,23.91954803466797,1857900
2000-01-13,27.333332061767578,28.291667938232422,27.25,28.041667938232422,24.372220993041992,1845300
2000-01-14,27.541667938232422,27.8125,26.708332061767578,26.875,23.35822868347168,1855800
2000-01-18,26.25,26.75,26.0,26.333332061767578,22.88743019104004,1778400
2000-01-19,26.416667938232422,26.75,25.604167938232422,25.8125,22.43476104736328,2131500
2000-01-20,25.875,26.041667938232422,25.208332061767578,25.3125,22.000194549560547,1741500
2000-01-21,25.375,25.375,24.395832061767578,24.854167938232422,21.601829528808594,2500200
2000-01-24,24.833332061767578,24.833332061767578,23.916667938232422,23.979167938232422,20.84133529663086,1619400
2000-01-25,24.25,24.333332061767578,23.75,23.833332061767578,20.714574813842773,1553700
2000-01-26,24.416667938232422,24.666667938232422,23.958332061767578,24.25,21.076719284057617,2623200
2000-01-27,24.333332061767578,24.583332061767578,23.833332061767578,24.145832061767578,20.986188888549805,1484400
2000-01-28,24.0,24.458332061767578,23.958332061767578,24.1875,21.022401809692383,2543700
2000-01-31,24.0,24.166667938232422,23.4375,23.916667938232422,20.787010192871094,1296000
2000-02-01,24.0,24.291667938232422,23.9375,23.958332061767578,20.823219299316406,1221000
2000-02-02,24.333332061767578,24.75,24.208332061767578,24.583332061767578,21.366436004638672,3341700
2000-02-03,24.666667938232422,25.1875,24.375,24.9375,21.67426109313965,3161400
2000-02-04,25.1875,25.354167938232422,25.083332061767578,25.291667938232422,21.982084274291992,2310000
2000-02-07,25.416667938232422,25.458332061767578,25.020832061767578,25.416667938232422,22.090728759765625,2143200
2000-02-08,24.583332061767578,25.25,24.208332061767578,24.916667938232422,21.65615463256836,3466800
2000-02-09,25.333332061767578,25.833332061767578,24.875,25.666667938232422,22.308012008666992,5363100
2000-02-10,26.0,26.416667938232422,25.9375,26.291667938232422,22.851221084594727,3891000
2000-02-11,26.583332061767578,26.791667938232422,26.5,26.625,23.14093780517578,3099600
2000-02-14,26.708332061767578,26.708332061767578,26.416667938232422,26.645832061767578,23.159046173095703,1349700
2000-02-15,26.666667938232422,26.6875,26.166667938232422,26.4375,22.977970123291016,3453000
2000-02-16,26.375,26.645832061767578,26.25,26.270832061767578,22.833120346069336,3711900
2000-02-17,26.375,26.625,26.208332061767578,26.5,23.03229331970215,2412300
2000-02-18,26.0,26.333332061767578,25.625,25.666667938232422,22.308012008666992,2943600
2000-02-22,25.666667938232422,25.833332061767578,25.083332061767578,25.270832061767578,21.963973999023438,2627400
2000-02-23,25.166667938232422,25.5,24.791667938232422,25.0,21.728574752807617,3460800
2000-02-24,25.0,25.0,24.333332061767578,24.333332061767578,21.14914894104004,2919300
2000-02-25,24.416667938232422,24.833332061767578,23.916667938232422,24.0,20.859432220458984,2472600
2000-02-28,24.0,24.666667938232422,24.0,24.625,21.402645111083984,3040800
2000-02-29,24.416667938232422,24.958332061767578,24.375,24.604167938232422,21.38454818725586,2886000
2000-03-01,24.6875,24.895832061767578,23.958332061767578,24.166667938232422,21.00429344177246,6094200
2000-03-02,24.083332061767578,24.104167938232422,23.208332061767578,23.354167938232422,20.298110961914062,2789100
2000-03-03,23.4375,24.020832061767578,23.4375,23.75,20.64215087890625,2567100
2000-03-06,23.666667938232422,23.6875,22.708332061767578,22.895832061767578,19.899761199951172,1968600
2000-03-07,22.333332061767578,22.333332061767578,21.479167938232422,21.854167938232422,18.994409561157227,3059100
2000-03-08,21.75,22.083332061767578,21.458332061767578,21.5625,18.740896224975586,2284500
2000-03-09,21.458332061767578,21.5,21.104167938232422,21.333332061767578,18.630998611450195,2696400
2000-03-10,21.416667938232422,21.541667938232422,21.083332061767578,21.25,18.558231353759766,2055600
2000-03-13,21.208332061767578,21.208332061767578,20.354167938232422,20.395832061767578,17.812259674072266,2540400
2000-03-14,20.479167938232422,21.083332061767578,20.416667938232422,20.458332061767578,17.866846084594727,2429700
2000-03-15,20.479167938232422,21.916667938232422,20.479167938232422,21.6875,18.940303802490234,3482100
2000-03-16,21.6875,22.333332061767578,21.5625,22.0,19.213232040405273,5715600
2000-03-17,21.5,21.729167938232422,20.25,21.020832061767578,18.35808753967285,7118400
2000-03-20,20.958332061767578,21.8125,20.958332061767578,21.666667938232422,18.92211151123047,3829500
2000-03-21,21.708332061767578,23.395832061767578,21.708332061767578,23.395832061767578,20.4322452545166,4385100
2000-03-22,23.291667938232422,24.291667938232422,23.041667938232422,23.8125,20.796131134033203,3951900
2000-03-23,23.833332061767578,25.104167938232422,23.666667938232422,24.375,21.287384033203125,2940300
2000-03-24,24.458332061767578,25.666667938232422,24.333332061767578,25.416667938232422,22.197099685668945,2950500
2000-03-27,25.416667938232422,25.666667938232422,25.0,25.229167938232422,22.03334617614746,2939100
2000-03-28,25.0,25.083332061767578,24.270832061767578,24.270832061767578,21.196407318115234,3882000
2000-03-29,24.270832061767578,25.041667938232422,24.208332061767578,24.708332061767578,21.578481674194336,2711700
2000-03-30,24.791667938232422,26.333332061767578,24.625,25.979167938232422,22.6883487701416,2853300
2000-03-31,25.666667938232422,26.458332061767578,25.25,25.25,22.05154037475586,2644500
2000-04-03,25.5,26.875,25.5,26.666667938232422,23.28876495361328,1917300
2000-04-04,26.666667938232422,26.666667938232422,25.333332061767578,26.0,22.7065372467041,3024300
2000-04-05,26.0,26.645832061767578,25.979167938232422,26.395832061767578,23.052230834960938,2100000
2000-04-06,26.333332061767578,27.083332061767578,26.125,26.604167938232422,23.234182357788086,2245500
2000-04-07,26.520832061767578,26.833332061767578,25.666667938232422,25.729167938232422,22.470012664794922,1594200
2000-04-10,25.791667938232422,27.375,25.770832061767578,26.9375,23.525283813476562,2366400
2000-04-11,27.666667938232422,28.979167938232422,27.520832061767578,28.166667938232422,24.5987548828125,3510900
2000-04-12,28.0,28.833332061767578,27.875,28.25,24.671527862548828,1967400
2000-04-13,28.25,28.583332061767578,27.854167938232422,28.270832061767578,24.689725875854492,2382600
2000-04-14,28.104167938232422,28.104167938232422,26.645832061767578,26.895832061767578,23.4888973236084,2448600
2000-04-17,26.979167938232422,27.479167938232422,26.583332061767578,26.979167938232422,23.561676025390625,2503200
2000-04-18,26.979167938232422,27.25,26.666667938232422,27.104167938232422,23.670839309692383,1681200
2000-04-19,26.333332061767578,26.916667938232422,25.916667938232422,26.5,23.143205642700195,1938300
2000-04-20,26.25,27.791667938232422,26.25,27.458332061767578,23.980144500732422,2232000
2000-04-24,27.416667938232422,27.916667938232422,27.083332061767578,27.916667938232422,24.380420684814453,2173500
2000-04-25,27.791667938232422,27.8125,27.0,27.3125,23.8527889251709,1643400
2000-04-26,27.333332061767578,27.5,26.75,27.145832061767578,23.70722198486328,1434000
2000-04-27,27.0625,27.1875,26.166667938232422,26.5,23.143205642700195,1970100
2000-04-28,26.0,26.583332061767578,25.541667938232422,26.583332061767578,23.215978622436523,2165700
2000-05-01,26.5,26.5,26.104167938232422,26.3125,22.979450225830078,2261100
2000-05-02,25.833332061767578,25.854167938232422,24.958332061767578,25.0,21.833209991455078,4949700
2000-05-03,24.666667938232422,25.5,24.458332061767578,24.708332061767578,21.578481674194336,3910500
2000-05-04,25.333332061767578,25.854167938232422,25.083332061767578,25.583332061767578,22.3426456451416,2892600
2000-05-05,25.541667938232422,25.833332061767578,25.1875,25.3125,22.106130599975586,2553000
2000-05-08,25.395832061767578,26.4375,25.395832061767578,26.270832061767578,22.943069458007812,2167800
2000-05-09,26.083332061767578,26.666667938232422,25.833332061767578,25.916667938232422,22.633769989013672,2468700
2000-05-10,25.916667938232422,25.916667938232422,25.166667938232422,25.333332061767578,22.124317169189453,1824600
2000-05-11,25.5,26.125,25.416667938232422,25.5,22.269878387451172,2676900
2000-05-12,25.916667938232422,26.729167938232422,25.791667938232422,26.322917938232422,22.988555908203125,1813200
2000-05-15,26.166667938232422,28.0,26.166667938232422,27.375,23.907367706298828,3345300
2000-05-16,28.0,28.666667938232422,27.916667938232422,28.041667938232422,24.489580154418945,2522100
2000-05-17,28.0,28.333332061767578,27.666667938232422,27.958332061767578,24.416807174682617,2050800
2000-05-18,28.0,28.854167938232422,28.0,28.833332061767578,25.18096351623535,1863000
2000-05-19,28.916667938232422,29.270832061767578,28.5,28.875,25.217363357543945,2181300
2000-05-22,28.958332061767578,29.916667938232422,28.8125,29.645832061767578,25.89055061340332,2984700
2000-05-23,29.645832061767578,29.979167938232422,28.958332061767578,29.979167938232422,26.181663513183594,2666700
2000-05-24,29.958332061767578,30.291667938232422,29.541667938232422,29.875,26.090688705444336,2984100
2000-05-25,29.875,29.979167938232422,29.375,29.75,25.98151969909668,2003400
2000-05-26,29.375,29.625,29.0625,29.25,25.544857025146484,1178100
2000-05-30,29.0,29.5625,28.583332061767578,29.5625,25.817766189575195,1545600
2000-05-31,29.479167938232422,29.979167938232422,29.354167938232422,29.604167938232422,25.854158401489258,1638000
2000-06-01,29.375,29.395832061767578,28.875,29.145832061767578,25.45387840270996,2561700
2000-06-02,29.791667938232422,30.083332061767578,29.625,29.791667938232422,26.017919540405273,2250600
2000-06-05,30.0,30.0625,29.270832061767578,29.291667938232422,25.58124351501465,1951800
2000-06-06,29.083332061767578,29.104167938232422,27.916667938232422,28.166667938232422,24.5987548828125,2046600
2000-06-07,28.5,29.125,28.375,28.75,25.10819435119629,1828800
2000-06-08,28.875,29.104167938232422,28.5,28.916667938232422,25.34484100341797,1656900
2000-06-09,29.0,29.8125,29.0,29.5,25.856115341186523,1606800
2000-06-12,29.541667938232422,30.458332061767578,29.541667938232422,30.25,26.51348304748535,2408700
2000-06-13,30.583332061767578,31.791667938232422,30.1875,31.354167938232422,27.481264114379883,3112200
2000-06-14,31.3125,31.583332061767578,31.020832061767578,31.291667938232422,27.426475524902344,3586500
2000-06-15,31.270832061767578,31.541667938232422,30.895832061767578,31.416667938232422,27.536048889160156,2341500
2000-06-16,31.208332061767578,31.729167938232422,30.666667938232422,30.666667938232422,26.87868309020996,3629100
2000-06-19,30.666667938232422,32.04166793823242,30.666667938232422,31.833332061767578,27.90123748779297,2586900
2000-06-20,31.854167938232422,32.58333206176758,31.8125,31.958332061767578,28.010801315307617,3333600
2000-06-21,31.333332061767578,31.458332061767578,31.104167938232422,31.1875,27.335174560546875,2423400
2000-06-22,31.041667938232422,31.416667938232422,30.708332061767578,31.145832061767578,27.298656463623047,2506800
2000-06-23,31.0,31.791667938232422,31.0,31.166667938232422,27.31692886352539,3650700
2000-06-26,31.25,31.5625,31.083332061767578,31.229167938232422,27.371702194213867,1855800
2000-06-27,31.229167938232422,31.395832061767578,31.104167938232422,31.354167938232422,27.481264114379883,2062200
2000-06-28,31.541667938232422,32.125,31.458332061767578,32.06770706176758,28.106658935546875,2744100
2000-06-29,31.958332061767578,33.16666793823242,31.958332061767578,32.54166793823242,28.522083282470703,2877600
2000-06-30,32.25,32.4375,31.161457061767578,31.166667938232422,27.31692886352539,4329000
2000-07-03,31.333332061767578,31.625,30.875,31.625,27.718637466430664,1018200
2000-07-05,31.625,32.22916793823242,31.5,31.666667938232422,27.75516128540039,2010900
2000-07-06,31.6875,32.70833206176758,31.479167938232422,32.375,28.375999450683594,2110500
2000-07-07,32.45833206176758,33.39583206176758,32.45833206176758,33.22916793823242,29.12466049194336,2597100
2000-07-10,32.66666793823242,33.3125,32.66666793823242,33.3125,29.197690963745117,3552600
2000-07-11,33.33333206176758,33.8125,33.16666793823242,33.27083206176758,29.16117286682129,3273300
2000-07-12,33.5,34.35416793823242,33.44791793823242,34.29166793823242,30.055912017822266,3060600
2000-07-13,34.0,34.08333206176758,33.52083206176758,33.6875,29.5263729095459,2595600
2000-07-14,33.60416793823242,33.60416793823242,33.25,33.25,29.142919540405273,3087900
2000-07-17,33.20833206176758,33.875,33.0,33.82291793823242,29.645063400268555,2306100
2000-07-18,32.91666793823242,33.0,32.25,32.6875,28.649900436401367,4010700
2000-07-19,32.75,32.875,32.29166793823242,32.3125,28.321216583251953,1458300
2000-07-20,32.3125,32.89583206176758,32.29166793823242,32.77083206176758,28.72294807434082,1325400
2000-07-21,32.77083206176758,32.8125,32.33333206176758,32.35416793823242,28.35773468017578,1117200
2000-07-24,32.33333206176758,32.33333206176758,31.854167938232422,32.04166793823242,28.083839416503906,1274400
2000-07-25,32.0,32.45833206176758,31.854167938232422,32.3125,28.321216583251953,1532700
2000-07-26,32.33333206176758,32.67708206176758,32.25,32.66666793823242,28.63163185119629,3368400
2000-07-27,33.16666793823242,33.58333206176758,32.85416793823242,33.33333206176758,29.215961456298828,2474400
2000-07-28,33.29166793823242,33.29166793823242,32.58333206176758,32.75,28.704675674438477,1552800
2000-07-31,33.25,33.47916793823242,33.125,33.29166793823242,29.1794376373291,2063700
2000-08-01,32.95833206176758,33.77083206176758,32.95833206176758,33.75,29.58115005493164,1478100
2000-08-02,31.833332061767578,32.64583206176758,31.833332061767578,32.1875,28.211660385131836,4922400
2000-08-03,32.0,32.64583206176758,31.666667938232422,32.41666793823242,28.41252899169922,4035000
2000-08-04,32.4375,33.83333206176758,32.375,33.4375,29.307260513305664,4168200
2000-08-07,33.4375,34.08333206176758,33.375,34.0625,29.855058670043945,2893800
2000-08-08,33.97916793823242,34.58333206176758,33.52083206176758,34.41666793823242,30.16547203063965,2121600
2000-08-09,34.16666793823242,34.16666793823242,33.52083206176758,33.875,29.69071388244629,1588200
2000-08-10,34.25,34.5,33.91666793823242,33.9375,29.745500564575195,1305000
2000-08-11,34.02083206176758,35.3125,34.02083206176758,35.0625,30.73153305053711,1322400
2000-08-14,35.0,35.14583206176758,34.66666793823242,34.66666793823242,30.38459014892578,2560800
2000-08-15,34.66666793823242,34.97916793823242,34.33333206176758,34.33333206176758,30.092435836791992,2048400
2000-08-16,34.75,34.97916793823242,34.27083206176758,34.27083206176758,30.03765296936035,2241900
2000-08-17,34.20833206176758,34.875,34.0,34.0,29.800275802612305,1538100
2000-08-18,34.0,34.08333206176758,33.72916793823242,33.72916793823242,29.562894821166992,1672500
2000-08-21,33.72916793823242,33.75,33.25,33.58333206176758,29.43507194519043,1469700
2000-08-22,33.58333206176758,34.0625,33.41666793823242,33.77083206176758,29.599416732788086,1738200
2000-08-23,33.97916793823242,34.25,32.79166793823242,32.875,28.814241409301758,2047200
2000-08-24,32.25,32.79166793823242,32.25,32.4375,28.4307804107666,1637400
2000-08-25,32.66666793823242,32.66666793823242,32.35416793823242,32.45833206176758,28.44903564453125,925200
2000-08-28,32.45833206176758,33.27083206176758,32.45833206176758,33.04166793823242,28.9603214263916,1948200
2000-08-29,32.95833206176758,33.0,32.60416793823242,32.79166793823242,28.741199493408203,2214000
2000-08-30,32.66666793823242,32.95833206176758,32.58333206176758,32.6875,28.649900436401367,1408800
2000-08-31,32.66666793823242,32.70833206176758,32.41666793823242,32.421875,28.417083740234375,2301600
2000-09-01,32.4375,32.4375,31.0625,31.375,27.499521255493164,2033100
2000-09-05,31.375,31.958332061767578,31.354167938232422,31.697917938232422,27.782548904418945,2019000
2000-09-06,31.75,32.0,31.645832061767578,31.708332061767578,27.791683197021484,1425300
2000-09-07,31.75,31.8125,30.833332061767578,30.833332061767578,27.024757385253906,2042400
2000-09-08,30.166667938232422,30.333332061767578,29.666667938232422,29.979167938232422,26.364459991455078,3261900
2000-09-11,29.958332061767578,30.854167938232422,29.958332061767578,30.645832061767578,26.95073890686035,2243100
2000-09-12,30.833332061767578,31.041667938232422,30.25,30.25,26.60263442993164,2176200
2000-09-13,30.333332061767578,30.458332061767578,30.166667938232422,30.395832061767578,26.730878829956055,2705400
2000-09-14,30.583332061767578,31.333332061767578,30.541667938232422,31.083332061767578,27.33548927307129,2061300
2000-09-15,31.083332061767578,31.083332061767578,30.333332061767578,30.333332061767578,26.67591667175293,3795000
2000-09-18,30.333332061767578,30.375,29.104167938232422,29.375,25.833139419555664,2472300
2000-09-19,29.333332061767578,29.791667938232422,29.25,29.5625,25.99803924560547,3059100
2000-09-20,29.583332061767578,29.625,28.958332061767578,29.333332061767578,25.796491622924805,2820300
2000-09-21,29.916667938232422,30.291667938232422,29.416667938232422,29.666667938232422,26.08963394165039,2266800
2000-09-22,30.083332061767578,31.0625,30.0,30.9375,27.207242965698242,2518800
2000-09-25,31.333332061767578,31.566667556762695,30.916667938232422,31.383333206176758,27.59931755065918,3018300
2000-09-26,32.33333206176758,32.33333206176758,31.293333053588867,31.916667938232422,28.068347930908203,3801000
2000-09-27,32.0,34.66666793823242,31.916667938232422,34.116668701171875,30.00309181213379,3861900
2000-09-28,34.33333206176758,34.58333206176758,33.75,34.58333206176758,30.413488388061523,3472200
2000-09-29,34.33333206176758,35.33333206176758,34.33333206176758,34.79999923706055,30.604013442993164,3167400
2000-10-02,34.79999923706055,36.51333236694336,34.68333435058594,36.253334045410156,31.882118225097656,3239400
2000-10-03,36.16666793823242,36.16666793823242,35.37333297729492,35.66666793823242,31.366191864013672,2183400
2000-10-04,36.33333206176758,36.65999984741211,35.70000076293945,35.93333435058594,31.6007137298584,2760000
2000-10-05,35.91666793823242,37.49333190917969,35.91666793823242,37.47666549682617,32.95796203613281,2295000
2000-10-06,38.25,38.54999923706055,36.650001525878906,36.650001525878906,32.230960845947266,3176100
2000-10-09,36.650001525878906,36.913333892822266,36.34333419799805,36.41999816894531,32.02870178222656,1554000
2000-10-10,36.41999816894531,37.56666564941406,36.21666717529297,36.83333206176758,32.392189025878906,2466600
2000-10-11,36.5,37.400001525878906,36.37333297729492,37.349998474121094,32.84654998779297,2345400
2000-10-12,37.33333206176758,37.41666793823242,36.54999923706055,36.91999816894531,32.46841049194336,3466500
2000-10-13,36.91999816894531,37.58333206176758,36.866668701171875,37.58333206176758,33.0517578125,1991100
2000-10-16,37.33333206176758,38.616668701171875,37.209999084472656,38.41666793823242,33.784610748291016,2661300
2000-10-17,38.41999816894531,38.75,37.28333282470703,38.400001525878906,33.769962310791016,2298900
2000-10-18,38.16666793823242,38.663333892822266,37.83333206176758,38.3033332824707,33.68494415283203,1923000
2000-10-19,37.5,38.276668548583984,37.5,37.83333206176758,33.271610260009766,1731900
2000-10-20,37.83333206176758,38.366668701171875,37.616668701171875,37.96666717529297,33.38886642456055,1856100
2000-10-23,37.96666717529297,37.96666717529297,36.459999084472656,36.59000015258789,32.178199768066406,1578000
2000-10-24,36.599998474121094,37.766666412353516,36.5533332824707,37.04999923706055,32.582725524902344,2218500
2000-10-25,36.08333206176758,36.70000076293945,36.08000183105469,36.5,32.099056243896484,1826700
2000-10-26,36.66666793823242,37.849998474121094,36.53333282470703,37.16666793823242,32.68534851074219,2703900
2000-10-27,37.16666793823242,38.483333587646484,37.16666793823242,38.220001220703125,33.61166000366211,1901100
2000-10-30,38.220001220703125,39.616668701171875,38.150001525878906,39.516666412353516,34.75197219848633,4108200
2000-10-31,39.516666412353516,41.0,39.516666412353516,40.650001525878906,35.74867630004883,4608000
2000-11-01,40.0,40.0,39.0,40.0,35.17702865600586,2669100
2000-11-02,40.0,40.0,38.33333206176758,38.47666549682617,33.837379455566406,2348700
2000-11-03,38.5,39.599998474121094,38.383331298828125,38.6966667175293,34.030860900878906,2673600
2000-11-06,38.77000045776367,39.91666793823242,38.77000045776367,39.65666580200195,34.87510681152344,3915900
2000-11-07,38.83333206176758,40.686668395996094,38.79999923706055,39.96666717529297,35.14772033691406,2344800
2000-11-08,39.900001525878906,42.33333206176758,39.58333206176758,41.67333221435547,36.64860534667969,2873700
2000-11-09,41.16666793823242,42.56666564941406,40.133331298828125,41.06666564941406,36.115089416503906,2901900
2000-11-10,40.66666793823242,43.66666793823242,40.66666793823242,43.04666519165039,37.85634994506836,3073200
2000-11-13,43.04666519165039,44.720001220703125,42.16999816894531,42.66666793823242,37.522178649902344,4513800
2000-11-14,42.58333206176758,42.650001525878906,41.46333312988281,42.25,37.15574264526367,3397500
2000-11-15,42.253334045410156,43.29999923706055,41.64666748046875,42.38999938964844,37.27886199951172,2813400
2000-11-16,42.473331451416016,43.75,42.33333206176758,43.75,38.474884033203125,2128200
2000-11-17,43.33333206176758,44.16666793823242,42.233333587646484,42.75666809082031,37.60132598876953,1873200
2000-11-20,41.33333206176758,42.5,40.46666717529297,42.02333450317383,36.9564094543457,2947800
2000-11-21,41.66666793823242,41.95000076293945,41.0,41.310001373291016,36.32908248901367,1749300
2000-11-22,41.58333206176758,41.58333206176758,40.133331298828125,41.05666732788086,36.106285095214844,1584900
2000-11-24,40.66666793823242,41.53333282470703,40.25,41.099998474121094,36.144405364990234,1233600
2000-11-27,41.5,41.5,39.900001525878906,40.33333206176758,35.47017288208008,2478900
2000-11-28,40.336666107177734,41.21666717529297,40.25,40.25,35.39690399169922,2392500
2000-11-29,40.233333587646484,41.86000061035156,40.233333587646484,41.663333892822266,36.63981246948242,1612500
2000-11-30,42.33333206176758,44.616668701171875,42.25,43.91666793823242,38.621456146240234,3777600
2000-12-01,44.16666793823242,44.53333282470703,42.31666564941406,42.63666534423828,37.49580001831055,2716800
2000-12-04,42.33333206176758,43.83333206176758,42.06666564941406,42.616668701171875,37.47819137573242,1652100
2000-12-05,42.66666793823242,43.91999816894531,42.66666793823242,43.45000076293945,38.21104431152344,1944300
2000-12-06,42.83333206176758,43.883331298828125,42.83333206176758,43.413333892822266,38.17881774902344,1736400
2000-12-07,43.099998474121094,43.650001525878906,41.91666793823242,42.81999969482422,37.65701675415039,1667700
2000-12-08,42.849998474121094,43.96666717529297,42.53333282470703,43.08333206176758,37.88859558105469,1776300
2000-12-11,43.0,44.25,42.83333206176758,42.83333206176758,37.66875457763672,1440300
2000-12-12,42.53333282470703,42.89666748046875,41.53333282470703,42.37666702270508,37.26713180541992,2199900
2000-12-13,42.459999084472656,43.24333190917969,40.883331298828125,41.17333221435547,36.208919525146484,2441100
2000-12-14,41.18333435058594,41.25,39.03333282470703,40.9033317565918,35.97144317626953,2766600
2000-12-15,39.56999969482422,40.70000076293945,39.56999969482422,39.78333282470703,34.98649978637695,4021800
2000-12-18,39.516666412353516,40.83333206176758,39.33333206176758,40.59333419799805,35.698829650878906,3527400
2000-12-19,40.66666793823242,40.70000076293945,39.099998474121094,40.16666793823242,35.3235969543457,2244600
2000-12-20,39.97999954223633,42.78333282470703,39.66666793823242,42.54666519165039,37.513145446777344,3470100
2000-12-21,42.25,42.83333206176758,41.650001525878906,42.369998931884766,37.357391357421875,2205000
2000-12-22,42.369998931884766,44.16666793823242,42.366668701171875,43.81666564941406,38.63290023803711,2330100
2000-12-26,43.5,44.21666717529297,43.34000015258789,43.77000045776367,38.591766357421875,1066200
2000-12-27,43.33333206176758,44.83333206176758,43.0,44.233333587646484,39.000267028808594,1582800
2000-12-28,43.900001525878906,45.0,43.599998474121094,45.0,39.676246643066406,2503500
2000-12-29,45.0,45.58333206176758,44.099998474121094,44.099998474121094,38.88270568847656,1589700
2001-01-02,44.43333435058594,44.983333587646484,42.616668701171875,42.8033332824707,37.739444732666016,1867800
2001-01-03,42.70000076293945,43.619998931884766,42.41666793823242,42.83333206176758,37.765907287597656,2882400
2001-01-04,42.33333206176758,42.33333206176758,37.66666793823242,38.0,33.50437545776367,5146800
2001-01-05,38.29999923706055,40.03333282470703,37.58333206176758,38.33333206176758,33.798274993896484,4346400
2001-01-08,39.16666793823242,40.06666564941406,38.4900016784668,39.650001525878906,34.95917510986328,1925100
2001-01-09,39.66666793823242,40.099998474121094,39.53333282470703,39.93333435058594,35.20899963378906,2666400
2001-01-10,39.93333435058594,41.08333206176758,39.93333435058594,40.91666793823242,36.075984954833984,3167100
2001-01-11,40.75,40.883331298828125,38.25,38.79666519165039,34.20679473876953,1848900
2001-01-12,38.78333282470703,38.78333282470703,37.266666412353516,38.400001525878906,33.857059478759766,2668500
2001-01-16,38.0,39.133331298828125,37.849998474121094,38.41666793823242,33.87174606323242,3623700
2001-01-17,38.41666793823242,38.41666793823242,37.91666793823242,38.04666519165039,33.54551696777344,2775000
2001-01-18,38.04666519165039,38.48666763305664,37.95000076293945,38.09000015258789,33.5837287902832,2470200
2001-01-19,38.09333419799805,38.33333206176758,35.91666793823242,36.5,32.18185043334961,4893900
2001-01-22,36.58333206176758,38.91666793823242,36.58333206176758,38.19333267211914,33.67481994628906,2476200
2001-01-23,38.276668548583984,39.8466682434082,38.276668548583984,39.099998474121094,34.4742431640625,2562000
2001-01-24,38.33333206176758,40.46666717529297,38.33333206176758,40.15999984741211,35.408843994140625,3143100
2001-01-25,39.266666412353516,40.21666717529297,38.956668853759766,39.586666107177734,34.9033317565918,2227800
2001-01-26,39.586666107177734,40.81666564941406,39.586666107177734,40.41666793823242,35.63515090942383,2338200
2001-01-29,41.0,41.08333206176758,38.83333206176758,38.83333206176758,34.2391242980957,1943100
2001-01-30,38.33333206176758,38.33333206176758,37.33333206176758,38.029998779296875,33.53083419799805,2455200
2001-01-31,38.03333282470703,38.03333282470703,36.380001068115234,37.04999923706055,32.666770935058594,3431400
2001-02-01,37.04999923706055,38.400001525878906,36.96666717529297,38.0,33.50437545776367,3767700
2001-02-02,38.96666717529297,39.733333587646484,38.96666717529297,39.5,34.826904296875,3513000
2001-02-05,40.08333206176758,41.08333206176758,39.849998474121094,40.503334045410156,35.71155548095703,2265900
2001-02-06,40.33333206176758,40.33333206176758,39.106666564941406,39.15999984741211,34.527156829833984,1595700
2001-02-07,39.83333206176758,40.87333297729492,39.79999923706055,39.93333435058594,35.20899963378906,2404200
2001-02-08,39.93333435058594,40.79999923706055,39.366668701171875,40.29666519165039,35.529335021972656,2685900
2001-02-09,40.33333206176758,40.33333206176758,35.0,36.91666793823242,32.54920959472656,12273900
2001-02-12,38.33333206176758,38.33333206176758,37.18333435058594,37.733333587646484,33.26925277709961,6195300
2001-02-13,37.83333206176758,37.90999984741211,37.233333587646484,37.516666412353516,33.078224182128906,3161400
2001-02-14,37.383331298828125,37.70000076293945,35.71666717529297,36.0,31.740978240966797,3594600
2001-02-15,36.25,36.28333282470703,35.616668701171875,36.08000183105469,31.811527252197266,3581400
2001-02-16,36.08000183105469,36.540000915527344,36.02000045776367,36.209999084472656,31.926151275634766,1983900
2001-02-20,36.22666549682617,36.5,35.08333206176758,35.43333435058594,31.241361618041992,3260700
2001-02-21,35.43333435058594,35.650001525878906,34.83333206176758,35.189998626708984,31.026819229125977,2320200
2001-02-22,35.43333435058594,35.53333282470703,34.83333206176758,35.33333206176758,31.15319061279297,3613200
2001-02-23,35.58333206176758,35.766666412353516,33.66666793823242,34.06666564941406,30.036378860473633,3132000
2001-02-26,34.16666793823242,35.58000183105469,34.16666793823242,35.366668701171875,31.18259048461914,2605500
2001-02-27,35.366668701171875,37.33333206176758,35.366668701171875,36.95333480834961,32.58154296875,3381300
2001-02-28,37.233333587646484,37.233333587646484,36.349998474121094,36.55666732788086,32.2318115234375,2482500
2001-03-01,36.33333206176758,37.25,35.5,36.650001525878906,32.31410217285156,2941200
2001-03-02,36.25,38.633331298828125,36.25,37.473331451416016,33.040016174316406,2619000
2001-03-05,37.0,37.0,36.29666519165039,36.77333450317383,32.422828674316406,3251100
2001-03-06,36.776668548583984,37.16666793823242,36.4466667175293,36.79999923706055,32.44635009765625,1387200
2001-03-07,36.58333206176758,37.0,36.5099983215332,36.67333221435547,32.334659576416016,2210700
2001-03-08,36.676666259765625,37.66666793823242,36.67333221435547,37.483333587646484,33.048831939697266,1926600
2001-03-09,37.43333435058594,37.650001525878906,37.21666717529297,37.33333206176758,33.01051712036133,2375700
2001-03-12,37.266666412353516,37.573333740234375,36.866668701171875,36.9466667175293,32.66862869262695,2574600
2001-03-13,36.89666748046875,37.03333282470703,35.849998474121094,36.93333435058594,32.65684127807617,3786000
2001-03-14,36.33333206176758,36.663333892822266,35.96666717529297,36.21666717529297,32.023155212402344,2521500
2001-03-15,36.41666793823242,37.06666564941406,36.383331298828125,37.016666412353516,32.730525970458984,1963200
2001-03-16,36.33333206176758,37.13999938964844,35.119998931884766,35.59333419799805,31.472009658813477,2951700
2001-03-19,35.766666412353516,36.369998931884766,35.0099983215332,36.25,32.0526123046875,2903700
2001-03-20,36.16666793823242,36.44333267211914,35.16666793823242,35.16666793823242,31.09473991394043,1840500
2001-03-21,34.849998474121094,35.75,34.46666717529297,34.52333450317383,30.5258846282959,3559200
2001-03-22,34.53333282470703,34.53333282470703,33.099998474121094,33.46333312988281,29.5886287689209,5309700
2001-03-23,33.66666793823242,35.0,33.50666809082031,34.336666107177734,30.360841751098633,2343000
2001-03-26,34.58333206176758,35.58333206176758,34.58333206176758,35.0099983215332,30.956212997436523,1745400
2001-03-27,34.75,35.266666412353516,34.75,34.93333435058594,30.888408660888672,2382900
2001-03-28,34.56666564941406,34.650001525878906,33.16666793823242,33.43333435058594,29.562101364135742,4301700
2001-03-29,33.70000076293945,35.369998931884766,33.54666519165039,35.116668701171875,31.050525665283203,3287400
2001-03-30,35.66666793823242,36.439998626708984,35.323333740234375,35.78666687011719,31.642940521240234,2833800
2001-04-02,35.75,36.77333450317383,35.43333435058594,35.52333450317383,31.41009521484375,3123000
2001-04-03,35.20000076293945,35.496665954589844,34.849998474121094,34.939998626708984,30.894317626953125,2250000
2001-04-04,34.733333587646484,35.393333435058594,34.41666793823242,35.03333282470703,30.97683334350586,2401800
2001-04-05,35.33333206176758,35.65999984741211,34.58333206176758,35.5,31.38946533203125,3089400
2001-04-06,35.16666793823242,35.733333587646484,34.29999923706055,34.77333450317383,30.746950149536133,1735200
2001-04-09,34.606666564941406,34.779998779296875,34.14666748046875,34.633331298828125,30.62316131591797,1907700
2001-04-10,33.43333435058594,34.16666793823242,33.18333435058594,34.0,30.06315040588379,5471700
2001-04-11,34.0,34.0,33.32666778564453,33.616668701171875,29.724206924438477,3583500
2001-04-12,33.5,34.33333206176758,33.383331298828125,33.77333450317383,29.862730026245117,2925300
2001-04-16,33.66666793823242,34.0,33.233333587646484,33.33333206176758,29.47368621826172,2707200
2001-04-17,33.483333587646484,33.630001068115234,32.926666259765625,33.383331298828125,29.517894744873047,4218000
2001-04-18,33.5,33.823333740234375,33.28333282470703,33.543331146240234,29.65936279296875,4104300
2001-04-19,33.56666564941406,33.81666564941406,33.43333435058594,33.616668701171875,29.724206924438477,3007500
2001-04-20,33.58333206176758,33.79999923706055,33.41666793823242,33.633331298828125,29.73893165588379,3227700
2001-04-23,33.79999923706055,34.099998474121094,33.483333587646484,33.53333282470703,29.650522232055664,1476000
2001-04-24,33.53333282470703,33.650001525878906,32.56666564941406,32.606666564941406,28.831159591674805,3270900
2001-04-25,32.83333206176758,33.59333419799805,32.5,33.176666259765625,29.33515739440918,5102100
2001-04-26,33.66666793823242,34.83333206176758,33.03333282470703,34.25,30.284194946289062,3102600
2001-04-27,35.16666793823242,35.67333221435547,35.0,35.66666793823242,31.536842346191406,3396900
2001-04-30,35.5,35.96333312988281,35.4466667175293,35.56666564941406,31.448402404785156,2581200
2001-05-01,35.33333206176758,36.41666793823242,35.220001220703125,36.233333587646484,32.03787612915039,2096100
2001-05-02,32.33333206176758,32.41666793823242,30.5,30.950000762939453,27.366323471069336,21155700
2001-05-03,30.350000381469727,30.690000534057617,29.60333251953125,29.933332443237305,26.46736717224121,11997600
2001-05-04,29.996667861938477,30.333332061767578,29.386667251586914,29.833332061767578,26.378944396972656,9839400
2001-05-07,29.78333282470703,30.100000381469727,29.253332138061523,29.280000686645508,25.889686584472656,4136100
2001-05-08,29.666667938232422,29.833332061767578,29.383333206176758,29.666667938232422,26.2315731048584,4443000
2001-05-09,29.666667938232422,30.666667938232422,29.65333366394043,30.666667938232422,27.115785598754883,5984400
2001-05-10,30.666667938232422,30.790000915527344,30.03333282470703,30.196666717529297,26.700204849243164,4873500
2001-05-11,30.196666717529297,31.133333206176758,30.196666717529297,31.0,27.410524368286133,4610700
2001-05-14,31.083332061767578,31.266666412353516,30.46666717529297,30.93000030517578,27.348628997802734,2904900
2001-05-15,30.93000030517578,31.336666107177734,30.616666793823242,31.116666793823242,27.51368522644043,2882400
2001-05-16,31.03333282470703,32.20000076293945,31.03333282470703,32.04999923706055,28.338943481445312,3137700
2001-05-17,31.583332061767578,31.633333206176758,31.023332595825195,31.329999923706055,27.702306747436523,6776400
2001-05-18,31.329999923706055,31.46666717529297,31.149999618530273,31.23666763305664,27.61978530883789,2997600
2001-05-21,31.316667556762695,31.8799991607666,31.266666412353516,31.6299991607666,27.967571258544922,2806500
2001-05-22,31.6299991607666,32.099998474121094,31.166667938232422,31.5,27.852622985839844,1710300
2001-05-23,31.616666793823242,31.616666793823242,31.066667556762695,31.166667938232422,27.55790138244629,2050200
2001-05-24,31.0,31.49333381652832,31.0,31.31999969482422,27.69346809387207,2928600
2001-05-25,31.21666717529297,31.219999313354492,30.463333129882812,30.666667938232422,27.115785598754883,3220500
2001-05-29,30.666667938232422,31.350000381469727,30.553333282470703,31.329999923706055,27.702306747436523,2031000
2001-05-30,31.0,31.333332061767578,30.666667938232422,31.010000228881836,27.419361114501953,2212500
2001-05-31,31.01333236694336,31.733333587646484,30.71666717529297,31.489999771118164,27.843780517578125,2846700
2001-06-01,31.49333381652832,31.49333381652832,30.866666793823242,31.083332061767578,27.484209060668945,2483400
2001-06-04,30.833332061767578,31.083332061767578,30.773332595825195,31.083332061767578,27.484209060668945,2541900
2001-06-05,30.950000762939453,31.09666633605957,30.579999923706055,30.833332061767578,27.26314926147461,3735900
2001-06-06,30.916667938232422,31.133333206176758,30.809999465942383,31.116666793823242,27.51368522644043,3249600
2001-06-07,31.183332443237305,31.5,30.953332901000977,31.336666107177734,27.708208084106445,2140500
2001-06-08,31.5,31.76333236694336,31.333332061767578,31.60333251953125,28.03943634033203,1132800
2001-06-11,31.649999618530273,31.816667556762695,31.336666107177734,31.350000381469727,27.814672470092773,1545000
2001-06-12,31.35333251953125,31.75,31.100000381469727,31.696666717529297,28.122243881225586,2148900
2001-06-13,31.766666412353516,32.28333282470703,31.683332443237305,31.700000762939453,28.12520408630371,1702800
2001-06-14,31.520000457763672,31.520000457763672,30.766666412353516,30.799999237060547,27.32669448852539,1810500
2001-06-15,30.333332061767578,30.856666564941406,30.333332061767578,30.75,27.2823429107666,3367200
2001-06-18,30.866666793823242,31.149999618530273,30.770000457763672,30.94333267211914,27.4538631439209,1456800
2001-06-19,31.0,31.266666412353516,30.833332061767578,30.883333206176758,27.400636672973633,1097400
2001-06-20,30.899999618530273,31.53333282470703,30.899999618530273,31.183332443237305,27.666805267333984,1980000
2001-06-21,31.183332443237305,31.933332443237305,31.183332443237305,31.600000381469727,28.036483764648438,2042100
2001-06-22,31.5,31.719999313354492,31.40333366394043,31.5,27.947755813598633,1441800
2001-06-25,31.483333587646484,31.766666412353516,31.183332443237305,31.183332443237305,27.666805267333984,1518000
2001-06-26,31.183332443237305,31.799999237060547,31.100000381469727,31.333332061767578,27.799888610839844,2019600
2001-06-27,31.350000381469727,31.950000762939453,31.350000381469727,31.670000076293945,28.098587036132812,1721100
2001-06-28,31.666667938232422,32.53666687011719,31.666667938232422,31.833332061767578,28.24349594116211,2560500
2001-06-29,31.766666412353516,32.130001068115234,31.5,31.940000534057617,28.338138580322266,3793500
2001-07-02,31.883333206176758,32.06666564941406,31.703332901000977,31.823333740234375,28.23463249206543,1304400
2001-07-03,31.956666946411133,32.16666793823242,31.876667022705078,31.940000534057617,28.338138580322266,801900
2001-07-05,31.940000534057617,31.940000534057617,31.40999984741211,31.53333282470703,27.977333068847656,2497200
2001-07-06,31.46666717529297,31.649999618530273,31.03333282470703,31.066667556762695,27.563295364379883,2148000
2001-07-09,31.066667556762695,31.5,30.97333335876465,31.47333335876465,27.924100875854492,1551600
2001-07-10,31.5,31.5,31.270000457763672,31.296667098999023,27.767358779907227,2141400
2001-07-11,31.399999618530273,32.0,31.266666412353516,31.586666107177734,28.02465057373047,2133000
2001-07-12,31.833332061767578,32.27000045776367,31.503332138061523,32.16999816894531,28.542207717895508,2102700
2001-07-13,33.16666793823242,34.2400016784668,33.133331298828125,33.266666412353516,29.51519775390625,5396700
2001-07-16,33.599998474121094,33.650001525878906,33.20000076293945,33.45000076293945,29.677858352661133,2466300
2001-07-17,33.41666793823242,33.813331604003906,33.266666412353516,33.43333435058594,29.66307258605957,2483400
2001-07-18,33.5,33.91666793823242,33.366668701171875,33.83333206176758,30.017961502075195,2233500
2001-07-19,33.81666564941406,34.133331298828125,33.599998474121094,33.90666580200195,30.08303451538086,1260900
2001-07-20,33.90666580200195,34.026668548583984,33.276668548583984,33.31666564941406,29.559560775756836,1656000
2001-07-23,33.29999923706055,33.439998626708984,32.96666717529297,33.03333282470703,29.308176040649414,1032900
2001-07-24,32.866668701171875,33.33333206176758,32.5,32.74333190917969,29.05088233947754,1811100
2001-07-25,32.33333206176758,32.71666717529297,32.0,32.61333465576172,28.9355411529541,1645200
2001-07-26,32.43333435058594,33.163333892822266,32.369998931884766,33.13666534423828,29.399852752685547,1610100
2001-07-27,33.06666564941406,33.39666748046875,32.73666763305664,33.1966667175293,29.45309829711914,1509000
2001-07-30,33.21666717529297,34.633331298828125,33.08333206176758,33.706668853759766,29.90558433532715,2090700
2001-07-31,33.709999084472656,34.06666564941406,33.33333206176758,33.436668395996094,29.666027069091797,3835500
2001-08-01,29.399999618530273,29.96666717529297,28.82666778564453,28.883333206176758,25.626174926757812,17213100
2001-08-02,28.883333206176758,29.5,28.833332061767578,29.43666648864746,26.117097854614258,7308300
2001-08-03,29.43666648864746,29.583332061767578,29.43666648864746,29.53333282470703,26.20287322998047,3955200
2001-08-06,29.5,29.979999542236328,29.5,29.836666107177734,26.47199821472168,2898900
2001-08-07,29.84000015258789,30.149999618530273,29.780000686645508,29.963333129882812,26.58438491821289,3072900
2001-08-08,29.850000381469727,30.09666633605957,29.799999237060547,29.920000076293945,26.545942306518555,2286600
2001-08-09,29.866666793823242,30.030000686645508,29.42333221435547,29.71666717529297,26.36553192138672,2529600
2001-08-10,29.71666717529297,30.25,29.60333251953125,29.950000762939453,26.572551727294922,1908000
2001-08-13,30.166667938232422,30.293333053588867,29.5,29.5,26.173294067382812,1953300
2001-08-14,29.433332443237305,29.983333587646484,29.433332443237305,29.893333435058594,26.522279739379883,1625100
2001-08-15,29.893333435058594,30.28333282470703,29.833332061767578,30.03333282470703,26.646484375,1624200
2001-08-16,30.0,30.229999542236328,29.90333366394043,30.17333221435547,26.77069664001465,1558200
2001-08-17,30.09000015258789,30.133333206176758,29.96666717529297,30.05666732788086,26.667190551757812,1230900
2001-08-20,30.0,30.126667022705078,29.983333587646484,30.016666412353516,26.631689071655273,1029000
2001-08-21,30.0,30.426666259765625,30.0,30.003332138061523,26.619874954223633,1446300
2001-08-22,30.003332138061523,30.5,29.850000381469727,30.386667251586914,26.959978103637695,1346700
2001-08-23,30.233333587646484,30.616666793823242,30.066667556762695,30.536666870117188,27.093055725097656,1672500
2001-08-24,30.536666870117188,30.536666870117188,29.916667938232422,30.023332595825195,26.637609481811523,1962000
2001-08-27,29.866666793823242,30.366666793823242,29.773332595825195,30.15333366394043,26.752952575683594,1643100
2001-08-28,30.233333587646484,30.450000762939453,30.170000076293945,30.333332061767578,26.91265106201172,1722600
2001-08-29,30.433332443237305,30.78333282470703,30.360000610351562,30.479999542236328,27.04278564453125,1886400
2001-08-30,30.450000762939453,30.616666793823242,30.233333587646484,30.333332061767578,26.91265106201172,1684500
2001-08-31,30.399999618530273,30.49333381652832,30.0,30.0,26.616914749145508,1671900
2001-09-04,30.03333282470703,30.613332748413086,30.0,30.399999618530273,26.9718017578125,1932900
2001-09-05,30.399999618530273,30.503332138061523,29.816667556762695,30.23666763305664,26.82689094543457,1676100
2001-09-06,30.21666717529297,30.333332061767578,29.833332061767578,29.950000762939453,26.572551727294922,1552200
2001-09-07,29.666667938232422,29.666667938232422,28.666667938232422,28.850000381469727,25.59659767150879,3046200
2001-09-10,28.746667861938477,29.799999237060547,28.733333587646484,29.59000015258789,26.350568771362305,2173500
2001-09-17,29.0,29.003332138061523,28.116666793823242,28.503332138061523,25.382871627807617,4147500
2001-09-18,28.5,29.03333282470703,28.433332443237305,28.8799991607666,25.71830177307129,2670900
2001-09-19,28.916667938232422,28.96666717529297,28.17333221435547,28.416667938232422,25.305692672729492,4032900
2001-09-20,27.916667938232422,28.023332595825195,27.299999237060547,27.450000762939453,24.444854736328125,3443100
2001-09-21,26.976667404174805,27.133333206176758,26.253332138061523,26.633333206176758,23.717594146728516,4472400
2001-09-24,26.649999618530273,26.78333282470703,25.733333587646484,26.010000228881836,23.162504196166992,4546200
2001-09-25,25.983333587646484,25.983333587646484,25.166667938232422,25.860000610351562,23.02892303466797,6541200
2001-09-26,25.866666793823242,26.733333587646484,25.803333282470703,26.663333892822266,23.74431037902832,5119200
2001-09-27,26.746667861938477,26.766666412353516,26.5,26.71666717529297,23.79180335998535,4836900
2001-09-28,27.0,27.666667938232422,26.803333282470703,27.649999618530273,24.622961044311523,3615300
2001-10-01,27.833332061767578,28.0,27.166667938232422,27.639999389648438,24.614051818847656,3025800
2001-10-02,27.633333206176758,27.733333587646484,27.5,27.71666717529297,24.68232536315918,2127900
2001-10-03,27.71666717529297,28.583332061767578,27.600000381469727,28.233333587646484,25.142431259155273,2853600
2001-10-04,28.399999618530273,28.46666717529297,28.0,28.25,25.157268524169922,1430400
2001-10-05,28.416667938232422,28.5,27.476667404174805,28.266666412353516,25.172109603881836,2116800
2001-10-08,28.270000457763672,28.270000457763672,27.333332061767578,27.46666717529297,24.45969581604004,1992000
2001-10-09,27.333332061767578,28.133333206176758,27.290000915527344,28.03333282470703,24.96432876586914,2048100
2001-10-10,28.299999237060547,28.46666717529297,27.913333892822266,28.316667556762695,25.216642379760742,1432800
2001-10-11,28.343332290649414,28.64666748046875,28.03333282470703,28.03333282470703,24.96432876586914,1784700
2001-10-12,28.036666870117188,28.049999237060547,27.329999923706055,27.729999542236328,24.694204330444336,2136600
2001-10-15,27.666667938232422,27.99333381652832,27.43666648864746,27.843332290649414,24.795122146606445,1601100
2001-10-16,27.96666717529297,28.399999618530273,27.816667556762695,28.22333335876465,25.133525848388672,1282800
2001-10-17,28.25,28.266666412353516,27.333332061767578,27.829999923706055,24.78325843811035,2160000
2001-10-18,27.666667938232422,27.833332061767578,26.583332061767578,26.793333053588867,23.860078811645508,2656500
2001-10-19,26.616666793823242,26.799999237060547,26.266666412353516,26.68000030517578,23.75914764404297,2395800
2001-10-22,26.633333206176758,26.74333381652832,26.0,26.696666717529297,23.773998260498047,3226200
2001-10-23,26.719999313354492,26.733333587646484,26.333332061767578,26.450000762939453,23.554332733154297,1563900
2001-10-24,26.25,26.28333282470703,25.666667938232422,25.829999923706055,23.00220489501953,3611100
2001-10-25,25.799999237060547,25.996667861938477,25.333332061767578,25.766666412353516,22.94580841064453,3420300
2001-10-26,25.766666412353516,25.860000610351562,25.5,25.683332443237305,22.87159538269043,1844100
2001-10-29,25.643333435058594,25.676666259765625,24.92333221435547,25.366666793823242,22.589590072631836,2777700
2001-10-30,25.366666793823242,25.43000030517578,24.700000762939453,24.81333351135254,22.09684181213379,2061300
2001-10-31,25.0,25.0,24.0,24.299999237060547,21.63970947265625,3896100
2001-11-01,24.299999237060547,24.299999237060547,23.286666870117188,23.8700008392334,21.256784439086914,7809600
2001-11-02,25.5,27.196666717529297,25.5,26.633333206176758,23.717594146728516,10817400
2001-11-05,26.916667938232422,27.5,26.899999618530273,26.969999313354492,24.01740074157715,3627000
2001-11-06,26.98666763305664,28.24333381652832,26.98666763305664,27.829999923706055,24.78325843811035,3017100
2001-11-07,27.833332061767578,27.983333587646484,26.700000762939453,26.700000762939453,23.776966094970703,4857000
2001-11-08,26.753332138061523,27.626667022705078,26.753332138061523,27.25,24.266754150390625,2370900
2001-11-09,27.25,27.446666717529297,26.983333587646484,27.020000457763672,24.06192970275879,2519100
2001-11-12,27.10333251953125,27.700000762939453,26.670000076293945,27.30666732788086,24.317209243774414,1878600
2001-11-13,27.5,28.329999923706055,27.5,28.03333282470703,24.96432876586914,2097600
2001-11-14,28.166667938232422,28.600000381469727,27.89666748046875,27.976667404174805,24.913860321044922,2266500
2001-11-15,28.143333435058594,28.316667556762695,27.816667556762695,28.016666412353516,24.949487686157227,1785300
2001-11-16,28.399999618530273,28.78333282470703,28.21666717529297,28.616666793823242,25.483802795410156,2959500
2001-11-19,28.666667938232422,29.666667938232422,28.5,29.389999389648438,26.172470092773438,3158700
2001-11-20,29.333332061767578,29.733333587646484,28.933332443237305,29.299999237060547,26.092323303222656,2741400
2001-11-21,29.366666793823242,30.0,29.133333206176758,29.450000762939453,26.225906372070312,2229900
2001-11-23,29.450000762939453,29.916667938232422,29.450000762939453,29.746667861938477,26.490095138549805,710100
2001-11-26,30.0,30.003332138061523,29.566667556762695,30.0,26.71569061279297,3115500
2001-11-27,29.583332061767578,30.299999237060547,29.5,30.133333206176758,26.834421157836914,3123600
2001-11-28,29.833332061767578,30.299999237060547,29.833332061767578,30.09666633605957,26.801774978637695,2418000
2001-11-29,29.933332443237305,30.5,29.75,30.386667251586914,27.060028076171875,1782000
2001-11-30,30.333332061767578,30.666667938232422,30.200000762939453,30.40999984741211,27.080801010131836,2092800
2001-12-03,30.066667556762695,30.59666633605957,29.96666717529297,30.383333206176758,27.057058334350586,2739900
2001-12-04,30.399999618530273,30.583332061767578,30.010000228881836,30.5,27.160951614379883,2386200
2001-12-05,30.166667938232422,30.60333251953125,29.916667938232422,30.383333206176758,27.057058334350586,2582700
2001-12-06,30.549999237060547,31.100000381469727,30.399999618530273,30.983333587646484,27.591367721557617,1641900
2001-12-07,30.666667938232422,31.633333206176758,30.666667938232422,31.433332443237305,27.992097854614258,2188800
2001-12-10,31.0,31.233333587646484,30.600000381469727,30.600000381469727,27.2500057220459,2025600
2001-12-11,30.75,30.816667556762695,30.56333351135254,30.64666748046875,27.291563034057617,1530000
2001-12-12,30.64666748046875,30.733333587646484,30.143333435058594,30.303333282470703,26.98581886291504,1418100
2001-12-13,30.083332061767578,30.100000381469727,29.803333282470703,29.913333892822266,26.73260498046875,1817100
2001-12-14,29.933332443237305,29.933332443237305,29.639999389648438,29.799999237060547,26.63132095336914,2405700
2001-12-17,29.583332061767578,30.03333282470703,29.46666717529297,29.666667938232422,26.512168884277344,3026700
2001-12-18,29.96666717529297,30.113332748413086,29.823333740234375,30.066667556762695,26.869630813598633,2169900
2001-12-19,29.666667938232422,30.6200008392334,29.666667938232422,30.59666633605957,27.343280792236328,1946400
2001-12-20,30.59666633605957,30.75,30.133333206176758,30.75,27.480316162109375,1823100
2001-12-21,30.350000381469727,30.43000030517578,29.866666793823242,29.983333587646484,26.79515838623047,3242100
2001-12-24,29.666667938232422,30.100000381469727,29.666667938232422,30.03333282470703,26.839845657348633,545100
2001-12-26,29.950000762939453,30.366666793823242,29.950000762939453,30.21666717529297,27.003686904907227,1036800
2001-12-27,30.0,30.516666412353516,30.0,30.47333335876465,27.23305892944336,1152600
2001-12-28,30.55666732788086,31.040000915527344,30.53333282470703,30.953332901000977,27.662019729614258,1344900
2001-12-31,30.733333587646484,31.299999237060547,30.616666793823242,30.883333206176758,27.599472045898438,1200000
2002-01-02,30.833332061767578,30.833332061767578,30.066667556762695,30.703332901000977,27.43860626220703,1578900
2002-01-03,30.6200008392334,30.700000762939453,30.10333251953125,30.51333236694336,27.26880645751953,1184100
2002-01-04,30.566667556762695,30.829999923706055,30.433332443237305,30.746667861938477,27.477331161499023,1570500
2002-01-07,30.633333206176758,30.796667098999023,30.433332443237305,30.5,27.25689125061035,1362600
2002-01-08,30.383333206176758,30.416667938232422,29.833332061767578,30.333332061767578,27.107948303222656,1881300
2002-01-09,30.416667938232422,31.450000762939453,30.399999618530273,31.06999969482422,27.766277313232422,1790100
2002-01-10,30.833332061767578,31.083332061767578,30.583332061767578,30.833332061767578,27.554784774780273,1708800
2002-01-11,30.700000762939453,31.266666412353516,30.450000762939453,31.066667556762695,27.763307571411133,1528800
2002-01-14,31.066667556762695,31.523332595825195,30.933332443237305,31.163333892822266,27.84969711303711,1507200
2002-01-15,31.183332443237305,31.5,30.866666793823242,31.46666717529297,28.120769500732422,1610700
2002-01-16,31.399999618530273,31.67333221435547,31.170000076293945,31.333332061767578,28.00161361694336,1415400
2002-01-17,31.200000762939453,31.333332061767578,30.883333206176758,31.176666259765625,27.861610412597656,1253400
2002-01-18,31.049999237060547,31.316667556762695,30.766666412353516,31.043333053588867,27.742456436157227,1777200
2002-01-22,30.996667861938477,30.996667861938477,30.416667938232422,30.586666107177734,27.334341049194336,1429500
2002-01-23,30.616666793823242,30.666667938232422,30.329999923706055,30.53333282470703,27.286680221557617,2843400
2002-01-24,30.46666717529297,31.03333282470703,30.399999618530273,31.03333282470703,27.733516693115234,1786800
2002-01-25,31.03333282470703,31.260000228881836,30.766666412353516,31.133333206176758,27.8228816986084,1839900
2002-01-28,30.516666412353516,30.546667098999023,29.766666412353516,30.28333282470703,27.06325912475586,3066600
2002-01-29,30.149999618530273,30.450000762939453,29.53333282470703,29.809999465942383,26.640254974365234,1875000
2002-01-30,29.549999237060547,29.829999923706055,29.329999923706055,29.683332443237305,26.527063369750977,2959200
2002-01-31,29.666667938232422,30.666667938232422,29.65333366394043,30.666667938232422,27.405841827392578,2100900
2002-02-01,30.416667938232422,31.049999237060547,30.366666793823242,31.049999237060547,27.748409271240234,2255700
2002-02-04,31.016666412353516,31.020000457763672,30.01333236694336,30.040000915527344,26.845806121826172,1475100
2002-02-05,30.049999237060547,30.46666717529297,29.833332061767578,29.873332977294922,26.69686508178711,1678800
2002-02-06,29.89666748046875,30.03333282470703,29.76333236694336,29.856666564941406,26.681964874267578,1537200
2002-02-07,29.856666564941406,30.049999237060547,29.666667938232422,29.893333435058594,26.71473503112793,1830600
2002-02-08,30.299999237060547,30.799999237060547,29.666667938232422,30.316667556762695,27.093055725097656,3315900
2002-02-11,29.916667938232422,30.75,29.916667938232422,30.5,27.25689125061035,1702200
2002-02-12,30.683332443237305,31.06999969482422,30.25,30.399999618530273,27.167526245117188,1336500
2002-02-13,30.666667938232422,31.700000762939453,30.540000915527344,31.383333206176758,28.046302795410156,2391300
2002-02-14,31.383333206176758,31.666667938232422,31.149999618530273,31.536666870117188,28.183330535888672,1449600
2002-02-15,31.536666870117188,31.666667938232422,30.950000762939453,31.229999542236328,27.90927505493164,1540500
2002-02-19,31.233333587646484,31.566667556762695,30.633333206176758,30.71666717529297,27.45052146911621,1716600
2002-02-20,30.71666717529297,31.253332138061523,30.239999771118164,31.226667404174805,27.906291961669922,1605600
2002-02-21,30.866666793823242,31.333332061767578,30.866666793823242,31.016666412353516,27.718616485595703,1574100
2002-02-22,30.96666717529297,30.996667861938477,30.633333206176758,30.766666412353516,27.49520492553711,1341300
2002-02-25,30.566667556762695,30.96666717529297,30.566667556762695,30.833332061767578,27.554784774780273,1565700
2002-02-26,30.883333206176758,31.549999237060547,30.866666793823242,31.260000228881836,27.936077117919922,2250900
2002-02-27,31.333332061767578,31.823333740234375,31.0,31.293333053588867,27.965871810913086,1872900
2002-02-28,31.5,32.400001525878906,29.25,29.899999618530273,26.72068977355957,15949200
2002-03-01,30.5,31.5,30.25,31.5,28.150564193725586,7626900
2002-03-04,31.663333892822266,32.75,31.333332061767578,31.766666412353516,28.388872146606445,3923100
2002-03-05,31.766666412353516,32.68333435058594,31.670000076293945,32.150001525878906,28.73145294189453,2607000
2002-03-06,32.29999923706055,32.66666793823242,32.08333206176758,32.369998931884766,28.92804718017578,2200200
2002-03-07,32.366668701171875,32.366668701171875,31.600000381469727,32.08333206176758,28.671863555908203,1813800
2002-03-08,32.33333206176758,32.79999923706055,32.150001525878906,32.19333267211914,28.770185470581055,2267700
2002-03-11,32.133331298828125,32.356666564941406,32.04999923706055,32.25,28.91962242126465,1355400
2002-03-12,32.16666793823242,32.349998474121094,32.08333206176758,32.349998474121094,29.009294509887695,1233900
2002-03-13,32.349998474121094,32.349998474121094,31.866666793823242,32.12666702270508,28.809030532836914,2104200
2002-03-14,31.96666717529297,32.233333587646484,31.766666412353516,32.043331146240234,28.734302520751953,1652100
2002-03-15,32.043331146240234,32.10333251953125,31.916667938232422,32.0,28.695449829101562,1823100
2002-03-18,32.06666564941406,32.099998474121094,31.899999618530273,32.0966682434082,28.78212547302246,1495800
2002-03-19,32.116668701171875,32.41666793823242,32.063331604003906,32.233333587646484,28.904678344726562,2219700
2002-03-20,32.233333587646484,33.16666793823242,32.20000076293945,32.93333435058594,29.532390594482422,3828300
2002-03-21,32.78333282470703,33.33333206176758,32.73666763305664,33.133331298828125,29.71173667907715,2014800
2002-03-22,32.96666717529297,33.086666107177734,32.83333206176758,32.970001220703125,29.56528091430664,2764200
2002-03-25,32.83333206176758,33.133331298828125,32.766666412353516,32.836666107177734,29.445707321166992,1380600
2002-03-26,32.836666107177734,33.16666793823242,32.62666702270508,32.92333221435547,29.523427963256836,1466400
2002-03-27,32.83333206176758,33.43333435058594,32.8033332824707,33.27000045776367,29.83429527282715,1305900
2002-03-28,33.25,33.84000015258789,33.22999954223633,33.79666519165039,30.306570053100586,1252500
2002-04-01,33.46333312988281,34.0099983215332,33.40666580200195,34.0099983215332,30.497873306274414,1932300
2002-04-02,33.83333206176758,34.91666793823242,33.83333206176758,34.8466682434082,31.24814224243164,2505000
2002-04-03,34.790000915527344,35.279998779296875,34.5533332824707,35.04999923706055,31.43049430847168,3359100
2002-04-04,34.83333206176758,35.51333236694336,34.83333206176758,35.29999923706055,31.654653549194336,2145900
2002-04-05,35.16666793823242,35.633331298828125,35.12666702270508,35.29666519165039,31.651668548583984,2081700
2002-04-08,35.0,35.49333190917969,34.983333587646484,35.3466682434082,31.696517944335938,2149800
2002-04-09,35.32666778564453,35.43333435058594,35.06666564941406,35.09333419799805,31.46933364868164,2003400
2002-04-10,35.25,36.266666412353516,35.133331298828125,36.11333465576172,32.3840217590332,3393300
2002-04-11,36.21666717529297,36.36333465576172,35.91666793823242,36.003334045410156,32.285362243652344,1978200
2002-04-12,36.003334045410156,36.58333206176758,35.880001068115234,36.43333435058594,32.670955657958984,2532900
2002-04-15,36.33333206176758,36.366668701171875,35.4900016784668,35.62333297729492,31.944599151611328,1847100
2002-04-16,35.62666702270508,35.900001525878906,35.400001525878906,35.83000183105469,32.12994384765625,1915500
2002-04-17,35.83000183105469,36.58333206176758,35.78333282470703,36.150001525878906,32.41689682006836,2127900
2002-04-18,36.233333587646484,36.53333282470703,36.04999923706055,36.22666549682617,32.48564910888672,2288700
2002-04-19,36.22999954223633,36.44333267211914,35.93333435058594,36.04666519165039,32.324214935302734,2292300
2002-04-22,36.20000076293945,36.31666564941406,35.900001525878906,36.063331604003906,32.33915710449219,1993500
2002-04-23,36.04999923706055,36.0533332824707,35.33000183105469,35.33000183105469,31.68156623840332,1778100
2002-04-24,35.0966682434082,35.4900016784668,34.97666549682617,35.016666412353516,31.400575637817383,2686800
2002-04-25,35.016666412353516,36.06999969482422,35.016666412353516,35.776668548583984,32.08210754394531,5194500
2002-04-26,35.633331298828125,36.08000183105469,35.5,35.81999969482422,32.12096405029297,1545000
2002-04-29,35.81999969482422,36.08000183105469,35.56999969482422,35.66666793823242,31.983470916748047,1660500
2002-04-30,35.75,36.68333435058594,35.53333282470703,36.33333206176758,32.58128356933594,3678900
2002-05-01,36.53333282470703,37.0,36.043331146240234,36.94333267211914,33.1282958984375,2164200
2002-05-02,36.33333206176758,36.529998779296875,34.66666793823242,34.66666793823242,31.08673667907715,8746800
2002-05-03,34.83000183105469,35.15999984741211,33.95333480834961,34.720001220703125,31.13455581665039,3310500
2002-05-06,34.58333206176758,35.099998474121094,33.58333206176758,33.62666702270508,30.154129028320312,2514600
2002-05-07,33.58333206176758,33.866668701171875,32.91666793823242,33.09333419799805,29.675872802734375,2451600
2002-05-08,33.53333282470703,34.33000183105469,32.93333435058594,34.133331298828125,30.60846519470215,2625900
2002-05-09,34.016666412353516,35.03333282470703,34.003334045410156,34.20000076293945,30.668256759643555,1931100
2002-05-10,34.5,34.90666580200195,34.099998474121094,34.1533317565918,30.626415252685547,1477800
2002-05-13,34.15666580200195,34.62666702270508,34.116668701171875,34.380001068115234,30.829673767089844,2066400
2002-05-14,34.66666793823242,35.060001373291016,34.08333206176758,34.723331451416016,31.137548446655273,2439600
2002-05-15,34.83333206176758,35.21333312988281,34.616668701171875,34.793331146240234,31.200326919555664,1954500
2002-05-16,34.866668701171875,35.209999084472656,33.93333435058594,34.380001068115234,30.829673767089844,3132900
2002-05-17,34.66666793823242,35.099998474121094,34.643333435058594,34.8466682434082,31.24814224243164,2884200
2002-05-20,34.58333206176758,34.86333465576172,34.16666793823242,34.65999984741211,31.080745697021484,1992300
2002-05-21,34.65999984741211,34.96666717529297,33.91666793823242,33.91666793823242,30.414186477661133,2047800
2002-05-22,33.849998474121094,34.53333282470703,33.849998474121094,34.33333206176758,30.787818908691406,1404300
2002-05-23,34.54999923706055,34.79999923706055,34.503334045410156,34.71666717529297,31.131563186645508,1309500
2002-05-24,34.68333435058594,35.0,34.53333282470703,34.936668395996094,31.328853607177734,1056000
2002-05-28,34.939998626708984,35.03333282470703,34.50666809082031,35.0,31.38562774658203,1617300
2002-05-29,34.93333435058594,35.32666778564453,34.866668701171875,35.016666412353516,31.400575637817383,1405800
2002-05-30,34.96666717529297,35.650001525878906,34.93333435058594,35.310001373291016,31.66363525390625,1592700
2002-05-31,35.33333206176758,35.733333587646484,35.233333587646484,35.349998474121094,31.699499130249023,2002200
2002-06-03,35.35333251953125,35.6533317565918,35.16666793823242,35.21666717529297,31.57994842529297,2069700
2002-06-04,35.150001525878906,35.18333435058594,34.323333740234375,34.52000045776367,30.955211639404297,2819400
2002-06-05,34.45000076293945,34.75,34.3033332824707,34.616668701171875,31.041902542114258,2184900
2002-06-06,34.67333221435547,34.72999954223633,34.176666259765625,34.5,30.93728256225586,1823700
2002-06-07,34.5,34.83333206176758,34.08333206176758,34.099998474121094,30.578584671020508,3600300
2002-06-10,34.06666564941406,34.33333206176758,33.866668701171875,34.073333740234375,30.653547286987305,2355900
2002-06-11,34.599998474121094,34.766666412353516,34.21666717529297,34.35333251953125,30.905439376831055,2377500
2002-06-12,34.35333251953125,35.0,34.20000076293945,34.81999969482422,31.32528305053711,2242200
2002-06-13,34.5,34.85333251953125,34.13999938964844,34.14666748046875,30.719514846801758,1449300
2002-06-14,34.14666748046875,34.14666748046875,32.93333435058594,32.970001220703125,29.660961151123047,3936600
2002-06-17,33.20000076293945,34.116668701171875,33.18333435058594,34.04999923706055,30.632558822631836,1873500
2002-06-18,34.0,34.43333435058594,33.71333312988281,34.30666732788086,30.86347198486328,1797000
2002-06-19,34.0,34.246665954589844,33.560001373291016,33.560001373291016,30.19173812866211,1710600
2002-06-20,33.366668701171875,33.61000061035156,32.88666534423828,33.08333206176758,29.76290512084961,3173400
2002-06-21,32.91666793823242,33.33000183105469,32.5966682434082,32.78333282470703,29.493019104003906,3113100
2002-06-24,32.5,32.91666793823242,32.03333282470703,32.233333587646484,28.99822235107422,3250800
2002-06-25,32.233333587646484,32.766666412353516,32.20000076293945,32.32666778564453,29.082189559936523,3145200
2002-06-26,32.33000183105469,32.33000183105469,31.616666793823242,32.15999984741211,28.932247161865234,2733300
2002-06-27,32.233333587646484,32.83333206176758,32.06666564941406,32.65666580200195,29.37906837463379,1835700
2002-06-28,32.619998931884766,33.20000076293945,32.436668395996094,32.473331451416016,29.214128494262695,2604000
2002-07-01,32.5,32.650001525878906,31.989999771118164,32.040000915527344,28.824289321899414,2392200
2002-07-02,31.96666717529297,32.31666564941406,31.3799991607666,31.46666717529297,28.308504104614258,3026100
2002-07-03,31.433332443237305,31.959999084472656,31.433332443237305,31.786666870117188,28.59638214111328,1949400
2002-07-05,32.0,32.75,31.899999618530273,32.543331146240234,29.27710723876953,867300
2002-07-08,32.5,32.79999923706055,32.133331298828125,32.26333236694336,29.025211334228516,1572900
2002-07-09,32.21666717529297,32.5,30.946666717529297,30.96666717529297,27.858684539794922,1524300
2002-07-10,31.049999237060547,31.613332748413086,29.899999618530273,29.94333267211914,26.938060760498047,3826500
2002-07-11,29.94333267211914,30.600000381469727,29.399999618530273,29.833332061767578,26.839101791381836,4150200
2002-07-12,30.0,30.0,29.450000762939453,29.75,26.764129638671875,3766800
2002-07-15,29.75,29.75,28.03333282470703,29.433332443237305,26.479249954223633,4641900
2002-07-16,29.299999237060547,29.5,28.600000381469727,28.77666664123535,25.888490676879883,3300600
2002-07-17,28.799999237060547,29.316667556762695,28.183332443237305,28.44333267211914,25.588603973388672,3083400
2002-07-18,28.666667938232422,29.25,27.49333381652832,27.600000381469727,24.829912185668945,3359400
2002-07-19,27.600000381469727,27.913333892822266,27.25,27.386667251586914,24.637998580932617,3171300
2002-07-22,27.386667251586914,28.333332061767578,26.336666107177734,26.463333129882812,23.807327270507812,3675300
2002-07-23,26.399999618530273,26.956666946411133,25.616666793823242,25.81333351135254,23.222566604614258,3605700
2002-07-24,25.333332061767578,27.666667938232422,25.016666412353516,27.299999237060547,24.560020446777344,4249800
2002-07-25,27.5,27.983333587646484,26.47333335876465,27.093332290649414,24.374099731445312,3739800
2002-07-26,27.666667938232422,27.983333587646484,26.950000762939453,27.583332061767578,24.81492805480957,4830000
2002-07-29,27.75,28.866666793823242,27.703332901000977,28.77666664123535,25.888490676879883,2817300
2002-07-30,28.5,29.583332061767578,28.116666793823242,28.626667022705078,25.75354766845703,4965300
2002-07-31,28.626667022705078,30.0,28.516666412353516,30.0,26.989038467407227,4057500
2002-08-01,30.0,30.0,28.916667938232422,29.15999984741211,26.233348846435547,3913500
2002-08-02,28.866666793823242,28.8700008392334,27.683332443237305,27.983333587646484,25.17477798461914,6292800
2002-08-05,27.5,27.503332138061523,26.450000762939453,26.48666763305664,23.82832908630371,4718100
2002-08-06,26.700000762939453,27.233333587646484,26.299999237060547,26.549999237060547,23.885295867919922,3411900
2002-08-07,26.833332061767578,26.983333587646484,25.799999237060547,26.26333236694336,23.627408981323242,3711300
2002-08-08,26.583332061767578,27.416667938232422,26.350000381469727,27.373332977294922,24.625999450683594,3770100
2002-08-09,27.373332977294922,27.963333129882812,26.96666717529297,27.796667098999023,25.00684356689453,2545500
2002-08-12,27.666667938232422,27.866666793823242,27.166667938232422,27.64666748046875,24.871902465820312,1560900
2002-08-13,27.266666412353516,27.663333892822266,26.583332061767578,26.719999313354492,24.03823471069336,1922700
2002-08-14,26.799999237060547,27.40999984741211,26.21666717529297,27.399999618530273,24.649988174438477,2282400
2002-08-15,27.5,28.0,27.200000762939453,27.760000228881836,24.973854064941406,2243100
2002-08-16,27.799999237060547,28.18666648864746,27.573333740234375,27.850000381469727,25.054819107055664,2774700
2002-08-19,27.883333206176758,28.65999984741211,27.766666412353516,28.593332290649414,25.72355079650879,1614600
2002-08-20,28.516666412353516,28.57666778564453,28.02666664123535,28.376667022705078,25.52862548828125,1472400
2002-08-21,28.666667938232422,29.100000381469727,27.996667861938477,28.833332061767578,25.93946647644043,1944300
2002-08-22,28.833332061767578,29.71666717529297,28.600000381469727,29.583332061767578,26.61418914794922,2418000
2002-08-23,29.383333206176758,29.416667938232422,28.989999771118164,29.02666664123535,26.11339569091797,1578900
2002-08-26,29.266666412353516,29.50666618347168,28.836666107177734,29.440000534057617,26.485244750976562,1592400
2002-08-27,29.440000534057617,29.583332061767578,28.68666648864746,28.766666412353516,25.879487991333008,1968900
2002-08-28,28.766666412353516,28.833332061767578,28.23666763305664,28.420000076293945,25.567615509033203,1733700
2002-08-29,28.366666793823242,28.733333587646484,28.040000915527344,28.453332901000977,25.59760093688965,1500000
2002-08-30,28.299999237060547,28.920000076293945,28.266666412353516,28.373332977294922,25.525632858276367,861900
2002-09-03,28.299999237060547,28.299999237060547,27.540000915527344,27.549999237060547,24.784934997558594,2701800
2002-09-04,25.333332061767578,26.739999771118164,25.333332061767578,26.666667938232422,23.99026107788086,12098700
2002-09-05,26.333332061767578,26.633333206176758,25.933332443237305,26.21666717529297,23.585418701171875,5981100
2002-09-06,26.833332061767578,26.833332061767578,25.683332443237305,25.74333381652832,23.159591674804688,3576300
2002-09-09,25.733333587646484,26.24333381652832,25.566667556762695,26.15333366394043,23.528446197509766,3615900
2002-09-10,26.126667022705078,26.299999237060547,25.916667938232422,26.09000015258789,23.57060432434082,2337900
2002-09-11,26.46666717529297,26.46666717529297,26.229999542236328,26.303333282470703,23.76333999633789,1530300
2002-09-12,26.233333587646484,26.6200008392334,26.083332061767578,26.106666564941406,23.585660934448242,1961400
2002-09-13,26.03333282470703,26.5,25.899999618530273,26.209999084472656,23.679014205932617,1695600
2002-09-16,26.133333206176758,26.30666732788086,25.666667938232422,26.22333335876465,23.691055297851562,1520100
2002-09-17,26.55666732788086,26.65333366394043,25.600000381469727,25.676666259765625,23.19718360900879,2131500
2002-09-18,25.676666259765625,25.796667098999023,25.303333282470703,25.60333251953125,23.13093376159668,1533900
2002-09-19,25.450000762939453,25.5,25.066667556762695,25.10333251953125,22.679210662841797,1855200
2002-09-20,25.106666564941406,25.280000686645508,24.053333282470703,24.25666618347168,21.914310455322266,3541800
2002-09-23,24.200000762939453,24.6299991607666,24.136667251586914,24.52666664123535,22.158235549926758,2487600
2002-09-24,24.530000686645508,24.566667556762695,23.793333053588867,23.850000381469727,21.546913146972656,2869500
2002-09-25,24.0,24.09666633605957,23.53333282470703,23.733333587646484,21.441511154174805,2923200
2002-09-26,24.100000381469727,24.85333251953125,23.940000534057617,24.633333206176758,22.254600524902344,4444200
2002-09-27,24.416667938232422,24.916667938232422,23.85333251953125,23.98666763305664,21.670381546020508,2343000
2002-09-30,23.833332061767578,23.996667861938477,23.066667556762695,23.583332061767578,21.30599594116211,3002400
2002-10-01,23.833332061767578,24.57666778564453,23.549999237060547,24.496667861938477,22.13113784790039,2587500
2002-10-02,24.489999771118164,24.729999542236328,23.916667938232422,23.916667938232422,21.60713768005371,2295300
2002-10-03,24.03333282470703,24.399999618530273,23.093332290649414,23.100000381469727,20.869338989257812,2715600
2002-10-04,23.10333251953125,23.10333251953125,20.47333335876465,20.726667404174805,18.72517967224121,9686700
2002-10-07,20.799999237060547,20.90999984741211,19.266666412353516,19.329999923706055,17.46338653564453,5064600
2002-10-08,19.416667938232422,20.53333282470703,19.366666793823242,20.299999237060547,18.3397159576416,5268600
2002-10-09,19.916667938232422,19.916667938232422,19.040000915527344,19.166667938232422,17.315828323364258,5272500
2002-10-10,19.75,19.94333267211914,19.266666412353516,19.450000762939453,17.571796417236328,5252400
2002-10-11,19.666667938232422,20.636667251586914,19.666667938232422,20.549999237060547,18.56557846069336,3988800
2002-10-14,20.549999237060547,21.03333282470703,20.510000228881836,20.84666633605957,18.833595275878906,2099700
2002-10-15,21.25,21.816667556762695,21.133333206176758,21.75,19.649700164794922,3519900
2002-10-16,21.683332443237305,21.75,21.260000228881836,21.309999465942383,19.252185821533203,2607600
2002-10-17,21.866666793823242,21.89666748046875,19.933332443237305,20.1299991607666,18.186128616333008,7271400
2002-10-18,20.583332061767578,21.329999923706055,20.176666259765625,21.066667556762695,19.032352447509766,4489800
2002-10-21,20.933332443237305,21.42333221435547,20.816667556762695,21.260000228881836,19.207021713256836,3856800
2002-10-22,21.26333236694336,22.43000030517578,21.26333236694336,21.99333381652832,19.869531631469727,4445700
2002-10-23,21.933332443237305,21.96666717529297,21.25,21.68666648864746,19.59247589111328,3086400
2002-10-24,21.666667938232422,21.703332901000977,21.00666618347168,21.200000762939453,19.152812957763672,2661300
2002-10-25,14.050000190734863,14.666666984558105,11.566666603088379,12.333333015441895,11.142358779907227,110733900
2002-10-28,13.166666984558105,13.276666641235352,12.100000381469727,12.859999656677246,11.618165969848633,30358200
2002-10-29,12.800000190734863,13.079999923706055,12.173333168029785,12.229999542236328,11.049001693725586,18549300
2002-10-30,12.263333320617676,12.40999984741211,11.986666679382324,12.033332824707031,10.87132740020752,9393300
2002-10-31,12.149999618530273,12.300000190734863,11.966667175292969,12.046667098999023,10.883376121520996,9904800
2002-11-01,12.050000190734863,12.800000190734863,11.383333206176758,12.800000190734863,11.563962936401367,13934100
2002-11-04,12.883333206176758,13.303333282470703,12.550000190734863,12.956666946411133,11.705497741699219,7624500
2002-11-05,12.956666946411133,13.05666732788086,12.75333309173584,12.880000114440918,11.636234283447266,3854400
2002-11-06,13.0,13.05666732788086,12.520000457763672,12.856666564941406,11.615159034729004,5361300
2002-11-07,12.890000343322754,12.960000038146973,12.493332862854004,12.493332862854004,11.286908149719238,3351300
2002-11-08,12.493332862854004,12.640000343322754,12.029999732971191,12.09000015258789,10.92251968383789,5253600
2002-11-11,12.123332977294922,12.25,11.933333396911621,12.029999732971191,10.868313789367676,2691600
2002-11-12,11.899999618530273,12.226667404174805,11.899999618530273,12.140000343322754,10.967693328857422,3270900
2002-11-13,12.15666675567627,12.526666641235352,12.09000015258789,12.33666706085205,11.145370483398438,3372300
2002-11-14,12.399999618530273,12.66333293914795,12.393333435058594,12.463333129882812,11.259803771972656,3336900
2002-11-15,12.473333358764648,12.760000228881836,12.463333129882812,12.69333267211914,11.467592239379883,3657600
2002-11-18,12.75,12.803333282470703,12.646666526794434,12.65999984741211,11.43747615814209,2590800
2002-11-19,12.800000190734863,13.026666641235352,12.600000381469727,12.846667289733887,11.606119155883789,3329700
2002-11-20,12.850000381469727,13.286666870117188,12.733332633972168,13.283332824707031,12.000621795654297,4217100
2002-11-21,13.666666984558105,13.666666984558105,13.399999618530273,13.486666679382324,12.184319496154785,5460600
2002-11-22,13.683333396911621,14.013333320617676,13.573332786560059,13.850000381469727,12.51257038116455,3712200
2002-11-25,13.550000190734863,13.733332633972168,13.319999694824219,13.463333129882812,12.163238525390625,4697100
2002-11-26,13.5,13.733332633972168,13.466667175292969,13.506667137145996,12.202387809753418,2760300
2002-11-27,13.75,14.19333267211914,13.666666984558105,14.180000305175781,12.810699462890625,3010200
2002-11-29,14.333333015441895,14.926667213439941,14.30666732788086,14.510000228881836,13.108833312988281,2475900
2002-12-02,14.633333206176758,14.75333309173584,14.180000305175781,14.416666984558105,13.024514198303223,3755100
2002-12-03,14.380000114440918,14.550000190734863,14.283332824707031,14.386667251586914,12.997408866882324,3381000
2002-12-04,14.333333015441895,14.55666732788086,14.239999771118164,14.326666831970215,12.943205833435059,4328400
2002-12-05,14.333333015441895,14.463333129882812,14.239999771118164,14.396666526794434,13.00644302368164,2417400
2002-12-06,14.333333015441895,14.576666831970215,14.303333282470703,14.479999542236328,13.0817289352417,2456400
2002-12-09,14.44333267211914,14.510000228881836,14.25,14.263333320617676,12.885991096496582,2361000
2002-12-10,14.263333320617676,14.416666984558105,14.263333320617676,14.416666984558105,13.024514198303223,2268000
2002-12-11,14.326666831970215,14.453332901000977,14.300000190734863,14.380000114440918,13.091276168823242,1419900
2002-12-12,14.359999656677246,14.649999618530273,14.30666732788086,14.423333168029785,13.130722999572754,1453200
2002-12-13,13.916666984558105,14.199999809265137,13.766667366027832,14.010000228881836,12.754430770874023,3368400
2002-12-16,14.033332824707031,14.300000190734863,14.033332824707031,14.260000228881836,12.982029914855957,1870200
2002-12-17,14.30666732788086,14.399999618530273,14.296667098999023,14.333333015441895,13.048789978027344,2114700
2002-12-18,14.399999618530273,14.489999771118164,14.3100004196167,14.326666831970215,13.04272174835205,2347500
2002-12-19,14.300000190734863,14.506667137145996,14.216667175292969,14.216667175292969,12.942577362060547,2646600
2002-12-20,14.416666984558105,14.566666603088379,14.203332901000977,14.313332557678223,13.030584335327148,4492800
2002-12-23,14.300000190734863,14.40666675567627,14.216667175292969,14.283332824707031,13.003270149230957,2441700
2002-12-24,14.283332824707031,14.353333473205566,14.233332633972168,14.289999961853027,13.00933837890625,892200
2002-12-26,14.289999961853027,14.446666717529297,14.036666870117188,14.166666984558105,12.897061347961426,2319000
2002-12-27,14.19333267211914,14.233332633972168,14.119999885559082,14.170000076293945,12.900094032287598,2193300
2002-12-30,14.136667251586914,14.140000343322754,13.603333473205566,13.726667404174805,12.496492385864258,6372300
2002-12-31,13.699999809265137,13.826666831970215,13.646666526794434,13.706666946411133,12.478285789489746,2748000
2003-01-02,13.706666946411133,14.166666984558105,13.6899995803833,14.166666984558105,12.897061347961426,3875100
2003-01-03,13.916666984558105,14.023332595825195,13.773332595825195,13.793333053588867,12.557185173034668,5518200
2003-01-06,13.793333053588867,14.013333320617676,13.699999809265137,13.833333015441895,12.593598365783691,4910400
2003-01-07,13.833333015441895,13.94333267211914,13.699999809265137,13.766667366027832,12.532909393310547,4477200
2003-01-08,13.833333015441895,14.363332748413086,13.8100004196167,14.19333267211914,12.92133617401123,4872300
2003-01-09,14.19333267211914,14.703332901000977,14.19333267211914,14.533332824707031,13.230865478515625,3000000
2003-01-10,14.483332633972168,14.966667175292969,14.239999771118164,14.770000457763672,13.446321487426758,5000100
2003-01-13,14.773332595825195,14.983332633972168,14.710000038146973,14.869999885559082,13.537361145019531,2854500
2003-01-14,14.816666603088379,15.563332557678223,14.75,15.25,13.883306503295898,5011500
2003-01-15,15.25333309173584,15.303333282470703,15.016667366027832,15.166666984558105,13.807440757751465,2706300
2003-01-16,15.266667366027832,15.476667404174805,15.180000305175781,15.423333168029785,14.041102409362793,3065100
2003-01-17,15.300000190734863,15.553333282470703,15.233332633972168,15.40999984741211,14.02896785736084,3012600
2003-01-21,15.493332862854004,15.529999732971191,15.043333053588867,15.05666732788086,13.707300186157227,3115200
2003-01-22,15.0600004196167,15.0600004196167,14.716667175292969,14.74666690826416,13.425080299377441,2656200
2003-01-23,14.733332633972168,15.033332824707031,14.733332633972168,14.953332901000977,13.613227844238281,2603700
2003-01-24,14.949999809265137,14.960000038146973,14.489999771118164,14.5,13.200518608093262,2785800
2003-01-27,14.5,14.5,14.083333015441895,14.083333015441895,12.821191787719727,3169200
2003-01-28,14.166666984558105,14.276666641235352,13.816666603088379,13.979999542236328,12.72712230682373,3621300
2003-01-29,13.983332633972168,14.386667251586914,13.800000190734863,14.319999694824219,13.03664779663086,3548700
2003-01-30,14.319999694824219,14.476667404174805,14.283332824707031,14.323332786560059,13.03968620300293,3511200
2003-01-31,14.300000190734863,14.609999656677246,14.300000190734863,14.55666732788086,13.252107620239258,3219600
2003-02-03,14.649999618530273,14.65666675567627,14.069999694824219,14.133333206176758,12.866714477539062,3952800
2003-02-04,14.136667251586914,14.136667251586914,13.539999961853027,13.646666526794434,12.423660278320312,7458900
2003-02-05,13.65999984741211,13.846667289733887,13.573332786560059,13.576666831970215,12.359931945800781,5913900
2003-02-06,13.616666793823242,13.623332977294922,13.033332824707031,13.073332786560059,11.901710510253906,4608000
2003-02-07,13.833333015441895,14.600000381469727,13.833333015441895,14.34000015258789,13.05486011505127,13252800
2003-02-10,14.34333324432373,14.516667366027832,14.199999809265137,14.270000457763672,12.991129875183105,4706700
2003-02-11,14.273332595825195,14.80666732788086,14.273332595825195,14.380000114440918,13.091276168823242,5057700
2003-02-12,14.266667366027832,14.416666984558105,14.079999923706055,14.109999656677246,12.845470428466797,3755700
2003-02-13,14.166666984558105,14.30666732788086,13.866666793823242,14.029999732971191,12.772639274597168,2914800
2003-02-14,14.016667366027832,14.083333015441895,13.756667137145996,14.010000228881836,12.754430770874023,4036500
2003-02-18,14.066666603088379,14.670000076293945,14.066666603088379,14.486666679382324,13.18838119506836,3014100
2003-02-19,14.550000190734863,14.616666793823242,14.399999618530273,14.49666690826416,13.19748592376709,3629100
2003-02-20,14.533332824707031,14.533332824707031,14.216667175292969,14.266667366027832,12.98809814453125,4000200
2003-02-21,14.233332633972168,14.430000305175781,14.0600004196167,14.396666526794434,13.1064453125,4182300
2003-02-24,14.333333015441895,14.356666564941406,14.0,14.123332977294922,12.857608795166016,4069800
2003-02-25,14.0,14.076666831970215,13.893333435058594,14.013333320617676,12.757468223571777,3831600
2003-02-26,14.013333320617676,14.073332786560059,13.873332977294922,14.0,12.745327949523926,4202700
2003-02-27,14.033332824707031,14.140000343322754,13.859999656677246,14.066666603088379,12.806022644042969,3442200
2003-02-28,14.136667251586914,14.333333015441895,14.066666603088379,14.323332786560059,13.03968620300293,2741700
2003-03-03,14.366666793823242,14.5600004196167,14.270000457763672,14.319999694824219,13.03664779663086,2514000
2003-03-04,14.283332824707031,14.286666870117188,14.043333053588867,14.046667098999023,12.787814140319824,2250000
2003-03-05,14.083333015441895,14.213333129882812,13.9399995803833,14.149999618530273,12.881887435913086,2947500
2003-03-06,14.116666793823242,14.140000343322754,13.936667442321777,14.0,12.745327949523926,3751200
2003-03-07,13.84000015258789,14.053333282470703,13.723333358764648,14.016667366027832,12.861556053161621,3717600
2003-03-10,14.0,14.0,13.433333396911621,13.516667366027832,12.402763366699219,2923500
2003-03-11,13.516667366027832,13.653332710266113,13.286666870117188,13.326666831970215,12.228422164916992,3368400
2003-03-12,13.333333015441895,13.536666870117188,13.176667213439941,13.516667366027832,12.402763366699219,2989500
2003-03-13,13.633333206176758,13.883333206176758,13.606666564941406,13.880000114440918,12.736153602600098,3618000
2003-03-14,14.033332824707031,14.266667366027832,13.899999618530273,13.960000038146973,12.809561729431152,3661200
2003-03-17,13.933333396911621,14.533332824707031,13.856666564941406,14.473333358764648,13.280591011047363,4778100
2003-03-18,14.456666946411133,14.523332595825195,14.239999771118164,14.3100004196167,13.130716323852539,3553800
2003-03-19,14.393333435058594,14.826666831970215,14.346667289733887,14.739999771118164,13.52528190612793,3845100
2003-03-20,14.800000190734863,15.036666870117188,14.533332824707031,15.00333309173584,13.766918182373047,3482100
2003-03-21,15.166666984558105,15.463333129882812,15.020000457763672,15.426667213439941,14.155360221862793,3715200
2003-03-24,15.16333293914795,15.233332633972168,14.846667289733887,14.890000343322754,13.662920951843262,2558700
2003-03-25,14.926667213439941,15.369999885559082,14.866666793823242,15.19333267211914,13.941255569458008,2364300
2003-03-26,15.206666946411133,15.263333320617676,14.970000267028809,15.126667022705078,13.880084991455078,2346300
2003-03-27,14.9399995803833,15.293333053588867,14.920000076293945,15.183333396911621,13.932079315185547,2122200
2003-03-28,15.183333396911621,15.386667251586914,15.046667098999023,15.273332595825195,14.014665603637695,2229600
2003-03-31,14.66333293914795,15.376667022705078,14.66333293914795,15.239999771118164,13.984078407287598,4049400
2003-04-01,15.266667366027832,15.613332748413086,15.170000076293945,15.449999809265137,14.176770210266113,3813300
2003-04-02,15.59333324432373,15.829999923706055,15.5600004196167,15.716667175292969,14.42146110534668,2051400
2003-04-03,15.716667175292969,15.993332862854004,15.526666641235352,15.890000343322754,14.580510139465332,3033600
2003-04-04,15.973333358764648,16.106666564941406,15.866666793823242,16.06999969482422,14.745674133300781,3102300
2003-04-07,16.383333206176758,16.57666778564453,16.0,16.010000228881836,14.690621376037598,2192100
2003-04-08,16.01333236694336,16.06333351135254,15.720000267028809,15.796667098999023,14.494871139526367,2524500
2003-04-09,15.800000190734863,16.03333282470703,15.430000305175781,15.55666732788086,14.274650573730469,2094900
2003-04-10,15.55666732788086,15.716667175292969,15.229999542236328,15.666666984558105,14.37558364868164,3411000
2003-04-11,15.670000076293945,15.953332901000977,15.569999694824219,15.65999984741211,14.369463920593262,1435500
2003-04-14,15.65999984741211,15.846667289733887,15.603333473205566,15.833333015441895,14.528512954711914,2013300
2003-04-15,15.833333015441895,16.17333221435547,15.486666679382324,16.136667251586914,14.80685043334961,1861500
2003-04-16,16.200000762939453,16.286666870117188,15.583333015441895,15.626667022705078,14.338878631591797,3753000
2003-04-17,15.706666946411133,15.883333206176758,15.643333435058594,15.883333206176758,14.574394226074219,2492700
2003-04-21,15.916666984558105,15.970000267028809,15.633333206176758,15.686667442321777,14.39393424987793,2546400
2003-04-22,15.686667442321777,16.27666664123535,15.50333309173584,16.270000457763672,14.929194450378418,3339000
2003-04-23,16.350000381469727,16.450000762939453,15.99666690826416,16.426666259765625,15.072949409484863,2374200
2003-04-24,16.676666259765625,16.799999237060547,16.15999984741211,16.623332977294922,15.25340461730957,4273500
2003-04-25,16.600000381469727,16.666667938232422,16.266666412353516,16.28333282470703,14.941428184509277,2102400
2003-04-28,16.290000915527344,16.793333053588867,16.28333282470703,16.780000686645508,15.397164344787598,2387100
2003-04-29,16.856666564941406,16.913333892822266,16.540000915527344,16.793333053588867,15.40939998626709,3035700
2003-04-30,16.876667022705078,17.60333251953125,16.84000015258789,17.433332443237305,15.99665355682373,4336200
2003-05-01,17.43666648864746,17.983333587646484,17.06333351135254,17.883333206176758,16.409570693969727,6268200
2003-05-02,17.333332061767578,17.60333251953125,16.323333740234375,16.926666259765625,15.531744003295898,13533900
2003-05-05,16.96666717529297,17.30666732788086,16.863332748413086,17.163333892822266,15.748909950256348,4655400
2003-05-06,17.166667938232422,17.979999542236328,17.01333236694336,17.796667098999023,16.330053329467773,5770200
2003-05-07,17.796667098999023,17.90999984741211,17.626667022705078,17.68000030517578,16.222997665405273,3087300
2003-05-08,17.683332443237305,17.713333129882812,17.260000228881836,17.32666778564453,15.898788452148438,2764800
2003-05-09,17.333332061767578,17.433332443237305,17.10333251953125,17.149999618530273,15.736675262451172,3660900
2003-05-12,17.149999618530273,17.290000915527344,17.0,17.163333892822266,15.748909950256348,4331100
2003-05-13,17.163333892822266,17.446666717529297,17.100000381469727,17.299999237060547,15.874303817749023,2233800
2003-05-14,17.299999237060547,17.649999618530273,17.293333053588867,17.600000381469727,16.14958953857422,2555100
2003-05-15,17.766666412353516,17.773332595825195,17.416667938232422,17.656667709350586,16.201589584350586,2751300
2003-05-16,17.64666748046875,18.149999618530273,17.5,18.1200008392334,16.626739501953125,4251600
2003-05-19,17.96666717529297,18.049999237060547,17.666667938232422,17.666667938232422,16.21076202392578,2748600
2003-05-20,17.833332061767578,18.299999237060547,17.766666412353516,18.06333351135254,16.574739456176758,4163700
2003-05-21,18.06333351135254,18.5,18.00666618347168,18.3700008392334,16.856136322021484,4358700
2003-05-22,18.3700008392334,18.649999618530273,18.260000228881836,18.386667251586914,16.871431350708008,2900400
2003-05-23,18.323333740234375,18.383333206176758,18.10333251953125,18.233333587646484,16.73073387145996,1867500
2003-05-27,18.156667709350586,18.59000015258789,18.06999969482422,18.59000015258789,17.057998657226562,1972800
2003-05-28,18.649999618530273,18.829999923706055,18.600000381469727,18.683332443237305,17.143648147583008,2359200
2003-05-29,18.67333221435547,18.799999237060547,18.196666717529297,18.31333351135254,16.804134368896484,2688600
2003-05-30,18.366666793823242,18.700000762939453,18.336666107177734,18.700000762939453,17.158937454223633,3894300
2003-06-02,18.75,19.136667251586914,17.649999618530273,18.0,16.51662254333496,8810700
2003-06-03,17.49333381652832,17.663333892822266,16.796667098999023,17.149999618530273,15.736675262451172,9598800
2003-06-04,17.133333206176758,17.583332061767578,17.066667556762695,17.55666732788086,16.109830856323242,3992100
2003-06-05,17.209999084472656,17.55666732788086,17.209999084472656,17.333332061767578,15.904891967773438,3430200
2003-06-06,17.299999237060547,17.536666870117188,17.053333282470703,17.136667251586914,15.824867248535156,3018300
2003-06-09,17.139999389648438,17.25666618347168,16.633333206176758,16.780000686645508,15.495506286621094,4772700
2003-06-10,16.733333587646484,16.860000610351562,16.176666259765625,16.553333282470703,15.2861909866333,4777500
2003-06-11,16.450000762939453,16.553333282470703,16.280000686645508,16.536666870117188,15.270796775817871,4099200
2003-06-12,16.5,16.666667938232422,15.853333473205566,16.03333282470703,14.805991172790527,6287100
2003-06-13,15.986666679382324,16.066667556762695,15.566666603088379,15.619999885559082,14.424299240112305,4966800
2003-06-16,15.619999885559082,15.83666706085205,15.333333015441895,15.75333309173584,14.547428131103516,6259200
2003-06-17,15.833333015441895,16.213333129882812,15.716667175292969,16.213333129882812,14.972214698791504,6939600
2003-06-18,16.316667556762695,16.323333740234375,15.91333293914795,16.15999984741211,14.922964096069336,4011600
2003-06-19,16.15999984741211,16.266666412353516,16.059999465942383,16.24333381652832,14.999917984008789,6719100
2003-06-20,16.333332061767578,16.463333129882812,16.166667938232422,16.34000015258789,15.089186668395996,4413300
2003-06-23,16.200000762939453,16.25,15.75,15.803333282470703,14.59360122680664,2542500
2003-06-24,15.833333015441895,15.983332633972168,15.636667251586914,15.916666984558105,14.698260307312012,2384700
2003-06-25,15.899999618530273,16.09000015258789,15.676667213439941,15.736666679382324,14.53203296661377,2386500
2003-06-26,15.736666679382324,15.826666831970215,15.623332977294922,15.786666870117188,14.578210830688477,1572300
2003-06-27,15.869999885559082,16.003332138061523,15.649999618530273,15.720000267028809,14.516644477844238,1814400
2003-06-30,15.783332824707031,15.856666564941406,15.550000190734863,15.646666526794434,14.448927879333496,2521800
2003-07-01,15.646666526794434,15.66333293914795,15.416666984558105,15.630000114440918,14.433534622192383,2646600
2003-07-02,15.630000114440918,15.949999809265137,15.630000114440918,15.920000076293945,14.701333999633789,2586000
2003-07-03,15.920000076293945,16.066667556762695,15.546667098999023,15.616666793823242,14.421220779418945,2504400
2003-07-07,15.699999809265137,15.930000305175781,15.676667213439941,15.926667213439941,14.707489013671875,2364300
2003-07-08,15.893333435058594,16.226667404174805,15.766667366027832,16.219999313354492,14.978371620178223,2823300
2003-07-09,16.219999313354492,16.666667938232422,16.213333129882812,16.350000381469727,15.098420143127441,3903000
2003-07-10,16.100000381469727,16.143333435058594,15.350000381469727,15.539999961853027,14.350423812866211,5138400
2003-07-11,15.616666793823242,15.850000381469727,14.666666984558105,14.829999923706055,13.694771766662598,11516400
2003-07-14,13.819999694824219,14.366666793823242,13.673333168029785,13.680000305175781,12.632806777954102,24924900
2003-07-15,13.733332633972168,14.073332786560059,13.69333267211914,13.760000228881836,12.706680297851562,8054400
2003-07-16,13.783332824707031,13.883333206176758,13.373332977294922,13.383333206176758,12.358848571777344,4846200
2003-07-17,13.366666793823242,13.680000305175781,13.333333015441895,13.516667366027832,12.481975555419922,5640900
2003-07-18,13.536666870117188,13.756667137145996,13.533332824707031,13.703332901000977,12.654354095458984,3912000
2003-07-21,13.6899995803833,13.703332901000977,13.446666717529297,13.516667366027832,12.481975555419922,2201400
2003-07-22,13.583333015441895,13.65999984741211,13.399999618530273,13.633333206176758,12.589713096618652,2972700
2003-07-23,13.766667366027832,13.826666831970215,13.566666603088379,13.600000381469727,12.558929443359375,2586600
2003-07-24,13.736666679382324,13.960000038146973,13.59000015258789,13.600000381469727,12.558929443359375,4671300
2003-07-25,13.58666706085205,13.883333206176758,13.579999923706055,13.84000015258789,12.780558586120605,1532100
2003-07-28,13.859999656677246,14.016667366027832,13.773332595825195,13.883333206176758,12.820572853088379,3159900
2003-07-29,13.986666679382324,14.046667098999023,13.833333015441895,13.933333396911621,12.866745948791504,3370200
2003-07-30,14.006667137145996,15.166666984558105,14.006667137145996,15.123332977294922,13.965652465820312,20169600
2003-07-31,15.366666793823242,15.833333015441895,15.0600004196167,15.59333324432373,14.399676322937012,10229700
2003-08-01,14.850000381469727,15.396666526794434,14.850000381469727,15.183333396911621,14.021061897277832,5124900
2003-08-04,15.106666564941406,15.1899995803833,14.646666526794434,14.91333293914795,13.771727561950684,4977900
2003-08-05,14.91333293914795,15.229999542236328,14.883333206176758,14.966667175292969,13.820979118347168,4536600
2003-08-06,14.966667175292969,14.966667175292969,14.513333320617676,14.583333015441895,13.466988563537598,6945600
2003-08-07,14.583333015441895,14.816666603088379,14.539999961853027,14.760000228881836,13.630132675170898,5130300
2003-08-08,14.760000228881836,14.890000343322754,14.716667175292969,14.826666831970215,13.691696166992188,2498700
2003-08-11,14.80666732788086,15.113332748413086,14.713333129882812,14.786666870117188,13.654756546020508,2357400
2003-08-12,14.91333293914795,14.91333293914795,14.706666946411133,14.883333206176758,13.744023323059082,2451300
2003-08-13,14.916666984558105,15.043333053588867,14.766667366027832,14.829999923706055,13.694771766662598,2616000
2003-08-14,14.866666793823242,15.166666984558105,14.826666831970215,15.130000114440918,13.971809387207031,2001600
2003-08-15,15.116666793823242,15.116666793823242,14.91333293914795,14.983332633972168,13.836371421813965,1459200
2003-08-18,14.983332633972168,15.083333015441895,14.876667022705078,14.91333293914795,13.771727561950684,2180400
2003-08-19,15.0,15.016667366027832,14.859999656677246,14.986666679382324,13.839447975158691,2034000
2003-08-20,14.986666679382324,15.706666946411133,14.973333358764648,15.516667366027832,14.328877449035645,5850900
2003-08-21,15.75,16.02666664123535,15.616666793823242,15.666666984558105,14.467392921447754,4531500
2003-08-22,15.699999809265137,15.829999923706055,15.449999809265137,15.449999809265137,14.267314910888672,1865100
2003-08-25,15.476667404174805,15.550000190734863,15.316666603088379,15.363332748413086,14.18727970123291,2515200
2003-08-26,15.25,15.573332786560059,14.986666679382324,15.536666870117188,14.347345352172852,3511200
2003-08-27,15.55666732788086,16.01333236694336,15.513333320617676,15.683333396911621,14.48278522491455,5319600
2003-08-28,15.6899995803833,16.016666412353516,15.666666984558105,15.873332977294922,14.65824031829834,3957300
2003-08-29,15.873332977294922,15.979999542236328,15.846667289733887,15.893333435058594,14.676708221435547,1545600
2003-09-02,15.800000190734863,15.883333206176758,15.466667175292969,15.829999923706055,14.61822509765625,3238800
2003-09-03,15.850000381469727,16.3799991607666,15.800000190734863,16.336666107177734,15.086103439331055,4379400
2003-09-04,16.336666107177734,16.57666778564453,16.299999237060547,16.456666946411133,15.196920394897461,4866900
2003-09-05,16.350000381469727,16.48666763305664,16.303333282470703,16.350000381469727,15.098420143127441,3404100
2003-09-08,16.383333206176758,16.393333435058594,16.133333206176758,16.25,15.006077766418457,3198000
2003-09-09,16.14666748046875,16.219999313354492,15.873332977294922,16.020000457763672,14.89450740814209,3072600
2003-09-10,15.983332633972168,16.06999969482422,15.966667175292969,16.016666412353516,14.89140510559082,2144700
2003-09-11,16.03333282470703,16.03333282470703,15.893333435058594,15.893333435058594,14.776739120483398,2933100
2003-09-12,15.883333206176758,16.06333351135254,15.84000015258789,15.973333358764648,14.851119041442871,2467800
2003-09-15,15.956666946411133,16.0,15.829999923706055,15.979999542236328,14.857316970825195,1381200
2003-09-16,15.973333358764648,16.020000457763672,15.856666564941406,15.983332633972168,14.860414505004883,1359000
2003-09-17,15.983332633972168,15.983332633972168,15.803333282470703,15.933333396911621,14.813926696777344,1713300
2003-09-18,15.833333015441895,15.859999656677246,15.630000114440918,15.763333320617676,14.655869483947754,3423300
2003-09-19,15.766667366027832,15.766667366027832,15.646666526794434,15.716667175292969,14.612483024597168,3417600
2003-09-22,15.699999809265137,15.75333309173584,15.59000015258789,15.619999885559082,14.522607803344727,3183000
2003-09-23,15.643333435058594,15.729999542236328,15.58666706085205,15.653332710266113,14.553598403930664,2525100
2003-09-24,15.666666984558105,15.706666946411133,15.319999694824219,15.333333015441895,14.256083488464355,2628900
2003-09-25,15.329999923706055,15.333333015441895,14.856666564941406,14.880000114440918,13.834593772888184,4664100
2003-09-26,14.796667098999023,14.90666675567627,14.636667251586914,14.766667366027832,13.729225158691406,2925900
2003-09-29,14.800000190734863,14.903332710266113,14.713333129882812,14.800000190734863,13.76021957397461,3338700
2003-09-30,14.800000190734863,14.993332862854004,14.583333015441895,14.883333206176758,13.837695121765137,3151500
2003-10-01,14.90666675567627,14.926667213439941,14.706666946411133,14.833333015441895,13.791208267211914,4200600
2003-10-02,14.833333015441895,14.833333015441895,14.699999809265137,14.75,13.713725090026855,3021600
2003-10-03,15.033332824707031,15.536666870117188,15.023332595825195,15.319999694824219,14.243680953979492,8898900
2003-10-06,15.319999694824219,15.383333206176758,15.173333168029785,15.366666793823242,14.287068367004395,3489000
2003-10-07,15.34000015258789,15.436667442321777,15.199999809265137,15.383333206176758,14.302566528320312,4133100
2003-10-08,15.350000381469727,15.526666641235352,15.3100004196167,15.456666946411133,14.370749473571777,5597400
2003-10-09,15.5,15.6899995803833,15.49666690826416,15.596667289733887,14.500913619995117,5033400
2003-10-10,15.5600004196167,15.673333168029785,15.449999809265137,15.550000190734863,14.457523345947266,2015100
2003-10-13,15.633333206176758,15.686667442321777,15.563332557678223,15.633333206176758,14.535002708435059,2679900
2003-10-14,15.649999618530273,15.946666717529297,15.609999656677246,15.899999618530273,14.782934188842773,5115000
2003-10-15,15.899999618530273,15.899999618530273,15.603333473205566,15.699999809265137,14.596986770629883,2966700
2003-10-16,15.683333396911621,15.829999923706055,15.603333473205566,15.766667366027832,14.65896987915039,3149400
2003-10-17,15.773332595825195,15.800000190734863,15.69333267211914,15.75333309173584,14.646573066711426,2165700
2003-10-20,15.733332633972168,15.786666870117188,15.626667022705078,15.716667175292969,14.612483024597168,2259900
2003-10-21,15.716667175292969,15.886667251586914,15.696666717529297,15.789999961853027,14.6806640625,2294400
2003-10-22,15.789999961853027,15.826666831970215,15.346667289733887,15.670000076293945,14.569091796875,2354400
2003-10-23,15.670000076293945,15.829999923706055,15.623332977294922,15.763333320617676,14.655869483947754,2070900
2003-10-24,15.763333320617676,15.793333053588867,15.403332710266113,15.58666706085205,14.491615295410156,3318600
2003-10-27,15.59000015258789,15.796667098999023,15.476667404174805,15.69333267211914,14.590785026550293,4407000
2003-10-28,15.773332595825195,16.21666717529297,15.710000038146973,16.196666717529297,15.058755874633789,3658800
2003-10-29,16.166667938232422,16.639999389648438,16.10333251953125,16.639999389648438,15.470946311950684,4420800
2003-10-30,16.639999389648438,16.666667938232422,15.633333206176758,15.989999771118164,14.86661148071289,8223000
2003-10-31,17.383333206176758,19.083332061767578,17.350000381469727,19.016666412353516,17.680631637573242,25983300
2003-11-03,19.030000686645508,19.149999618530273,18.293333053588867,18.623332977294922,17.314937591552734,10749900
2003-11-04,18.623332977294922,18.700000762939453,18.55666732788086,18.633333206176758,17.324237823486328,5200500
2003-11-05,18.586666107177734,19.366666793823242,18.543333053588867,19.233333587646484,17.882083892822266,6931500
2003-11-06,19.260000228881836,19.52666664123535,19.09666633605957,19.399999618530273,18.037036895751953,3419100
2003-11-07,19.399999618530273,19.399999618530273,19.100000381469727,19.266666412353516,17.91307258605957,4702500
2003-11-10,19.149999618530273,19.149999618530273,18.799999237060547,18.836666107177734,17.513286590576172,3129900
2003-11-11,18.866666793823242,18.90333366394043,18.666667938232422,18.799999237060547,17.479196548461914,2820300
2003-11-12,18.766666412353516,18.793333053588867,18.496667861938477,18.766666412353516,17.44820785522461,3561900
2003-11-13,18.78333282470703,18.933332443237305,18.6299991607666,18.65999984741211,17.349023818969727,2733900
2003-11-14,18.666667938232422,18.996667861938477,18.593332290649414,18.676666259765625,17.36452293395996,3186900
2003-11-17,18.68000030517578,18.68000030517578,18.183332443237305,18.333332061767578,17.04530906677246,1987500
2003-11-18,18.166667938232422,18.26333236694336,17.700000762939453,17.940000534057617,16.67961883544922,5235900
2003-11-19,17.926666259765625,18.0,17.649999618530273,17.886667251586914,16.630033493041992,3498300
2003-11-20,17.75,17.89666748046875,17.670000076293945,17.833332061767578,16.580440521240234,3293400
2003-11-21,17.56999969482422,17.983333587646484,17.343332290649414,17.956666946411133,16.69511604309082,3228300
2003-11-24,17.933332443237305,18.0,17.796667098999023,17.866666793823242,16.611434936523438,2689200
2003-11-25,17.899999618530273,18.149999618530273,17.856666564941406,17.913333892822266,16.65482521057129,2955600
2003-11-26,17.933332443237305,18.100000381469727,17.75,18.03333282470703,16.766389846801758,2128800
2003-11-28,17.933332443237305,17.969999313354492,17.84000015258789,17.883333206176758,16.626930236816406,1428300
2003-12-01,17.979999542236328,18.09666633605957,17.889999389648438,18.036666870117188,16.769493103027344,1893600
2003-12-02,18.06999969482422,18.75,18.066667556762695,18.639999389648438,17.3304386138916,4642800
2003-12-03,18.616666793823242,19.073333740234375,18.43666648864746,18.549999237060547,17.246755599975586,3443400
2003-12-04,18.536666870117188,18.636667251586914,18.40999984741211,18.583332061767578,17.277748107910156,1757400
2003-12-05,18.516666412353516,18.643333435058594,18.433332443237305,18.49333381652832,17.19407081604004,1177800
2003-12-08,18.459999084472656,18.893333435058594,18.450000762939453,18.81999969482422,17.497793197631836,2222100
2003-12-09,18.709999084472656,18.78333282470703,18.483333587646484,18.57666778564453,17.373098373413086,1931700
2003-12-10,18.57666778564453,18.600000381469727,18.149999618530273,18.24333381652832,17.061351776123047,1703700
2003-12-11,18.209999084472656,18.713333129882812,18.200000762939453,18.696666717529297,17.485326766967773,1646100
2003-12-12,18.700000762939453,19.023332595825195,18.663333892822266,18.836666107177734,17.616249084472656,2168700
2003-12-15,18.969999313354492,18.969999313354492,18.5,18.52666664123535,17.326337814331055,2786100
2003-12-16,18.49333381652832,18.540000915527344,18.246667861938477,18.386667251586914,17.195402145385742,2698800
2003-12-17,18.406667709350586,18.489999771118164,18.21666717529297,18.420000076293945,17.226577758789062,1521600
2003-12-18,18.5,18.549999237060547,18.3700008392334,18.46666717529297,17.270217895507812,2400900
2003-12-19,18.516666412353516,18.516666412353516,18.366666793823242,18.373332977294922,17.18293571472168,1607400
2003-12-22,18.206666946411133,18.483333587646484,18.200000762939453,18.46666717529297,17.270217895507812,2008800
2003-12-23,18.433332443237305,18.649999618530273,18.433332443237305,18.636667251586914,17.429203033447266,2251200
2003-12-24,18.636667251586914,18.713333129882812,18.56999969482422,18.670000076293945,17.46038055419922,634500
2003-12-26,18.65999984741211,18.69333267211914,18.623332977294922,18.65333366394043,17.444791793823242,560100
2003-12-29,18.71666717529297,18.81999969482422,18.6200008392334,18.68666648864746,17.47596549987793,2895600
2003-12-30,18.75,18.996667861938477,18.706666946411133,18.996667861938477,17.765884399414062,3687300
2003-12-31,19.016666412353516,19.32666778564453,19.016666412353516,19.166667938232422,17.924869537353516,2025600
2004-01-02,19.19333267211914,19.25,19.106666564941406,19.1200008392334,17.881227493286133,1715400
2004-01-05,19.166667938232422,19.166667938232422,18.786666870117188,18.953332901000977,17.725351333618164,3405300
2004-01-06,18.940000534057617,19.18000030517578,18.883333206176758,19.116666793823242,17.87809944152832,2151900
2004-01-07,19.113332748413086,19.266666412353516,18.940000534057617,19.166667938232422,17.924869537353516,3050100
2004-01-08,19.25,19.25666618347168,19.083332061767578,19.133333206176758,17.893693923950195,3618300
2004-01-09,19.073333740234375,19.213333129882812,19.046667098999023,19.086666107177734,17.85004997253418,1559400
2004-01-12,19.113332748413086,19.30666732788086,19.06999969482422,19.14666748046875,17.906158447265625,1928700
2004-01-13,19.28333282470703,19.3700008392334,19.106666564941406,19.200000762939453,17.956045150756836,2643000
2004-01-14,19.32666778564453,19.32666778564453,18.96666717529297,19.116666793823242,17.87809944152832,4113300
2004-01-15,19.149999618530273,19.239999771118164,18.75,19.166667938232422,17.924869537353516,2558100
2004-01-16,19.166667938232422,19.46666717529297,19.15999984741211,19.46666717529297,18.205432891845703,3822900
2004-01-20,19.5,19.799999237060547,19.479999542236328,19.520000457763672,18.25531578063965,3653400
2004-01-21,19.516666412353516,19.516666412353516,19.166667938232422,19.49333381652832,18.230371475219727,3390600
2004-01-22,19.5,19.733333587646484,19.433332443237305,19.676666259765625,18.401830673217773,2723400
2004-01-23,20.066667556762695,20.39666748046875,19.953332901000977,20.183332443237305,18.87566566467285,3579300
2004-01-26,20.166667938232422,20.30666732788086,19.773332595825195,20.30666732788086,18.991008758544922,2671200
2004-01-27,20.273332595825195,20.360000610351562,19.97333335876465,20.280000686645508,18.96607208251953,2402100
2004-01-28,20.28333282470703,20.623332977294922,20.043333053588867,20.066667556762695,18.766559600830078,2900100
2004-01-29,20.06999969482422,20.5,19.963333129882812,20.303333282470703,18.98789405822754,3000600
2004-01-30,20.303333282470703,20.803333282470703,20.25,20.67333221435547,19.333921432495117,2974500
2004-02-02,20.666667938232422,21.31999969482422,20.633333206176758,21.030000686645508,19.6674747467041,4036500
2004-02-03,21.030000686645508,21.030000686645508,20.613332748413086,20.983333587646484,19.62383270263672,3303600
2004-02-04,20.799999237060547,20.996667861938477,20.666667938232422,20.899999618530273,19.5458984375,2055000
2004-02-05,20.950000762939453,21.066667556762695,20.670000076293945,20.700000762939453,19.358867645263672,2717100
2004-02-06,19.049999237060547,19.899999618530273,18.836666107177734,18.850000381469727,17.62871551513672,28281900
2004-02-09,18.649999618530273,18.983333587646484,18.233333587646484,18.28333282470703,17.098770141601562,11888100
2004-02-10,18.166667938232422,18.30666732788086,18.083332061767578,18.100000381469727,16.927310943603516,6356400
2004-02-11,18.100000381469727,18.106666564941406,17.933332443237305,18.07666778564453,16.90549087524414,5604300
2004-02-12,18.07666778564453,18.28333282470703,17.793333053588867,17.829999923706055,16.674806594848633,8118300
2004-02-13,17.829999923706055,17.883333206176758,17.633333206176758,17.683332443237305,16.537635803222656,5250600
2004-02-17,17.683332443237305,18.219999313354492,17.683332443237305,18.170000076293945,16.992774963378906,3528600
2004-02-18,18.116666793823242,18.363332748413086,17.963333129882812,18.293333053588867,17.108112335205078,4417200
2004-02-19,18.450000762939453,18.453332901000977,18.31333351135254,18.350000381469727,17.161113739013672,4337100
2004-02-20,18.316667556762695,18.39666748046875,18.166667938232422,18.363332748413086,17.173580169677734,3627300
2004-02-23,18.34000015258789,18.39666748046875,18.290000915527344,18.336666107177734,17.148643493652344,2183700
2004-02-24,18.336666107177734,18.49333381652832,18.299999237060547,18.426666259765625,17.232816696166992,3452100
2004-02-25,18.426666259765625,18.606666564941406,18.350000381469727,18.55666732788086,17.354387283325195,2682600
2004-02-26,18.559999465942383,18.600000381469727,18.299999237060547,18.32666778564453,17.139299392700195,3161400
2004-02-27,18.40333366394043,18.613332748413086,18.303333282470703,18.476667404174805,17.27957534790039,2556300
2004-03-01,18.55666732788086,18.746667861938477,18.43666648864746,18.676666259765625,17.466615676879883,2630400
2004-03-02,18.649999618530273,18.81999969482422,18.579999923706055,18.59666633605957,17.39179801940918,2651400
2004-03-03,18.566667556762695,18.959999084472656,18.5,18.893333435058594,17.669248580932617,2419500
2004-03-04,18.916667938232422,18.93666648864746,18.786666870117188,18.823333740234375,17.603784561157227,1230000
2004-03-05,18.666667938232422,18.916667938232422,18.649999618530273,18.72333335876465,17.510255813598633,2135700
2004-03-08,18.766666412353516,18.770000457763672,18.553333282470703,18.676666259765625,17.466615676879883,1497000
2004-03-09,18.593332290649414,18.706666946411133,18.450000762939453,18.639999389648438,17.432327270507812,1978500
2004-03-10,18.600000381469727,18.600000381469727,18.28333282470703,18.28333282470703,17.098770141601562,1982400
2004-03-11,18.239999771118164,18.383333206176758,18.14666748046875,18.15999984741211,17.086219787597656,3474300
2004-03-12,18.426666259765625,18.50666618347168,18.21666717529297,18.383333206176758,17.296348571777344,1931700
2004-03-15,18.433332443237305,18.583332061767578,18.333332061767578,18.453332901000977,17.362207412719727,2839800
2004-03-16,18.463333129882812,18.856666564941406,18.453332901000977,18.683332443237305,17.57861328125,5341500
2004-03-17,18.68000030517578,19.116666793823242,18.5,19.05666732788086,17.929872512817383,2789400
2004-03-18,19.0,19.229999542236328,18.950000762939453,19.18000030517578,18.04590606689453,2073000
2004-03-19,19.113332748413086,19.26333236694336,18.950000762939453,19.05666732788086,17.929872512817383,2396700
2004-03-22,19.066667556762695,19.166667938232422,18.690000534057617,18.766666412353516,17.657018661499023,1959900
2004-03-23,18.75666618347168,18.90333366394043,18.549999237060547,18.706666946411133,17.600563049316406,2691900
2004-03-24,18.733333587646484,19.139999389648438,18.5,19.02666664123535,17.901643753051758,3111600
2004-03-25,19.00666618347168,19.083332061767578,18.68666648864746,18.893333435058594,17.77619171142578,2673900
2004-03-26,18.883333206176758,19.316667556762695,18.733333587646484,19.143333435058594,18.011409759521484,1935900
2004-03-29,19.163333892822266,19.206666946411133,18.98666763305664,19.023332595825195,17.898508071899414,1826700
2004-03-30,19.0,19.489999771118164,18.98666763305664,19.406667709350586,18.259180068969727,2145300
2004-03-31,19.440000534057617,19.823333740234375,19.360000610351562,19.67333221435547,18.510068893432617,3127200
2004-04-01,19.67333221435547,19.946666717529297,19.606666564941406,19.93666648864746,18.75783348083496,3147000
2004-04-02,20.0,20.219999313354492,19.94333267211914,20.21666717529297,19.021284103393555,3197100
2004-04-05,21.916667938232422,22.996667861938477,21.916667938232422,22.516666412353516,21.185279846191406,17910000
2004-04-06,22.5,22.5,22.23666763305664,22.456666946411133,21.128833770751953,4963200
2004-04-07,22.5,23.02666664123535,22.399999618530273,23.0,21.640039443969727,5621700
2004-04-08,23.003332138061523,23.51333236694336,22.82666778564453,22.833332061767578,21.48322296142578,5232900
2004-04-12,23.0,23.163333892822266,22.893333435058594,23.053333282470703,21.690214157104492,2466300
2004-04-13,23.136667251586914,23.44333267211914,22.913333892822266,23.00666618347168,21.646310806274414,3455700
2004-04-14,22.933332443237305,23.1299991607666,22.6200008392334,22.75,21.404817581176758,4184400
2004-04-15,22.75,22.75,21.790000915527344,22.003332138061523,20.702308654785156,6183300
2004-04-16,22.003332138061523,22.003332138061523,21.636667251586914,21.739999771118164,20.454540252685547,4140600
2004-04-19,21.80666732788086,22.059999465942383,21.753332138061523,22.036666870117188,20.733661651611328,3872100
2004-04-20,22.086666107177734,22.32666778564453,22.003332138061523,22.059999465942383,20.7556209564209,3378900
2004-04-21,22.03333282470703,22.133333206176758,21.676666259765625,21.96666717529297,20.66779899597168,3502200
2004-04-22,21.969999313354492,22.416667938232422,21.883333206176758,22.333332061767578,21.012792587280273,3971100
2004-04-23,22.299999237060547,22.433332443237305,22.14666748046875,22.25,20.934383392333984,3753900
2004-04-26,22.21666717529297,22.416667938232422,21.899999618530273,21.940000534057617,20.64271354675293,2971800
2004-04-27,21.940000534057617,22.05666732788086,21.81999969482422,22.036666870117188,20.733661651611328,3354900
2004-04-28,22.68666648864746,22.68666648864746,21.459999084472656,22.016666412353516,20.71485137939453,3574200
2004-04-29,22.020000457763672,22.190000534057617,21.536666870117188,21.606666564941406,20.32909393310547,3355200
2004-04-30,21.610000610351562,21.766666412353516,20.799999237060547,21.503332138061523,20.231868743896484,6643500
2004-05-03,21.420000076293945,21.97333335876465,21.299999237060547,21.96666717529297,20.66779899597168,3853500
2004-05-04,21.96666717529297,22.073333740234375,21.690000534057617,21.946666717529297,20.648983001708984,3759600
2004-05-05,21.946666717529297,22.299999237060547,21.899999618530273,22.156667709350586,20.846567153930664,3987600
2004-05-06,22.156667709350586,22.253332138061523,21.920000076293945,22.15333366394043,20.84343147277832,4359300
2004-05-07,22.1200008392334,22.149999618530273,21.959999084472656,21.99333381652832,20.692899703979492,4294500
2004-05-10,21.833332061767578,21.856666564941406,21.200000762939453,21.323333740234375,20.062503814697266,5779200
2004-05-11,21.290000915527344,21.433332443237305,21.23666763305664,21.420000076293945,20.153457641601562,4287300
2004-05-12,21.420000076293945,21.68000030517578,21.083332061767578,21.68000030517578,20.398090362548828,3158100
2004-05-13,21.59666633605957,22.316667556762695,21.59666633605957,22.296667098999023,20.978296279907227,4692600
2004-05-14,22.166667938232422,22.479999542236328,22.0,22.316667556762695,20.99711036682129,2810700
2004-05-17,22.28333282470703,22.293333053588867,21.906667709350586,21.99333381652832,20.692899703979492,2966400
2004-05-18,21.99333381652832,22.1200008392334,21.829999923706055,21.883333206176758,20.58939552307129,3719100
2004-05-19,21.96666717529297,22.09000015258789,21.700000762939453,21.713333129882812,20.42945098876953,3264900
2004-05-20,21.68666648864746,21.829999923706055,21.536666870117188,21.709999084472656,20.426307678222656,2207100
2004-05-21,21.700000762939453,21.979999542236328,21.68000030517578,21.84666633605957,20.554899215698242,2123400
2004-05-24,21.946666717529297,22.020000457763672,21.84000015258789,21.920000076293945,20.62389373779297,2245500
2004-05-25,21.803333282470703,22.073333740234375,21.600000381469727,22.03333282470703,20.73052978515625,2433600
2004-05-26,22.0,22.246667861938477,21.99333381652832,22.200000762939453,20.887338638305664,2323500
2004-05-27,22.21666717529297,22.450000762939453,22.133333206176758,22.420000076293945,21.09433364868164,3588600
2004-05-28,22.420000076293945,22.65999984741211,22.31999969482422,22.600000381469727,21.263690948486328,2275200
2004-06-01,22.600000381469727,22.700000762939453,22.50666618347168,22.633333206176758,21.2950496673584,3775500
2004-06-02,22.606666564941406,22.816667556762695,22.46666717529297,22.706666946411133,21.364044189453125,2173200
2004-06-03,22.709999084472656,22.933332443237305,22.553333282470703,22.77666664123535,21.429908752441406,2694600
2004-06-04,22.823333740234375,23.106666564941406,22.780000686645508,22.946666717529297,21.58985710144043,1766400
2004-06-07,22.899999618530273,23.15333366394043,22.833332061767578,23.0,21.640039443969727,1994400
2004-06-08,22.916667938232422,22.96666717529297,22.786666870117188,22.953332901000977,21.596128463745117,2007600
2004-06-09,22.899999618530273,23.01333236694336,22.71666717529297,22.71666717529297,21.373455047607422,2087700
2004-06-10,22.666667938232422,22.979999542236328,22.666667938232422,22.959999084472656,21.610332489013672,1609200
2004-06-14,22.833332061767578,22.866666793823242,22.690000534057617,22.75,21.412673950195312,2101200
2004-06-15,22.816667556762695,23.15333366394043,22.816667556762695,22.983333587646484,21.632293701171875,2646900
2004-06-16,22.933332443237305,23.316667556762695,22.866666793823242,23.113332748413086,21.754648208618164,2653500
2004-06-17,23.113332748413086,23.113332748413086,22.57666778564453,22.81333351135254,21.47228240966797,3490500
2004-06-18,22.816667556762695,23.163333892822266,22.786666870117188,23.049999237060547,21.695035934448242,1815600
2004-06-21,23.0,23.0,22.329999923706055,22.416667938232422,21.098934173583984,4509000
2004-06-22,22.333332061767578,22.583332061767578,22.333332061767578,22.440000534057617,21.120895385742188,3347100
2004-06-23,22.433332443237305,22.773332595825195,22.416667938232422,22.746667861938477,21.4095401763916,1754400
2004-06-24,22.733333587646484,22.80666732788086,22.299999237060547,22.376667022705078,21.061288833618164,2444700
2004-06-25,22.209999084472656,22.39666748046875,22.06333351135254,22.39666748046875,21.080114364624023,3843900
2004-06-28,22.5,22.766666412353516,22.209999084472656,22.266666412353516,20.957754135131836,2166000
2004-06-29,22.233333587646484,22.98666763305664,22.200000762939453,22.883333206176758,21.53817367553711,3029700
2004-06-30,22.950000762939453,23.040000915527344,22.766666412353516,22.93666648864746,21.588363647460938,1726500
2004-07-01,22.8700008392334,22.920000076293945,22.57666778564453,22.739999771118164,21.40325927734375,2562900
2004-07-02,22.683332443237305,22.96666717529297,22.6200008392334,22.93666648864746,21.588363647460938,1755000
2004-07-06,22.81999969482422,22.836666107177734,22.540000915527344,22.579999923706055,21.252668380737305,2050500
2004-07-07,22.583332061767578,22.816667556762695,22.40333366394043,22.600000381469727,21.271495819091797,2471700
2004-07-08,22.53333282470703,22.586666107177734,22.166667938232422,22.196666717529297,20.891864776611328,2129100
2004-07-09,22.25,22.273332595825195,21.753332138061523,21.81999969482422,20.537338256835938,4283400
2004-07-12,21.81999969482422,22.163333892822266,21.73666763305664,22.110000610351562,20.81029510498047,3627300
2004-07-13,22.163333892822266,22.53333282470703,21.996667861938477,22.110000610351562,20.81029510498047,2512200
2004-07-14,21.94333267211914,22.28333282470703,21.90333366394043,21.953332901000977,20.6628360748291,2073000
2004-07-15,21.953332901000977,22.083332061767578,21.709999084472656,21.93666648864746,20.647151947021484,2794800
2004-07-16,21.983333587646484,22.066667556762695,21.71666717529297,21.71666717529297,20.440082550048828,1887600
2004-07-19,21.766666412353516,22.023332595825195,21.626667022705078,21.950000762939453,20.65970230102539,1846800
2004-07-20,21.950000762939453,21.963333129882812,21.549999237060547,21.71666717529297,20.440082550048828,2116200
2004-07-21,21.719999313354492,21.963333129882812,21.549999237060547,21.549999237060547,20.283206939697266,1672500
2004-07-22,21.5,21.5,21.03333282470703,21.316667556762695,20.063602447509766,2066700
2004-07-23,21.260000228881836,21.26333236694336,20.913333892822266,20.983333587646484,19.749858856201172,2195100
2004-07-26,20.98666763305664,21.03333282470703,20.809999465942383,21.020000457763672,19.784372329711914,2725200
2004-07-27,21.020000457763672,21.020000457763672,19.913333892822266,20.426666259765625,19.22591209411621,6233700
2004-07-28,20.27666664123535,20.46666717529297,19.953332901000977,20.253332138061523,19.062768936157227,3299700
2004-07-29,20.5,20.85333251953125,20.366666793823242,20.770000457763672,19.549062728881836,2853000
2004-07-30,20.766666412353516,20.773332595825195,20.496667861938477,20.670000076293945,19.454940795898438,1637700
2004-08-02,20.649999618530273,20.739999771118164,20.44333267211914,20.683332443237305,19.46749496459961,2392800
2004-08-03,20.666667938232422,21.183332443237305,20.613332748413086,20.860000610351562,19.63377571105957,3476400
2004-08-04,21.496667861938477,21.496667861938477,20.183332443237305,20.200000762939453,19.0125789642334,9767700
2004-08-05,20.25,20.760000228881836,19.99333381652832,20.043333053588867,18.865116119384766,3296700
2004-08-06,19.863332748413086,20.036666870117188,19.643333435058594,19.733333587646484,18.573339462280273,2915400
2004-08-09,19.866666793823242,20.280000686645508,19.726667404174805,20.183332443237305,18.99688148498535,2854200
2004-08-10,20.233333587646484,20.793333053588867,20.226667404174805,20.77666664123535,19.55533790588379,3131700
2004-08-11,20.733333587646484,20.950000762939453,20.46666717529297,20.899999618530273,19.671419143676758,2761800
2004-08-12,20.899999618530273,20.899999618530273,20.53333282470703,20.843332290649414,19.618087768554688,2984400
2004-08-13,20.860000610351562,20.98666763305664,20.816667556762695,20.956666946411133,19.72475814819336,2057700
2004-08-16,20.916667938232422,21.293333053588867,20.866666793823242,21.219999313354492,19.972614288330078,2621700
2004-08-17,21.219999313354492,21.406667709350586,21.17333221435547,21.25,20.000850677490234,2947200
2004-08-18,21.229999542236328,21.303333282470703,20.90333366394043,21.233333587646484,19.985164642333984,3209700
2004-08-19,21.233333587646484,21.416667938232422,21.200000762939453,21.3799991607666,20.123210906982422,1695600
2004-08-20,21.280000686645508,21.5,21.133333206176758,21.479999542236328,20.217330932617188,2080500
2004-08-23,21.463333129882812,21.579999923706055,21.25666618347168,21.366666793823242,20.11066436767578,2365800
2004-08-24,21.383333206176758,21.546667098999023,21.333332061767578,21.516666412353516,20.25183868408203,2496600
2004-08-25,21.50666618347168,21.913333892822266,21.440000534057617,21.883333206176758,20.596954345703125,2110200
2004-08-26,21.883333206176758,22.010000228881836,21.75,21.983333587646484,20.691070556640625,1743300
2004-08-27,21.96666717529297,22.19333267211914,21.889999389648438,22.100000381469727,20.80088233947754,2136300
2004-08-30,22.133333206176758,22.233333587646484,22.049999237060547,22.083332061767578,20.785198211669922,1982100
2004-08-31,22.116666793823242,22.226667404174805,22.010000228881836,22.18666648864746,20.88245391845703,2903700
2004-09-01,22.126667022705078,22.50666618347168,22.016666412353516,22.479999542236328,21.158546447753906,2494200
2004-09-02,22.479999542236328,22.933332443237305,22.343332290649414,22.856666564941406,21.5130672454834,2851500
2004-09-03,22.866666793823242,23.049999237060547,22.82666778564453,22.953332901000977,21.604053497314453,1936200
2004-09-07,23.15333366394043,23.31333351135254,22.950000762939453,23.0,21.647977828979492,4663800
2004-09-08,22.899999618530273,23.0,22.700000762939453,22.726667404174805,21.390714645385742,3489300
2004-09-09,22.746667861938477,22.8799991607666,22.57666778564453,22.623332977294922,21.301259994506836,2820000
2004-09-10,22.59000015258789,22.850000381469727,22.549999237060547,22.65999984741211,21.335784912109375,1886700
2004-09-13,22.49333381652832,22.893333435058594,22.386667251586914,22.893333435058594,21.555484771728516,2460600
2004-09-14,22.926666259765625,23.016666412353516,22.69333267211914,22.829999923706055,21.495851516723633,2659200
2004-09-15,22.953332901000977,23.030000686645508,22.76333236694336,22.996667861938477,21.652780532836914,2790900
2004-09-16,23.0,23.246667861938477,22.946666717529297,23.110000610351562,21.75949478149414,2421900
2004-09-17,23.113332748413086,23.26333236694336,22.933332443237305,23.156667709350586,21.803428649902344,3709500
2004-09-20,23.079999923706055,23.39666748046875,23.079999923706055,23.34666633605957,21.98232650756836,2606700
2004-09-21,23.39666748046875,23.46666717529297,23.190000534057617,23.376667022705078,22.010574340820312,3458400
2004-09-22,23.24333381652832,23.24333381652832,22.866666793823242,22.90999984741211,21.571178436279297,2184600
2004-09-23,22.913333892822266,22.913333892822266,22.469999313354492,22.56999969482422,21.25104522705078,3420600
2004-09-24,22.56999969482422,22.56999969482422,22.386667251586914,22.426666259765625,21.1160888671875,4143900
2004-09-27,22.5,22.746667861938477,22.469999313354492,22.53333282470703,21.216524124145508,2304600
2004-09-28,22.600000381469727,22.920000076293945,22.53333282470703,22.889999389648438,21.552345275878906,2519700
2004-09-29,22.889999389648438,23.079999923706055,22.700000762939453,23.03333282470703,21.68730354309082,1841400
2004-09-30,22.969999313354492,23.32666778564453,22.933332443237305,23.209999084472656,21.853641510009766,4004100
2004-10-01,23.213333129882812,23.53333282470703,23.15333366394043,23.53333282470703,22.158082962036133,2627700
2004-10-04,23.55666732788086,24.066667556762695,23.53333282470703,24.003332138061523,22.600616455078125,5448000
2004-10-05,24.016666412353516,24.260000228881836,23.766666412353516,23.809999465942383,22.418581008911133,2975100
2004-10-06,23.979999542236328,23.979999542236328,23.536666870117188,23.953332901000977,22.55354881286621,2444100
2004-10-07,23.916667938232422,24.209999084472656,23.376667022705078,23.43666648864746,22.06706428527832,4393200
2004-10-08,23.43666648864746,23.489999771118164,23.206666946411133,23.309999465942383,21.947803497314453,3085500
2004-10-11,23.393333435058594,23.6299991607666,23.183332443237305,23.239999771118164,21.881895065307617,2296800
2004-10-12,23.17333221435547,23.21666717529297,22.8799991607666,23.046667098999023,21.69986343383789,2999700
2004-10-13,23.166667938232422,23.206666946411133,22.809999465942383,22.946666717529297,21.605709075927734,2237100
2004-10-14,23.113332748413086,23.246667861938477,22.753332138061523,22.77666664123535,21.445640563964844,4378800
2004-10-15,22.773332595825195,22.77666664123535,21.84000015258789,22.360000610351562,21.053325653076172,6565800
2004-10-18,22.393333435058594,22.39666748046875,22.149999618530273,22.19333267211914,20.896392822265625,3025200
2004-10-19,22.100000381469727,22.100000381469727,19.333332061767578,19.90999984741211,18.746496200561523,25899600
2004-10-20,19.860000610351562,20.3799991607666,19.43000030517578,19.963333129882812,18.796710968017578,15062700
2004-10-21,19.963333129882812,20.200000762939453,19.503332138061523,19.523332595825195,18.382417678833008,7250400
2004-10-22,19.52666664123535,20.100000381469727,19.40333366394043,19.616666793823242,18.470300674438477,3329400
2004-10-25,19.583332061767578,20.18666648864746,19.543333053588867,19.93666648864746,18.771596908569336,3534000
2004-10-26,20.666667938232422,21.25,20.566667556762695,21.166667938232422,19.92972755432129,5926500
2004-10-27,21.03333282470703,21.476667404174805,20.786666870117188,21.386667251586914,20.136863708496094,3625200
2004-10-28,21.35333251953125,21.356666564941406,20.75,21.030000686645508,19.801042556762695,4988400
2004-10-29,20.979999542236328,21.260000228881836,20.93666648864746,21.15333366394043,19.91716766357422,3053700
2004-11-01,21.166667938232422,21.213333129882812,20.946666717529297,21.049999237060547,19.819873809814453,2868600
2004-11-02,21.016666412353516,21.363332748413086,20.933332443237305,21.149999618530273,19.91402816772461,2964600
2004-11-03,21.5,22.483333587646484,21.366666793823242,21.76333236694336,20.49152183532715,8859300
2004-11-04,21.666667938232422,22.163333892822266,21.666667938232422,22.1299991607666,20.836753845214844,4563900
2004-11-05,22.14666748046875,22.226667404174805,21.623332977294922,21.916667938232422,20.63589859008789,4047600
2004-11-08,21.916667938232422,22.25666618347168,21.906667709350586,22.21666717529297,20.918363571166992,2443200
2004-11-09,23.086666107177734,23.566667556762695,22.933332443237305,23.049999237060547,21.7030029296875,9682200
2004-11-10,23.046667098999023,23.329999923706055,22.89666748046875,23.18666648864746,21.831684112548828,3118800
2004-11-11,23.270000457763672,23.399999618530273,23.046667098999023,23.35333251953125,21.988601684570312,2135400
2004-11-12,23.303333282470703,23.343332290649414,22.666667938232422,23.309999465942383,21.947803497314453,4664100
2004-11-15,23.266666412353516,23.963333129882812,23.25,23.566667556762695,22.189470291137695,4749600
2004-11-16,23.42333221435547,23.600000381469727,23.09000015258789,23.170000076293945,21.81598663330078,2748000
2004-11-17,23.170000076293945,23.406667709350586,22.93666648864746,23.059999465942383,21.712413787841797,3489600
2004-11-18,23.200000762939453,23.32666778564453,22.75666618347168,22.823333740234375,21.489580154418945,3605400
2004-11-19,22.823333740234375,23.036666870117188,22.666667938232422,22.706666946411133,21.37972640991211,3313500
2004-11-22,22.626667022705078,23.133333206176758,22.303333282470703,23.040000915527344,21.69358253479004,4091700
2004-11-23,23.040000915527344,23.453332901000977,23.040000915527344,23.406667709350586,22.03882598876953,3813300
2004-11-24,23.433332443237305,23.43666648864746,23.166667938232422,23.336666107177734,21.972909927368164,1865400
2004-11-26,23.28333282470703,23.553333282470703,23.28333282470703,23.433332443237305,22.06393051147461,461100
2004-11-29,23.3799991607666,23.559999465942383,22.770000457763672,23.356666564941406,21.991744995117188,3560400
2004-11-30,23.25,23.426666259765625,23.049999237060547,23.34000015258789,21.976049423217773,3360600
2004-12-01,24.200000762939453,25.81999969482422,24.200000762939453,25.266666412353516,23.790128707885742,14924400
2004-12-02,25.299999237060547,25.399999618530273,24.753332138061523,24.956666946411133,23.498239517211914,5271900
2004-12-03,24.959999084472656,25.036666870117188,24.81333351135254,24.950000762939453,23.491966247558594,2383800
2004-12-06,24.799999237060547,25.18000030517578,24.633333206176758,25.15333366394043,23.68341636657715,3122100
2004-12-07,25.15333366394043,25.333332061767578,25.010000228881836,25.083332061767578,23.617504119873047,3775200
2004-12-08,25.133333206176758,25.733333587646484,25.116666793823242,25.71666717529297,24.213825225830078,4185000
2004-12-09,25.706666946411133,26.700000762939453,25.53333282470703,26.67333221435547,25.122732162475586,6136200
2004-12-10,27.15333366394043,27.15333366394043,26.516666412353516,27.0,25.43040657043457,5564700
2004-12-13,27.0,27.21666717529297,26.833332061767578,26.899999618530273,25.33621597290039,4450800
2004-12-14,26.899999618530273,27.049999237060547,26.773332595825195,26.899999618530273,25.33621597290039,2981100
2004-12-15,27.0,27.266666412353516,26.883333206176758,27.10333251953125,25.527734756469727,3415200
2004-12-16,27.03333282470703,27.086666107177734,26.32666778564453,26.633333206176758,25.08504867553711,5543400
2004-12-17,26.416667938232422,26.59666633605957,26.28333282470703,26.366666793823242,24.833890914916992,3969000
2004-12-20,26.5,26.799999237060547,26.5,26.666667938232422,25.116451263427734,3545700
2004-12-21,26.583332061767578,26.959999084472656,26.46666717529297,26.89666748046875,25.33308219909668,3533700
2004-12-22,26.883333206176758,26.899999618530273,26.643333435058594,26.68000030517578,25.129013061523438,3096600
2004-12-23,26.64666748046875,26.739999771118164,26.50666618347168,26.663333892822266,25.113311767578125,2079300
2004-12-27,26.666667938232422,26.773332595825195,26.553333282470703,26.683332443237305,25.132143020629883,1741800
2004-12-28,26.666667938232422,27.75666618347168,26.60333251953125,27.40333366394043,25.81029510498047,3486300
2004-12-29,27.233333587646484,27.366666793823242,27.139999389648438,27.21666717529297,25.634475708007812,1875900
2004-12-30,27.219999313354492,27.219999313354492,26.956666946411133,27.049999237060547,25.477495193481445,1664700
2004-12-31,27.049999237060547,27.31999969482422,26.793333053588867,27.190000534057617,25.609357833862305,1350000
2005-01-03,27.183332443237305,27.316667556762695,26.633333206176758,26.666667938232422,25.116451263427734,2595600
2005-01-04,26.649999618530273,26.649999618530273,26.299999237060547,26.47333335876465,24.934356689453125,4178100
2005-01-05,26.540000915527344,26.760000228881836,26.286666870117188,26.30666732788086,24.777374267578125,3882300
2005-01-06,26.25666618347168,26.35333251953125,26.036666870117188,26.31999969482422,24.789934158325195,4538700
2005-01-07,26.299999237060547,26.5,26.15333366394043,26.273332595825195,24.745981216430664,3200100
2005-01-10,26.233333587646484,26.690000534057617,26.233333587646484,26.676666259765625,25.12586212158203,3730800
2005-01-11,26.643333435058594,27.116666793823242,26.483333587646484,26.996667861938477,25.427265167236328,3846900
2005-01-12,27.229999542236328,27.52666664123535,27.123332977294922,27.5,25.90134048461914,4672200
2005-01-13,27.566667556762695,27.67333221435547,27.496667861938477,27.540000915527344,25.939016342163086,3714000
2005-01-14,27.540000915527344,27.809999465942383,27.48666763305664,27.77666664123535,26.16191864013672,3041700
2005-01-18,27.543333053588867,27.843332290649414,27.49333381652832,27.64666748046875,26.03948211669922,2911200
2005-01-19,27.649999618530273,27.65999984741211,27.28333282470703,27.31333351135254,25.725522994995117,2277600
2005-01-20,27.280000686645508,27.343332290649414,26.739999771118164,27.023332595825195,25.45238494873047,2811900
2005-01-21,26.889999389648438,27.18000030517578,26.69333267211914,26.72333335876465,25.169824600219727,1585500
2005-01-24,26.726667404174805,26.950000762939453,26.540000915527344,26.68666648864746,25.135290145874023,2053800
2005-01-25,26.690000534057617,26.93666648864746,26.530000686645508,26.60333251953125,25.056795120239258,1957200
2005-01-26,26.57666778564453,26.676666259765625,26.50666618347168,26.606666564941406,25.0599422454834,2028000
2005-01-27,26.6299991607666,27.016666412353516,26.586666107177734,26.850000381469727,25.28912353515625,2062800
2005-01-28,26.833332061767578,26.876667022705078,26.200000762939453,26.200000762939453,24.676912307739258,2776800
2005-01-31,26.366666793823242,26.78333282470703,26.366666793823242,26.75,25.194936752319336,2280000
2005-02-01,26.883333206176758,27.536666870117188,26.876667022705078,27.516666412353516,25.91703987121582,3382200
2005-02-02,27.516666412353516,27.56333351135254,27.270000457763672,27.366666793823242,25.775754928588867,2040900
2005-02-03,27.25,27.3799991607666,27.163333892822266,27.30666732788086,25.719240188598633,1887300
2005-02-04,27.350000381469727,27.790000915527344,27.266666412353516,27.726667404174805,26.11482810974121,3249600
2005-02-07,27.559999465942383,27.793333053588867,27.166667938232422,27.64666748046875,26.03948211669922,4119900
2005-02-08,27.643333435058594,27.98666763305664,27.5,27.97333335876465,26.347152709960938,2849700
2005-02-09,28.75,29.333332061767578,28.083332061767578,28.450000762939453,26.79611587524414,9861900
2005-02-10,29.100000381469727,29.246667861938477,28.610000610351562,28.989999771118164,27.304718017578125,4767900
2005-02-11,29.053333282470703,29.916667938232422,28.940000534057617,29.886667251586914,28.149255752563477,4859100
2005-02-14,29.600000381469727,29.889999389648438,29.586666107177734,29.799999237060547,28.0676326751709,5880300
2005-02-15,29.683332443237305,30.143333435058594,29.670000076293945,30.049999237060547,28.303096771240234,3840900
2005-02-16,29.899999618530273,30.079999923706055,29.85333251953125,29.899999618530273,28.161815643310547,3741600
2005-02-17,29.649999618530273,29.82666778564453,29.453332901000977,29.566667556762695,27.847867965698242,4416300
2005-02-18,29.57666778564453,30.229999542236328,29.566667556762695,29.989999771118164,28.24658966064453,3240600
2005-02-22,29.72333335876465,29.739999771118164,29.219999313354492,29.399999618530273,27.690889358520508,5035200
2005-02-23,29.366666793823242,29.873332977294922,29.34666633605957,29.836666107177734,28.102163314819336,2990700
2005-02-24,29.753332138061523,30.01333236694336,29.600000381469727,29.899999618530273,28.161815643310547,2177100
2005-02-25,29.78333282470703,30.49333381652832,29.753332138061523,30.46666717529297,28.69554901123047,2850900
2005-02-28,29.96666717529297,30.47333335876465,29.833332061767578,30.266666412353516,28.507165908813477,2934900
2005-03-01,30.116666793823242,30.803333282470703,30.116666793823242,30.593332290649414,28.814844131469727,2238900
2005-03-02,30.32666778564453,30.913333892822266,30.17333221435547,30.616666793823242,28.83681869506836,2436000
2005-03-03,30.616666793823242,30.74333381652832,29.983333587646484,29.989999771118164,28.24658966064453,3435300
2005-03-04,30.123332977294922,30.30666732788086,29.983333587646484,30.05666732788086,28.309371948242188,4232100
2005-03-07,30.05666732788086,30.06999969482422,29.75,29.916667938232422,28.177518844604492,3903600
2005-03-08,29.950000762939453,30.0,29.530000686645508,29.57666778564453,27.857290267944336,2981700
2005-03-09,29.5,29.72333335876465,29.030000686645508,29.183332443237305,27.486818313598633,3307200
2005-03-10,29.17333221435547,29.383333206176758,29.100000381469727,29.316667556762695,27.620285034179688,3095700
2005-03-11,29.350000381469727,29.446666717529297,29.03333282470703,29.066667556762695,27.384750366210938,2922000
2005-03-14,29.116666793823242,29.399999618530273,28.829999923706055,28.850000381469727,27.18062400817871,3636000
2005-03-15,28.866666793823242,29.360000610351562,28.866666793823242,28.99333381652832,27.31566047668457,4321500
2005-03-16,28.8799991607666,28.913333892822266,28.253332138061523,28.450000762939453,26.803768157958984,2933400
2005-03-17,28.549999237060547,28.82666778564453,28.19333267211914,28.633333206176758,26.976491928100586,2016000
2005-03-18,28.566667556762695,28.75,28.46666717529297,28.706666946411133,27.045583724975586,2493000
2005-03-21,28.709999084472656,28.866666793823242,28.446666717529297,28.786666870117188,27.120954513549805,2919600
2005-03-22,28.703332901000977,29.113332748413086,28.196666717529297,28.333332061767578,26.693851470947266,2964300
2005-03-23,28.75,28.950000762939453,28.333332061767578,28.709999084472656,27.048723220825195,4040700
2005-03-24,28.626667022705078,29.0,28.530000686645508,28.75,27.086410522460938,1798800
2005-03-28,28.75,29.149999618530273,28.616666793823242,28.963333129882812,27.287403106689453,2275200
2005-03-29,29.066667556762695,29.21666717529297,28.593332290649414,28.666667938232422,27.007896423339844,2310300
2005-03-30,28.833332061767578,29.463333129882812,28.540000915527344,29.463333129882812,27.758466720581055,3396900
2005-03-31,29.489999771118164,29.899999618530273,29.376667022705078,29.766666412353516,28.04424476623535,3739800
2005-04-01,29.799999237060547,30.010000228881836,29.57666778564453,29.649999618530273,27.934329986572266,3709800
2005-04-04,29.616666793823242,29.616666793823242,29.246667861938477,29.329999923706055,27.63284683227539,3819900
2005-04-05,29.290000915527344,29.809999465942383,29.270000457763672,29.71666717529297,27.99714469909668,2887500
2005-04-06,29.799999237060547,30.453332901000977,29.799999237060547,30.30666732788086,28.553003311157227,3039300
2005-04-07,30.25,30.489999771118164,30.066667556762695,30.399999618530273,28.640932083129883,1737900
2005-04-08,30.40333366394043,30.6299991607666,30.100000381469727,30.113332748413086,28.3708553314209,1936200
2005-04-11,30.113332748413086,30.28333282470703,29.969999313354492,30.110000610351562,28.367712020874023,1962900
2005-04-12,30.209999084472656,30.950000762939453,30.18000030517578,30.836666107177734,29.05232810974121,5028600
2005-04-13,30.836666107177734,30.906667709350586,30.399999618530273,30.530000686645508,28.763408660888672,2548500
2005-04-14,30.53333282470703,30.53333282470703,29.579999923706055,29.8799991607666,28.151020050048828,4028100
2005-04-15,29.8799991607666,30.520000457763672,29.706666946411133,30.010000228881836,28.273500442504883,4022700
2005-04-18,29.700000762939453,30.083332061767578,28.546667098999023,28.989999771118164,27.312517166137695,6077100
2005-04-19,29.073333740234375,29.579999923706055,29.0,29.53333282470703,27.82440948486328,2522700
2005-04-20,29.53333282470703,29.60333251953125,29.049999237060547,29.293333053588867,27.598302841186523,2819700
2005-04-21,29.46666717529297,29.719999313354492,29.149999618530273,29.700000762939453,27.981433868408203,2097900
2005-04-22,29.586666107177734,29.78333282470703,29.25666618347168,29.333332061767578,27.635986328125,1802700
2005-04-25,29.413333892822266,29.84000015258789,29.39666748046875,29.69333267211914,27.975156784057617,1857900
2005-04-26,29.700000762939453,29.770000457763672,29.166667938232422,29.166667938232422,27.478967666625977,1727400
2005-04-27,29.17333221435547,30.25666618347168,29.043333053588867,30.18000030517578,28.433664321899414,3533400
2005-04-28,30.213333129882812,30.273332595825195,29.6299991607666,29.643333435058594,27.928049087524414,1992600
2005-04-29,29.790000915527344,30.78333282470703,29.703332901000977,30.65999984741211,28.88589096069336,3894300
2005-05-02,30.666667938232422,31.15999984741211,30.46666717529297,30.729999542236328,28.95183753967285,2961600
2005-05-03,30.696666717529297,31.53333282470703,30.643333435058594,31.483333587646484,29.66158103942871,4533600
2005-05-04,32.13999938964844,33.0,31.77666664123535,32.25666809082031,30.390161514282227,7896000
2005-05-05,32.05666732788086,32.5,31.876667022705078,32.133331298828125,30.273971557617188,3090300
2005-05-06,32.21333312988281,32.619998931884766,32.16666793823242,32.4900016784668,30.60999870300293,2507400
2005-05-09,32.15666580200195,32.883331298828125,32.0,32.779998779296875,30.883220672607422,3158400
2005-05-10,32.54666519165039,32.866668701171875,32.34333419799805,32.41999816894531,30.54404640197754,2459100
2005-05-11,32.27000045776367,32.540000915527344,32.060001373291016,32.30666732788086,30.437267303466797,3316500
2005-05-12,32.38666534423828,32.436668395996094,32.14666748046875,32.206668853759766,30.343063354492188,2786400
2005-05-13,32.2400016784668,32.2400016784668,31.030000686645508,31.579999923706055,29.752653121948242,3029100
2005-05-16,31.53333282470703,31.84666633605957,31.53333282470703,31.793333053588867,29.95363998413086,3447300
2005-05-17,31.69333267211914,32.31999969482422,31.476667404174805,32.19333267211914,30.33049774169922,3137100
2005-05-18,32.44333267211914,32.689998626708984,31.963333129882812,32.16999816894531,30.308507919311523,3658200
2005-05-19,32.116668701171875,32.31999969482422,31.976667404174805,32.20000076293945,30.33677864074707,2902500
2005-05-20,32.20000076293945,32.49333190917969,32.16666793823242,32.46666717529297,30.588016510009766,2671200
2005-05-23,32.5,32.50666809082031,32.06999969482422,32.310001373291016,30.44040870666504,3511200
2005-05-24,32.15999984741211,32.383331298828125,32.150001525878906,32.33333206176758,30.462392807006836,2985300
2005-05-25,32.31666564941406,32.516666412353516,32.130001068115234,32.34000015258789,30.46867561340332,2269500
2005-05-26,32.426666259765625,32.98666763305664,32.40999984741211,32.90999984741211,31.005693435668945,2314800
2005-05-27,32.84333419799805,33.03333282470703,32.709999084472656,32.96333312988281,31.055952072143555,2002500
2005-05-31,32.959999084472656,32.97999954223633,32.41666793823242,32.41666793823242,30.54091453552246,4208400
2005-06-01,32.43333435058594,32.936668395996094,32.29999923706055,32.793331146240234,30.895774841308594,3228600
2005-06-02,32.66666793823242,32.78333282470703,32.3466682434082,32.5,30.61941909790039,2972100
2005-06-03,32.31666564941406,32.9900016784668,32.3033332824707,32.86000061035156,30.95859146118164,2722500
2005-06-06,32.77333450317383,33.52333450317383,32.5966682434082,33.400001525878906,31.46735382080078,4548900
2005-06-07,33.33333206176758,33.74333190917969,33.253334045410156,33.56999969482422,31.627513885498047,3570600
2005-06-08,33.56999969482422,33.65999984741211,33.36333465576172,33.516666412353516,31.57725715637207,2440500
2005-06-09,33.46333312988281,34.34000015258789,33.46333312988281,34.34000015258789,32.36098861694336,3896400
2005-06-10,34.279998779296875,34.599998474121094,34.21666717529297,34.393333435058594,32.411251068115234,4478700
2005-06-13,34.266666412353516,34.436668395996094,34.16999816894531,34.436668395996094,32.45208740234375,3594000
2005-06-14,34.426666259765625,35.119998931884766,34.42333221435547,35.03333282470703,33.014366149902344,5998500
2005-06-15,35.04999923706055,35.31666564941406,34.85333251953125,35.28666687011719,33.25310516357422,3090300
2005-06-16,35.16666793823242,35.516666412353516,35.119998931884766,35.41666793823242,33.3756103515625,2848500
2005-06-17,35.650001525878906,35.779998779296875,35.5,35.57666778564453,33.52638626098633,3439500
2005-06-20,35.383331298828125,35.66666793823242,35.026668548583984,35.47999954223633,33.435298919677734,2720400
2005-06-21,35.496665954589844,35.76333236694336,35.41666793823242,35.5533332824707,33.50440979003906,2128200
2005-06-22,35.83333206176758,35.93000030517578,35.45333480834961,35.6533317565918,33.5986328125,2405100
2005-06-23,35.61333465576172,35.81999969482422,35.483333587646484,35.66666793823242,33.61119842529297,2425200
2005-06-24,35.53333282470703,35.776668548583984,35.37333297729492,35.61333465576172,33.56094741821289,2477100
2005-06-27,35.573333740234375,35.573333740234375,35.15999984741211,35.25666809082031,33.224849700927734,2933100
2005-06-28,35.34000015258789,36.02000045776367,35.223331451416016,35.883331298828125,33.81538009643555,3046800
2005-06-29,35.96666717529297,36.28333282470703,35.810001373291016,36.0,33.925331115722656,1913700
2005-06-30,36.20000076293945,36.483333587646484,35.676666259765625,35.676666259765625,33.620628356933594,2415900
2005-07-01,35.65999984741211,35.746665954589844,35.3466682434082,35.59333419799805,33.54209518432617,2084400
2005-07-05,35.62666702270508,36.18000030517578,35.47666549682617,36.06666564941406,33.988162994384766,2213400
2005-07-06,36.016666412353516,36.83333206176758,35.88666534423828,36.10333251953125,34.022705078125,3707100
2005-07-07,35.70333480834961,36.349998474121094,35.66666793823242,36.209999084472656,34.12322235107422,2393100
2005-07-08,36.116668701171875,36.58000183105469,36.043331146240234,36.37333297729492,34.27714920043945,2102400
2005-07-11,36.650001525878906,36.87333297729492,36.53666687011719,36.746665954589844,34.628963470458984,3183300
2005-07-12,36.71333312988281,36.956668853759766,36.53333282470703,36.83333206176758,34.71063995361328,2686800
2005-07-13,36.866668701171875,36.97666549682617,36.253334045410156,36.34000015258789,34.24573516845703,3439200
2005-07-14,36.42333221435547,36.63666534423828,36.08333206176758,36.246665954589844,34.157772064208984,2840400
2005-07-15,36.29999923706055,36.83000183105469,36.29999923706055,36.650001525878906,34.53786849975586,2986800
2005-07-18,36.599998474121094,36.939998626708984,36.5,36.76333236694336,34.6446647644043,2106000
2005-07-19,36.8466682434082,36.900001525878906,36.15666580200195,36.3466682434082,34.252017974853516,2966700
2005-07-20,36.279998779296875,36.58333206176758,36.016666412353516,36.06666564941406,33.988162994384766,2033100
2005-07-21,35.16666793823242,35.290000915527344,34.29999923706055,34.58333206176758,32.590309143066406,6872700
2005-07-22,34.57666778564453,34.776668548583984,34.33000183105469,34.63666534423828,32.64056396484375,3441900
2005-07-25,34.723331451416016,34.956668853759766,34.633331298828125,34.676666259765625,32.67825698852539,2486700
2005-07-26,34.676666259765625,34.91999816894531,34.47999954223633,34.5966682434082,32.60287094116211,2352600
2005-07-27,34.57666778564453,34.75,34.27333450317383,34.5,32.511775970458984,2872200
2005-07-28,34.66666793823242,36.0533332824707,34.66666793823242,35.573333740234375,33.523250579833984,4067400
2005-07-29,35.52333450317383,35.82666778564453,35.37333297729492,35.58333206176758,33.53266906738281,1772700
2005-08-01,35.81666564941406,36.16666793823242,35.68000030517578,35.880001068115234,33.8122444152832,2137800
2005-08-02,36.11000061035156,36.393333435058594,35.94333267211914,36.133331298828125,34.050968170166016,3932700
2005-08-03,37.66666793823242,39.14666748046875,37.25,38.52333450317383,36.30324935913086,10286700
2005-08-04,37.83333206176758,38.099998474121094,37.58333206176758,37.790000915527344,35.61217498779297,6067500
2005-08-05,37.48666763305664,37.619998931884766,36.9900016784668,37.086666107177734,34.949371337890625,2737800
2005-08-08,37.0,37.266666412353516,36.400001525878906,36.483333587646484,34.38080596923828,2313000
2005-08-09,36.56666564941406,36.7400016784668,36.37666702270508,36.599998474121094,34.49074935913086,2884800
2005-08-10,36.766666412353516,37.65666580200195,36.709999084472656,37.503334045410156,35.34202194213867,4162200
2005-08-11,37.23666763305664,37.9466667175293,37.22666549682617,37.9033317565918,35.718971252441406,2669400
2005-08-12,37.5,38.42333221435547,37.34000015258789,37.80666732788086,35.62786865234375,3339300
2005-08-15,37.68333435058594,38.25,37.663333892822266,37.88666534423828,35.703269958496094,2292600
2005-08-16,37.766666412353516,37.90999984741211,37.380001068115234,37.543331146240234,35.37971496582031,1936200
2005-08-17,37.46666717529297,37.776668548583984,37.383331298828125,37.516666412353516,35.35459518432617,1658400
2005-08-18,37.33333206176758,37.599998474121094,37.206668853759766,37.39666748046875,35.24150466918945,1435800
2005-08-19,37.39666748046875,37.83333206176758,37.336666107177734,37.630001068115234,35.46138381958008,1576200
2005-08-22,37.633331298828125,37.9466667175293,37.586666107177734,37.71333312988281,35.5399284362793,2413500
2005-08-23,37.79666519165039,37.91666793823242,37.599998474121094,37.70000076293945,35.52735900878906,2126700
2005-08-24,37.58333206176758,37.880001068115234,37.49333190917969,37.619998931884766,35.45197296142578,1975200
2005-08-25,37.62333297729492,37.81666564941406,37.52000045776367,37.71333312988281,35.5399284362793,1428000
2005-08-26,37.68333435058594,37.9033317565918,37.54999923706055,37.599998474121094,35.4331169128418,2923200
2005-08-29,37.46666717529297,38.08333206176758,37.369998931884766,37.75666809082031,35.58076095581055,2272500
2005-08-30,37.766666412353516,38.25,37.68333435058594,38.189998626708984,35.98912048339844,2647200
2005-08-31,38.0,38.540000915527344,37.913333892822266,38.439998626708984,36.22471237182617,2550300
2005-09-01,38.439998626708984,38.706668853759766,38.276668548583984,38.47999954223633,36.26240158081055,3716400
2005-09-02,38.413333892822266,38.70000076293945,38.176666259765625,38.53333282470703,36.31265640258789,2168400
2005-09-06,38.516666412353516,38.753334045410156,38.28333282470703,38.70000076293945,36.469722747802734,2880000
2005-09-07,38.54999923706055,38.75,38.25666809082031,38.56999969482422,36.34722137451172,3962700
2005-09-08,37.66666793823242,38.413333892822266,37.663333892822266,38.163333892822266,35.97175979614258,3795600
2005-09-09,38.33000183105469,38.643333435058594,38.30666732788086,38.39666748046875,36.19169998168945,3030000
2005-09-12,38.5099983215332,38.540000915527344,38.03666687011719,38.233333587646484,36.03773880004883,2844600
2005-09-13,38.266666412353516,38.310001373291016,37.5966682434082,37.766666412353516,35.59788131713867,4005900
2005-09-14,37.900001525878906,38.34333419799805,37.849998474121094,38.20333480834961,36.00947189331055,3317700
2005-09-15,38.20000076293945,38.41666793823242,37.936668395996094,37.973331451416016,35.79265594482422,3223200
2005-09-16,37.9900016784668,38.5099983215332,37.96333312988281,38.366668701171875,36.16341781616211,2376300
2005-09-19,38.28333282470703,38.323333740234375,37.956668853759766,38.18000030517578,35.98746871948242,1994100
2005-09-20,38.206668853759766,38.25,37.48666763305664,37.54999923706055,35.39365005493164,2737800
2005-09-21,37.46666717529297,37.56666564941406,37.220001220703125,37.31666564941406,35.17372131347656,2929800
2005-09-22,37.266666412353516,37.643333435058594,37.18333435058594,37.643333435058594,35.48161697387695,4280700
2005-09-23,37.5,38.64666748046875,37.5,38.163333892822266,35.97175979614258,4272300
2005-09-26,38.336666107177734,38.41666793823242,37.83000183105469,38.18333435058594,35.9906120300293,2169600
2005-09-27,38.33000183105469,38.56666564941406,38.0099983215332,38.29999923706055,36.10057830810547,2881800
2005-09-28,38.516666412353516,38.790000915527344,38.310001373291016,38.71333312988281,36.49018096923828,3012000
2005-09-29,38.16666793823242,39.1966667175293,38.02333450317383,39.14666748046875,36.89863204956055,2929500
2005-09-30,39.16666793823242,39.413333892822266,39.06666564941406,39.28666687011719,37.030574798583984,2404200
2005-10-03,38.66666793823242,39.563331604003906,38.66666793823242,39.39666748046875,37.1342658996582,2847600
2005-10-04,39.336666107177734,39.939998626708984,39.336666107177734,39.766666412353516,37.4830207824707,3655500
2005-10-05,39.46666717529297,39.619998931884766,38.599998474121094,38.68333435058594,36.46189498901367,5130300
2005-10-06,38.766666412353516,38.793331146240234,38.16666793823242,38.58333206176758,36.36763381958008,2806800
2005-10-07,38.62333297729492,38.746665954589844,38.34000015258789,38.59000015258789,36.37392044067383,2247300
2005-10-10,38.50666809082031,38.766666412353516,38.266666412353516,38.266666412353516,36.06916046142578,2900100
2005-10-11,38.33333206176758,38.39666748046875,37.43333435058594,37.473331451416016,35.32138442993164,3814500
2005-10-12,37.473331451416016,37.49333190917969,35.90999984741211,36.28666687011719,34.20286560058594,7461000
2005-10-13,36.28666687011719,36.616668701171875,36.28666687011719,36.53333282470703,34.435367584228516,3844200
2005-10-14,36.883331298828125,37.2599983215332,36.86333465576172,37.1966667175293,35.060611724853516,3438300
2005-10-17,37.366668701171875,37.60333251953125,36.90999984741211,37.50666809082031,35.35280227661133,2180100
2005-10-18,37.663333892822266,37.92333221435547,37.34333419799805,37.43333435058594,35.28367614746094,2568000
2005-10-19,37.29999923706055,38.28333282470703,37.12666702270508,38.23666763305664,36.04088592529297,2363400
2005-10-20,38.016666412353516,38.61000061035156,37.836666107177734,37.893333435058594,35.71726608276367,2398500
2005-10-21,37.98666763305664,38.246665954589844,37.58333206176758,38.116668701171875,35.92776870727539,2340300
2005-10-24,38.400001525878906,38.54999923706055,38.09333419799805,38.5099983215332,36.29851531982422,2301000
2005-10-25,38.099998474121094,38.16666793823242,36.893333435058594,37.266666412353516,35.126590728759766,4039800
2005-10-26,37.233333587646484,37.46333312988281,36.63999938964844,36.70333480834961,34.59561538696289,3904500
2005-10-27,36.78666687011719,37.459999084472656,36.689998626708984,36.71666717529297,34.60816192626953,2688000
2005-10-28,36.866668701171875,38.37333297729492,36.866668701171875,38.310001373291016,36.11001205444336,4492200
2005-10-31,38.266666412353516,38.87333297729492,38.143333435058594,38.62333297729492,36.40534973144531,4550100
2005-11-01,38.33333206176758,39.35333251953125,38.04999923706055,39.18333435058594,36.93318557739258,5193300
2005-11-02,36.0,37.01333236694336,35.0,36.790000915527344,34.67729187011719,21611400
2005-11-03,36.880001068115234,37.52333450317383,36.47999954223633,37.28333282470703,35.14228820800781,5631600
2005-11-04,37.04999923706055,37.33333206176758,36.8466682434082,37.1966667175293,35.060611724853516,3253200
2005-11-07,37.279998779296875,37.36333465576172,36.936668395996094,37.279998779296875,35.139156341552734,3546000
2005-11-08,37.003334045410156,37.53666687011719,36.720001220703125,37.22666549682617,35.08888626098633,3634500
2005-11-09,37.25,37.25,36.16666793823242,36.650001525878906,34.545326232910156,4523700
2005-11-10,36.73666763305664,37.13999938964844,36.366668701171875,36.939998626708984,34.818687438964844,2795700
2005-11-11,37.00666809082031,37.383331298828125,36.90999984741211,37.369998931884766,35.22397994995117,2086200
2005-11-14,37.369998931884766,37.72666549682617,37.356666564941406,37.58333206176758,35.425071716308594,2347200
2005-11-15,37.65666580200195,38.33333206176758,37.65666580200195,38.15999984741211,35.96861267089844,3686400
2005-11-16,38.15999984741211,38.2400016784668,37.53666687011719,38.0,35.81779479980469,2517600
2005-11-17,38.06666564941406,38.16666793823242,37.866668701171875,38.10333251953125,35.91521072387695,1765500
2005-11-18,38.10333251953125,38.436668395996094,37.633331298828125,37.96666717529297,35.7863883972168,3441600
2005-11-21,38.21666717529297,38.21666717529297,37.643333435058594,37.970001220703125,35.789527893066406,2615400
2005-11-22,37.650001525878906,37.72666549682617,37.290000915527344,37.369998931884766,35.22397994995117,4617900
2005-11-23,37.45333480834961,38.130001068115234,37.45333480834961,37.91666793823242,35.739253997802734,2697900
2005-11-25,38.026668548583984,38.176666259765625,37.956668853759766,38.0099983215332,35.82722854614258,575700
2005-11-28,38.133331298828125,38.233333587646484,37.540000915527344,37.540000915527344,35.38423538208008,2082900
2005-11-29,37.709999084472656,38.61000061035156,37.706668853759766,38.436668395996094,36.229393005371094,2327100
2005-11-30,38.33333206176758,38.74333190917969,37.50666809082031,37.50666809082031,35.35280227661133,4279200
2005-12-01,37.79999923706055,38.459999084472656,37.77333450317383,38.459999084472656,36.25138473510742,2856300
2005-12-02,38.33333206176758,38.6533317565918,38.25,38.43000030517578,36.223121643066406,3087000
2005-12-05,38.26333236694336,38.496665954589844,38.176666259765625,38.33333206176758,36.13199234008789,2626800
2005-12-06,38.383331298828125,38.5,37.61333465576172,37.689998626708984,35.525611877441406,4693800
2005-12-07,37.53333282470703,38.063331604003906,37.369998931884766,37.66666793823242,35.50361251831055,3350700
2005-12-08,37.78333282470703,37.95333480834961,37.310001373291016,37.46333312988281,35.319766998291016,3053400
2005-12-09,37.54666519165039,37.73666763305664,37.34000015258789,37.46666717529297,35.32292175292969,2625900
2005-12-12,37.58333206176758,37.75,37.06999969482422,37.43333435058594,35.29148864746094,2419500
2005-12-13,37.53333282470703,37.55666732788086,36.866668701171875,37.06999969482422,34.948944091796875,4347600
2005-12-14,37.06999969482422,37.813331604003906,36.98666763305664,37.68000030517578,35.524044036865234,3053400
2005-12-15,37.633331298828125,37.81666564941406,37.37666702270508,37.63999938964844,35.48634338378906,2190300
2005-12-16,37.70000076293945,37.75,37.043331146240234,37.116668701171875,34.99294662475586,3864300
2005-12-19,37.150001525878906,37.150001525878906,36.03333282470703,36.52333450317383,34.43355178833008,4062600
2005-12-20,36.52333450317383,37.41999816894531,36.52333450317383,37.29666519165039,35.16264343261719,3593700
2005-12-21,37.36333465576172,37.88666534423828,37.313331604003906,37.793331146240234,35.63088607788086,2805900
2005-12-22,37.83333206176758,38.05666732788086,37.49333190917969,37.75,35.59004211425781,2296800
2005-12-23,37.79999923706055,37.856666564941406,37.323333740234375,37.68333435058594,35.527183532714844,1686000
2005-12-27,37.616668701171875,37.880001068115234,37.380001068115234,37.53666687011719,35.38890838623047,1917900
2005-12-28,37.663333892822266,37.87333297729492,37.529998779296875,37.67333221435547,35.517765045166016,1248900
2005-12-29,37.51333236694336,38.08000183105469,37.496665954589844,37.836666107177734,35.67174530029297,1558800
2005-12-30,37.516666412353516,37.706668853759766,37.073333740234375,37.233333587646484,35.10293197631836,1293900
2006-01-03,37.29666519165039,37.456668853759766,36.526668548583984,37.43333435058594,35.29148864746094,3254700
2006-01-04,37.599998474121094,38.33000183105469,37.58333206176758,38.276668548583984,36.08657455444336,3629400
2006-01-05,38.33333206176758,39.04666519165039,38.31666564941406,38.8466682434082,36.623966217041016,3278100
2006-01-06,39.03333282470703,39.12666702270508,38.72999954223633,38.996665954589844,36.76537322998047,2714100
2006-01-09,38.99333190917969,39.03666687011719,38.369998931884766,38.470001220703125,36.26884460449219,2896200
2006-01-10,38.41666793823242,38.67333221435547,38.34333419799805,38.46333312988281,36.262550354003906,1837500
2006-01-11,38.54999923706055,38.73666763305664,38.233333587646484,38.42333221435547,36.22484588623047,2508300
2006-01-12,38.233333587646484,38.5966682434082,38.16666793823242,38.38999938964844,36.19341278076172,2444700
2006-01-13,37.66666793823242,38.23666763305664,37.66666793823242,38.130001068115234,35.94829559326172,3171000
2006-01-17,38.04666519165039,38.22666549682617,37.8466682434082,38.186668395996094,36.00172805786133,2153100
2006-01-18,38.20000076293945,38.95000076293945,38.20000076293945,38.279998779296875,36.08971405029297,3408600
2006-01-19,38.41666793823242,38.456668853759766,37.66666793823242,38.186668395996094,36.00172805786133,2703000
2006-01-20,38.0,38.003334045410156,37.313331604003906,37.34000015258789,35.2034912109375,3358500
2006-01-23,37.473331451416016,37.616668701171875,36.81999969482422,36.81999969482422,34.7132453918457,2441400
2006-01-24,37.1533317565918,37.35333251953125,36.856666564941406,37.0533332824707,34.9332389831543,2774400
2006-01-25,37.31999969482422,37.526668548583984,37.02000045776367,37.25,35.11863708496094,1712100
2006-01-26,37.5,37.893333435058594,37.49333190917969,37.650001525878906,35.495758056640625,1947600
2006-01-27,38.75,39.46333312988281,38.70000076293945,39.349998474121094,37.09848403930664,5614200
2006-01-30,39.349998474121094,39.79666519165039,39.0966682434082,39.75,37.47560501098633,2973600
2006-01-31,39.58333206176758,40.599998474121094,39.48666763305664,40.53333282470703,38.214115142822266,4885800
2006-02-01,40.383331298828125,40.96666717529297,40.28333282470703,40.856666564941406,38.51894760131836,4865400
2006-02-02,40.0,40.68333435058594,39.87333297729492,40.560001373291016,38.239253997802734,3815100
2006-02-03,40.33333206176758,40.836666107177734,40.150001525878906,40.436668395996094,38.12297821044922,2702700
2006-02-06,40.25,40.25666809082031,39.58000183105469,39.75666809082031,37.48188018798828,2870700
2006-02-07,39.79999923706055,40.4900016784668,39.790000915527344,39.90999984741211,37.626441955566406,3603300
2006-02-08,39.56666564941406,40.400001525878906,39.0,40.349998474121094,38.04126739501953,4534200
2006-02-09,40.46666717529297,41.04999923706055,40.41999816894531,40.849998474121094,38.51266098022461,4012800
2006-02-10,40.91666793823242,41.36000061035156,40.70333480834961,41.209999084472656,38.8520622253418,2173500
2006-02-13,40.41666793823242,40.53333282470703,39.606666564941406,39.89666748046875,37.61388397216797,3608400
2006-02-14,39.95000076293945,40.83000183105469,39.849998474121094,40.563331604003906,38.24238967895508,3233100
2006-02-15,40.51333236694336,40.913333892822266,40.47666549682617,40.84000015258789,38.50323486328125,1877700
2006-02-16,40.18333435058594,40.52333450317383,40.03333282470703,40.52333450317383,38.204689025878906,1856700
2006-02-17,40.526668548583984,40.75,40.25666809082031,40.73666763305664,38.405818939208984,2082300
2006-02-21,40.83333206176758,40.98666763305664,40.17333221435547,40.1966667175293,37.89670944213867,1984500
2006-02-22,40.349998474121094,40.856666564941406,40.276668548583984,40.80666732788086,38.47182083129883,2221200
2006-02-23,40.69333267211914,41.36333465576172,40.5533332824707,41.31999969482422,38.95577621459961,2347200
2006-02-24,41.2400016784668,41.66666793823242,41.16666793823242,41.52333450317383,39.14746856689453,1986000
2006-02-27,40.58333206176758,41.61333465576172,40.58333206176758,41.22666549682617,38.86777114868164,3324300
2006-02-28,40.893333435058594,41.27333450317383,40.8466682434082,40.91666793823242,38.57551956176758,3467400
2006-03-01,40.849998474121094,41.029998779296875,40.686668395996094,40.95000076293945,38.606929779052734,1464000
2006-03-02,40.869998931884766,41.13666534423828,40.81999969482422,41.10333251953125,38.751502990722656,1708500
2006-03-03,40.90999984741211,41.5099983215332,40.90999984741211,41.17333221435547,38.81748962402344,2189400
2006-03-06,41.116668701171875,41.24333190917969,40.643333435058594,40.67333221435547,38.34610366821289,1796400
2006-03-07,40.66666793823242,41.31999969482422,40.66666793823242,41.16666793823242,38.811214447021484,2020800
2006-03-08,41.16666793823242,42.06999969482422,41.133331298828125,41.866668701171875,39.47115707397461,3216600
2006-03-09,41.633331298828125,42.03333282470703,41.516666412353516,41.866668701171875,39.47901916503906,2481300
2006-03-10,42.150001525878906,43.026668548583984,42.133331298828125,42.503334045410156,40.079376220703125,4535100
2006-03-13,42.41666793823242,42.59000015258789,41.91999816894531,42.143333435058594,39.739898681640625,2400000
2006-03-14,42.143333435058594,42.53333282470703,42.099998474121094,42.41999816894531,40.000789642333984,2003700
2006-03-15,42.599998474121094,43.65999984741211,42.55666732788086,43.65999984741211,41.170066833496094,4078200
2006-03-16,43.65999984741211,44.4466667175293,43.64666748046875,44.08333206176758,41.569271087646484,3627600
2006-03-17,44.279998779296875,44.34333419799805,43.893333435058594,44.176666259765625,41.65727996826172,4010400
2006-03-20,44.16666793823242,44.426666259765625,43.88666534423828,44.11000061035156,41.59441375732422,1923600
2006-03-21,44.24333190917969,44.310001373291016,43.47666549682617,43.65666580200195,41.166934967041016,2084400
2006-03-22,43.46666717529297,44.04999923706055,43.46666717529297,43.973331451416016,41.46552658081055,2583000
2006-03-23,43.83333206176758,43.85333251953125,43.40999984741211,43.70000076293945,41.207794189453125,1813500
2006-03-24,43.616668701171875,43.893333435058594,43.616668701171875,43.71333312988281,41.220367431640625,1326900
2006-03-27,43.78666687011719,44.33000183105469,43.779998779296875,44.20333480834961,41.68242263793945,1705200
2006-03-28,43.93333435058594,44.26333236694336,43.893333435058594,43.91666793823242,41.412105560302734,2033400
2006-03-29,43.91999816894531,44.436668395996094,43.84000015258789,44.189998626708984,41.66984939575195,2259300
2006-03-30,44.016666412353516,44.59000015258789,43.93333435058594,44.41999816894531,41.88673400878906,2467800
2006-03-31,44.25,44.310001373291016,43.3466682434082,43.540000915527344,41.05691909790039,3078600
2006-04-03,43.540000915527344,44.016666412353516,43.37666702270508,43.91666793823242,41.412105560302734,1956000
2006-04-04,43.96666717529297,44.20000076293945,43.81666564941406,44.05666732788086,41.54412078857422,2442600
2006-04-05,44.08333206176758,44.37666702270508,43.66666793823242,43.92333221435547,41.41839599609375,2434800
2006-04-06,43.87333297729492,43.893333435058594,42.90999984741211,43.44333267211914,40.96575927734375,2604600
2006-04-07,43.400001525878906,43.529998779296875,42.36000061035156,42.36000061035156,39.944217681884766,2315100
2006-04-10,42.15999984741211,42.349998474121094,40.973331451416016,42.176666259765625,39.77132797241211,4463700
2006-04-11,42.16999816894531,42.33000183105469,40.95000076293945,41.16666793823242,38.818939208984375,4112400
2006-04-12,41.106666564941406,41.606666564941406,40.97999954223633,41.20333480834961,38.853511810302734,3622200
2006-04-13,41.349998474121094,41.93000030517578,41.28333282470703,41.81666564941406,39.4318733215332,1659600
2006-04-17,41.77000045776367,41.78333282470703,41.03666687011719,41.400001525878906,39.03897476196289,1712400
2006-04-18,41.733333587646484,42.063331604003906,40.83333206176758,41.93333435058594,39.541873931884766,4373100
2006-04-19,41.93333435058594,42.00666809082031,41.02333450317383,41.176666259765625,38.828372955322266,3225900
2006-04-20,41.21333312988281,41.776668548583984,40.69333267211914,40.849998474121094,38.520328521728516,3480300
2006-04-21,40.926666259765625,40.926666259765625,39.939998626708984,40.029998779296875,37.747100830078125,4079700
2006-04-24,39.983333587646484,40.34333419799805,39.79999923706055,39.913333892822266,37.637088775634766,2154300
2006-04-25,39.83000183105469,39.983333587646484,39.436668395996094,39.5966682434082,37.33847427368164,2248800
2006-04-26,39.78333282470703,39.79999923706055,39.349998474121094,39.50666809082031,37.253597259521484,2959500
2006-04-27,37.58333206176758,38.5,34.90666580200195,35.526668548583984,33.5005989074707,12441000
2006-04-28,35.33333206176758,36.34000015258789,35.133331298828125,35.66666793823242,33.63260269165039,8010600
2006-05-01,35.90666580200195,36.07666778564453,34.93000030517578,35.060001373291016,33.06053924560547,6932100
2006-05-02,35.29999923706055,35.31666564941406,33.84000015258789,35.16666793823242,33.16111755371094,8437200
2006-05-03,33.33333206176758,33.33333206176758,29.963333129882812,30.0,28.289106369018555,25286400
2006-05-04,30.329999923706055,30.833332061767578,29.666667938232422,30.066667556762695,28.351966857910156,14455800
2006-05-05,30.333332061767578,30.666667938232422,30.079999923706055,30.626667022705078,28.880035400390625,7497000
2006-05-08,31.113332748413086,31.40333366394043,30.75666618347168,30.989999771118164,29.222646713256836,8675400
2006-05-09,30.96666717529297,30.96666717529297,29.363332748413086,29.57666778564453,27.88991928100586,12713700
2006-05-10,29.866666793823242,31.166667938232422,29.350000381469727,30.84000015258789,29.08119773864746,12797700
2006-05-11,30.666667938232422,31.43000030517578,30.656667709350586,31.299999237060547,29.514963150024414,9518400
2006-05-12,31.233333587646484,31.416667938232422,30.643333435058594,31.166667938232422,29.389236450195312,7450800
2006-05-15,31.133333206176758,31.299999237060547,30.739999771118164,30.850000381469727,29.09062957763672,5557200
2006-05-16,30.850000381469727,31.969999313354492,30.850000381469727,31.50666618347168,29.70984649658203,9169800
2006-05-17,31.316667556762695,31.6299991607666,30.99333381652832,31.06333351135254,29.291797637939453,6741000
2006-05-18,31.07666778564453,31.426666259765625,30.933332443237305,31.123332977294922,29.348369598388672,5028000
2006-05-19,31.18666648864746,31.463333129882812,30.84666633605957,31.083332061767578,29.310657501220703,6732600
2006-05-22,30.389999389648438,31.053333282470703,30.34666633605957,30.873332977294922,29.11263084411621,5136000
2006-05-23,30.860000610351562,31.196666717529297,30.746667861938477,30.816667556762695,29.05919647216797,4357800
2006-05-24,30.67333221435547,31.043333053588867,30.399999618530273,30.889999389648438,29.128345489501953,6055500
2006-05-25,30.963333129882812,31.23666763305664,30.889999389648438,30.933332443237305,29.169208526611328,3315000
2006-05-26,31.0,31.133333206176758,30.666667938232422,30.893333435058594,29.131492614746094,3176400
2006-05-30,30.933332443237305,31.40333366394043,30.670000076293945,30.700000762939453,28.949186325073242,4060200
2006-05-31,30.833332061767578,31.09666633605957,30.57666778564453,30.913333892822266,29.150352478027344,4046700
2006-06-01,31.059999465942383,32.5,31.059999465942383,32.400001525878906,30.55223274230957,4819800
2006-06-02,32.366668701171875,32.87333297729492,32.11000061035156,32.47999954223633,30.62767219543457,4901400
2006-06-05,32.266666412353516,32.266666412353516,31.106666564941406,31.106666564941406,29.332658767700195,5803800
2006-06-06,31.350000381469727,31.663333892822266,31.030000686645508,31.28333282470703,29.499244689941406,3513000
2006-06-07,31.28333282470703,31.85333251953125,31.139999389648438,31.59000015258789,29.788427352905273,4256100
2006-06-08,31.59000015258789,31.78333282470703,31.209999084472656,31.573333740234375,29.780574798583984,5307600
2006-06-09,31.546667098999023,31.863332748413086,31.446666717529297,31.566667556762695,29.774282455444336,3997500
2006-06-12,31.366666793823242,31.546667098999023,30.05666732788086,30.18666648864746,28.472637176513672,5831700
2006-06-13,30.5,31.46666717529297,30.226667404174805,30.309999465942383,28.588966369628906,6689100
2006-06-14,30.233333587646484,30.49333381652832,29.516666412353516,29.793333053588867,28.101634979248047,4563900
2006-06-15,29.893333435058594,30.459999084472656,29.700000762939453,30.399999618530273,28.673852920532227,3912600
2006-06-16,30.299999237060547,31.360000610351562,30.299999237060547,31.149999618530273,29.381269454956055,6603900
2006-06-19,31.233333587646484,31.6200008392334,31.083332061767578,31.266666412353516,29.491310119628906,5315700
2006-06-20,31.149999618530273,31.316667556762695,30.280000686645508,30.383333206176758,28.658140182495117,4278000
2006-06-21,30.333332061767578,30.886667251586914,30.31999969482422,30.746667861938477,29.000837326049805,2772000
2006-06-22,30.579999923706055,31.133333206176758,30.559999465942383,30.746667861938477,29.000837326049805,2508600
2006-06-23,31.0,31.726667404174805,31.0,31.383333206176758,29.60135269165039,4001100
2006-06-26,31.266666412353516,31.416667938232422,31.106666564941406,31.19333267211914,29.42214012145996,2721000
2006-06-27,31.19333267211914,31.399999618530273,30.72333335876465,30.836666107177734,29.085725784301758,2925000
2006-06-28,30.920000076293945,31.07666778564453,29.833332061767578,30.549999237060547,28.81534194946289,4823700
2006-06-29,30.983333587646484,32.17333221435547,30.963333129882812,32.086666107177734,30.26475715637207,5656500
2006-06-30,32.20000076293945,33.33333206176758,32.18333435058594,32.836666107177734,30.972166061401367,5634000
2006-07-03,33.10333251953125,33.28333282470703,32.849998474121094,33.20333480834961,31.31801414489746,1680300
2006-07-05,32.91666793823242,33.33000183105469,32.89666748046875,33.06666564941406,31.189102172851562,4280400
2006-07-06,33.06666564941406,33.5099983215332,33.06666564941406,33.3033332824707,31.41233253479004,4578000
2006-07-07,33.099998474121094,33.31999969482422,32.93333435058594,33.20000076293945,31.314870834350586,2722800
2006-07-10,33.483333587646484,33.93000030517578,33.35333251953125,33.75666809082031,31.83993911743164,2772000
2006-07-11,33.70000076293945,34.163333892822266,33.643333435058594,34.029998779296875,32.09773635864258,4817700
2006-07-12,33.97666549682617,34.26333236694336,33.66666793823242,33.86000061035156,31.937387466430664,3257100
2006-07-13,33.84333419799805,34.58333206176758,33.823333740234375,34.45333480834961,32.49703598022461,4423800
2006-07-14,34.33333206176758,34.41999816894531,33.369998931884766,33.68000030517578,31.76761245727539,3376500
2006-07-17,33.58333206176758,34.18333435058594,33.413333892822266,33.633331298828125,31.72359848022461,2347800
2006-07-18,33.16666793823242,33.983333587646484,32.849998474121094,33.246665954589844,31.358882904052734,4389000
2006-07-19,33.66666793823242,34.753334045410156,33.616668701171875,34.46666717529297,32.50961685180664,4318500
2006-07-20,34.54999923706055,34.60333251953125,34.12666702270508,34.15999984741211,32.22036361694336,2083200
2006-07-21,34.41666793823242,34.49333190917969,33.70333480834961,34.073333740234375,32.13861846923828,2755800
2006-07-24,34.29999923706055,34.883331298828125,34.25,34.5533332824707,32.59135818481445,2260800
2006-07-25,34.619998931884766,35.16666793823242,34.52333450317383,34.98666763305664,33.000099182128906,2191200
2006-07-26,34.91999816894531,35.08333206176758,34.53333282470703,34.72999954223633,32.75798034667969,2043000
2006-07-27,32.66666793823242,32.66666793823242,31.5,31.809999465942383,30.00379753112793,10023300
2006-07-28,31.200000762939453,31.633333206176758,30.3700008392334,30.549999237060547,28.81534194946289,11439300
2006-07-31,30.683332443237305,31.166667938232422,30.356666564941406,30.416667938232422,28.6895809173584,14791500
2006-08-01,30.416667938232422,30.979999542236328,30.350000381469727,30.886667251586914,29.132890701293945,5792400
2006-08-02,33.83000183105469,35.26333236694336,33.779998779296875,34.03333282470703,32.10088348388672,14702400
2006-08-03,33.5,34.83000183105469,33.483333587646484,34.00666809082031,32.07574462890625,5373300
2006-08-04,34.29999923706055,35.163333892822266,34.279998779296875,35.01333236694336,33.02523422241211,4231200
2006-08-07,34.83333206176758,35.529998779296875,34.560001373291016,35.233333587646484,33.23274612426758,5401500
2006-08-08,35.37666702270508,36.0,35.366668701171875,35.83333206176758,33.798667907714844,5500500
2006-08-09,35.91666793823242,36.38999938964844,35.7599983215332,35.810001373291016,33.776668548583984,5761500
2006-08-10,35.56666564941406,36.366668701171875,35.55666732788086,36.21666717529297,34.160247802734375,4113000
2006-08-11,35.9466667175293,36.29999923706055,35.043331146240234,35.313331604003906,33.30820083618164,4042500
2006-08-14,35.64666748046875,35.85333251953125,34.89666748046875,35.0,33.012664794921875,5137200
2006-08-15,35.29999923706055,35.586666107177734,35.08333206176758,35.37333297729492,33.364803314208984,3888000
2006-08-16,35.599998474121094,36.676666259765625,35.5099983215332,36.62666702270508,34.546966552734375,3549900
2006-08-17,36.36333465576172,37.189998626708984,36.34333419799805,36.88666534423828,34.792198181152344,3171000
2006-08-18,36.87666702270508,37.233333587646484,36.68000030517578,37.233333587646484,35.11918258666992,2826600
2006-08-21,37.099998474121094,37.526668548583984,37.026668548583984,37.31999969482422,35.200927734375,2043600
2006-08-22,37.099998474121094,37.3466682434082,36.650001525878906,36.67333221435547,34.59097671508789,3298800
2006-08-23,36.7400016784668,37.03333282470703,36.380001068115234,36.496665954589844,34.424346923828125,3417000
2006-08-24,36.75,37.356666564941406,36.733333587646484,37.04999923706055,34.94626235961914,3316200
2006-08-25,36.91666793823242,37.25,36.470001220703125,36.66666793823242,34.58469009399414,3470100
2006-08-28,36.599998474121094,37.43333435058594,36.599998474121094,37.33333206176758,35.213504791259766,3456900
2006-08-29,37.41666793823242,38.393333435058594,37.36333465576172,38.37666702270508,36.19759750366211,4704600
2006-08-30,38.83333206176758,39.0966682434082,38.026668548583984,38.150001525878906,35.983802795410156,5411700
2006-08-31,37.96333312988281,38.21666717529297,37.5,37.689998626708984,35.54991912841797,4679700
2006-09-01,38.03333282470703,38.19333267211914,37.58333206176758,37.80666732788086,35.65996551513672,2046300
2006-09-05,37.616668701171875,38.266666412353516,37.50666809082031,37.72999954223633,35.587650299072266,2353200
2006-09-06,37.46666717529297,37.70333480834961,36.91666793823242,36.926666259765625,34.82993698120117,3257700
2006-09-07,36.93333435058594,37.470001220703125,36.90999984741211,37.206668853759766,35.101951599121094,2763900
2006-09-08,37.206668853759766,37.766666412353516,37.189998626708984,37.50666809082031,35.384979248046875,2026200
2006-09-11,37.266666412353516,38.25,37.22999954223633,38.1966667175293,36.035945892333984,3085800
2006-09-12,38.08333206176758,39.21333312988281,38.063331604003906,39.21333312988281,36.99510192871094,4259700
2006-09-13,39.133331298828125,39.23666763305664,38.540000915527344,38.98666763305664,36.78126525878906,3117300
2006-09-14,38.81999969482422,39.04666519165039,38.38999938964844,38.606666564941406,36.422752380371094,2271000
2006-09-15,38.900001525878906,39.063331604003906,38.35333251953125,38.41999816894531,36.246646881103516,4599300
2006-09-18,38.733333587646484,38.96333312988281,38.349998474121094,38.35333251953125,36.183753967285156,3003300
2006-09-19,38.470001220703125,39.25,38.413333892822266,39.16999816894531,36.954227447509766,2966100
2006-09-20,39.086666107177734,39.753334045410156,39.086666107177734,39.61000061035156,37.36933898925781,3602100
2006-09-21,39.526668548583984,39.836666107177734,39.21666717529297,39.313331604003906,37.08945846557617,3438900
2006-09-22,39.426666259765625,39.616668701171875,38.96666717529297,39.03666687011719,36.82843017578125,3090600
2006-09-25,39.16666793823242,39.823333740234375,38.939998626708984,39.61000061035156,37.36933898925781,3022500
2006-09-26,39.310001373291016,39.606666564941406,38.9900016784668,39.18333435058594,36.96680450439453,3188700
2006-09-27,39.099998474121094,39.33333206176758,38.6966667175293,38.869998931884766,36.67119598388672,4460400
2006-09-28,38.869998931884766,38.9900016784668,38.68333435058594,38.869998931884766,36.67119598388672,3253500
2006-09-29,38.790000915527344,39.016666412353516,38.68333435058594,38.77333450317383,36.58000564575195,3376500
2006-10-02,38.776668548583984,38.956668853759766,38.4466667175293,38.813331604003906,36.61774826049805,1996200
2006-10-03,36.90666580200195,38.86333465576172,36.90666580200195,38.380001068115234,36.20891571044922,2777400
2006-10-04,38.25,38.60333251953125,38.06999969482422,38.46666717529297,36.290679931640625,2894100
2006-10-05,38.53333282470703,39.849998474121094,38.53333282470703,39.586666107177734,37.34731674194336,3914700
2006-10-06,39.503334045410156,39.86000061035156,39.0966682434082,39.24333190917969,37.02341079711914,3107400
2006-10-09,39.24333190917969,39.900001525878906,38.96333312988281,39.60333251953125,37.3630485534668,2394600
2006-10-10,39.606666564941406,39.68333435058594,39.106666564941406,39.276668548583984,37.05486297607422,3163500
2006-10-11,39.099998474121094,39.630001068115234,39.016666412353516,39.33333206176758,37.10831832885742,2989200
2006-10-12,39.54999923706055,40.02333450317383,39.34000015258789,39.663333892822266,37.419654846191406,3306000
2006-10-13,39.496665954589844,39.81666564941406,38.936668395996094,39.28666687011719,37.064292907714844,2953500
2006-10-16,39.16999816894531,39.52000045776367,38.9033317565918,39.07666778564453,36.86616516113281,1587000
2006-10-17,39.07666778564453,39.22999954223633,38.643333435058594,38.75666809082031,36.56428146362305,2205000
2006-10-18,39.0533332824707,39.616668701171875,38.7599983215332,39.516666412353516,37.281272888183594,2980200
2006-10-19,39.70000076293945,39.93333435058594,39.366668701171875,39.776668548583984,37.52656936645508,2256900
2006-10-20,39.893333435058594,40.060001373291016,39.790000915527344,39.96666717529297,37.70581817626953,2137500
2006-10-23,39.9033317565918,40.393333435058594,39.68333435058594,39.956668853759766,37.69639587402344,1951800
2006-10-24,39.75,39.869998931884766,38.91666793823242,39.223331451416016,37.00454330444336,2844600
2006-10-25,39.15666580200195,39.176666259765625,38.380001068115234,38.75666809082031,36.56428146362305,2758800
2006-10-26,39.66666793823242,39.91666793823242,39.2599983215332,39.51333236694336,37.27813720703125,3104400
2006-10-27,39.43333435058594,39.83333206176758,39.143333435058594,39.400001525878906,37.17122268676758,2137500
2006-10-30,39.31999969482422,39.69333267211914,38.959999084472656,39.09000015258789,36.878761291503906,3745500
2006-10-31,39.323333740234375,39.43000030517578,38.706668853759766,38.99333190917969,36.78755187988281,2953200
2006-11-01,41.663333892822266,41.9466667175293,38.60333251953125,39.65666580200195,37.41336441040039,10056900
2006-11-02,39.323333740234375,40.753334045410156,39.29999923706055,40.54999923706055,38.25615692138672,4383300
2006-11-03,40.56666564941406,40.56666564941406,39.93000030517578,40.22666549682617,37.95112609863281,2244000
2006-11-06,40.22999954223633,41.029998779296875,40.00666809082031,40.88666534423828,38.57378387451172,2697000
2006-11-07,40.746665954589844,41.04999923706055,40.46666717529297,40.753334045410156,38.447998046875,2703600
2006-11-08,40.233333587646484,40.310001373291016,39.400001525878906,39.80666732788086,37.55488967895508,4947000
2006-11-09,39.80666732788086,40.116668701171875,39.08000183105469,39.22999954223633,37.01083755493164,3739500
2006-11-10,39.43000030517578,39.81666564941406,39.400001525878906,39.71666717529297,37.469974517822266,2674500
2006-11-13,39.616668701171875,40.21666717529297,39.61333465576172,40.0,37.73727798461914,1833900
2006-11-14,40.223331451416016,40.58000183105469,40.11000061035156,40.4900016784668,38.19955062866211,3093900
2006-11-15,40.25,40.66666793823242,40.04666519165039,40.366668701171875,38.08320236206055,4940100
2006-11-16,40.60333251953125,40.823333740234375,40.293331146240234,40.3033332824707,38.02345275878906,2514900
2006-11-17,40.18333435058594,40.540000915527344,40.026668548583984,40.496665954589844,38.20585250854492,1857900
2006-11-20,40.266666412353516,41.223331451416016,40.266666412353516,41.029998779296875,38.70900344848633,2954100
2006-11-21,41.28333282470703,41.836666107177734,41.15999984741211,41.36000061035156,39.02034378051758,3397500
2006-11-22,41.276668548583984,41.70000076293945,41.276668548583984,41.599998474121094,39.24675750732422,1309500
2006-11-24,41.400001525878906,41.75,41.26333236694336,41.563331604003906,39.21217727661133,628200
2006-11-27,41.383331298828125,41.71333312988281,40.869998931884766,40.869998931884766,38.558067321777344,2197500
2006-11-28,40.63999938964844,41.44333267211914,40.599998474121094,40.82666778564453,38.51717758178711,2848500
2006-11-29,40.90999984741211,41.526668548583984,40.82666778564453,40.9900016784668,38.671268463134766,3843900
2006-11-30,41.099998474121094,42.11000061035156,41.099998474121094,42.016666412353516,39.63985824584961,4013400
2006-12-01,42.016666412353516,42.28333282470703,41.37333297729492,41.79666519165039,39.43231964111328,2048100
2006-12-04,42.0,42.663333892822266,41.97666549682617,42.40666580200195,40.0078010559082,2640600
2006-12-05,42.383331298828125,42.599998474121094,42.15999984741211,42.40666580200195,40.0078010559082,1545900
2006-12-06,42.33333206176758,42.88666534423828,42.176666259765625,42.606666564941406,40.19648742675781,1873800
2006-12-07,42.81666564941406,42.959999084472656,42.473331451416016,42.63999938964844,40.23580551147461,1369500
2006-12-08,42.78666687011719,42.87333297729492,42.34000015258789,42.66999816894531,40.264122009277344,1302600
2006-12-11,42.81666564941406,43.02000045776367,42.63666534423828,42.92333221435547,40.5031623840332,1261800
2006-12-12,43.029998779296875,43.290000915527344,42.753334045410156,43.09000015258789,40.66043472290039,1814700
2006-12-13,43.150001525878906,43.21666717529297,42.48666763305664,42.793331146240234,40.380489349365234,2375100
2006-12-14,43.12666702270508,43.36000061035156,42.3466682434082,43.220001220703125,40.78309631347656,2378700
2006-12-15,43.3033332824707,43.52000045776367,43.08333206176758,43.21666717529297,40.779964447021484,2361300
2006-12-18,43.099998474121094,43.53333282470703,42.83333206176758,43.253334045410156,40.81455612182617,1457700
2006-12-19,42.85333251953125,44.063331604003906,42.84000015258789,43.86000061035156,41.387020111083984,2620800
2006-12-20,43.766666412353516,44.130001068115234,43.733333587646484,43.96666717529297,41.487674713134766,1809900
2006-12-21,43.970001220703125,44.163333892822266,43.66999816894531,43.97999954223633,41.500247955322266,1756800
2006-12-22,43.95000076293945,43.95000076293945,43.290000915527344,43.45000076293945,41.00012969970703,1526700
2006-12-26,43.5,43.849998474121094,43.400001525878906,43.599998474121094,41.14167404174805,1329300
2006-12-27,43.68333435058594,44.003334045410156,43.66999816894531,43.936668395996094,41.4593620300293,1222800
2006-12-28,43.98666763305664,44.1966667175293,43.78666687011719,44.03666687011719,41.5537223815918,938100
2006-12-29,43.95333480834961,44.21666717529297,43.856666564941406,43.856666564941406,41.38386917114258,1128300
2007-01-03,44.276668548583984,44.33000183105469,43.52333450317383,43.93000030517578,41.453060150146484,2210400
2007-01-04,43.926666259765625,43.926666259765625,42.93333435058594,43.099998474121094,40.669864654541016,3039600
2007-01-05,42.900001525878906,42.973331451416016,42.400001525878906,42.79666519165039,40.38364028930664,2873100
2007-01-08,42.71333312988281,43.0,42.37333297729492,42.880001068115234,40.46227264404297,2681700
2007-01-09,42.3466682434082,43.20000076293945,42.3466682434082,42.650001525878906,40.24524688720703,1892400
2007-01-10,42.46666717529297,43.029998779296875,42.33333206176758,42.90999984741211,40.49057388305664,1373400
2007-01-11,42.90999984741211,43.5533332824707,42.75,43.526668548583984,41.07248306274414,2303700
2007-01-12,43.46666717529297,43.74333190917969,43.356666564941406,43.59000015258789,41.13224411010742,1387800
2007-01-16,43.43333435058594,43.7599983215332,43.336666107177734,43.586666107177734,41.12909698486328,1543500
2007-01-17,43.599998474121094,43.91666793823242,43.4033317565918,43.84333419799805,41.37129211425781,2141700
2007-01-18,43.03333282470703,43.5533332824707,42.823333740234375,43.150001525878906,40.71704864501953,2912100
2007-01-19,43.366668701171875,43.4900016784668,43.06666564941406,43.313331604003906,40.87116622924805,2000400
2007-01-22,43.313331604003906,43.58333206176758,42.91666793823242,43.016666412353516,40.59122085571289,2011800
2007-01-23,43.016666412353516,43.61000061035156,42.79666519165039,43.543331146240234,41.08820724487305,1729500
2007-01-24,43.16666793823242,43.209999084472656,42.42333221435547,43.18333435058594,40.74849319458008,5043900
2007-01-25,43.18000030517578,43.66666793823242,43.150001525878906,43.28333282470703,40.84284591674805,1925100
2007-01-26,43.33000183105469,43.41999816894531,43.12333297729492,43.31666564941406,40.87431716918945,2209500
2007-01-29,43.56666564941406,43.956668853759766,43.41666793823242,43.70000076293945,41.23603439331055,2591400
2007-01-30,43.68333435058594,44.15666580200195,43.53333282470703,44.11000061035156,41.62291717529297,2458800
2007-01-31,44.11000061035156,44.32666778564453,43.79666519165039,44.133331298828125,41.64493942260742,2255700
2007-02-01,44.20333480834961,44.90666580200195,43.996665954589844,44.86333465576172,42.33378601074219,2516700
2007-02-02,44.81666564941406,45.0,44.606666564941406,44.650001525878906,42.132469177246094,1954200
2007-02-05,44.79999923706055,45.32666778564453,44.779998779296875,45.16999816894531,42.623138427734375,3029100
2007-02-06,45.206668853759766,45.79999923706055,45.04666519165039,45.706668853759766,43.12956619262695,3500700
2007-02-07,46.790000915527344,47.459999084472656,45.81666564941406,46.650001525878906,44.01970291137695,8085300
2007-02-08,46.5,46.88666534423828,46.26333236694336,46.39666748046875,43.78065490722656,2334900
2007-02-09,46.400001525878906,46.630001068115234,45.813331604003906,45.996665954589844,43.40320587158203,1902300
2007-02-12,45.883331298828125,46.66999816894531,45.883331298828125,46.63999938964844,44.010276794433594,2790900
2007-02-13,46.93333435058594,47.07666778564453,46.52333450317383,47.040000915527344,44.38771438598633,2891400
2007-02-14,47.040000915527344,47.633331298828125,46.939998626708984,47.60333251953125,44.91928482055664,3519900
2007-02-15,47.41666793823242,48.130001068115234,47.33333206176758,47.96666717529297,45.26213455200195,2713800
2007-02-16,47.733333587646484,48.06999969482422,47.689998626708984,47.973331451416016,45.2684326171875,3162300
2007-02-20,48.233333587646484,48.62333297729492,48.040000915527344,48.516666412353516,45.78112030029297,3004200
2007-02-21,48.18333435058594,48.483333587646484,48.130001068115234,48.1966667175293,45.47915267944336,2064900
2007-02-22,48.366668701171875,48.6533317565918,48.1966667175293,48.33333206176758,45.608123779296875,3291300
2007-02-23,48.313331604003906,48.313331604003906,47.85333251953125,47.96333312988281,45.25899124145508,2540400
2007-02-26,47.58000183105469,47.68333435058594,47.10333251953125,47.53333282470703,44.85322570800781,2089500
2007-02-27,48.900001525878906,48.900001525878906,45.72999954223633,46.279998779296875,43.670562744140625,2919000
2007-02-28,46.099998474121094,47.66666793823242,46.099998474121094,47.5,44.821781158447266,4515000
2007-03-01,47.349998474121094,47.72999954223633,46.599998474121094,47.563331604003906,44.88153839111328,3909300
2007-03-02,47.893333435058594,47.893333435058594,47.003334045410156,47.003334045410156,44.353111267089844,3175200
2007-03-05,46.68333435058594,46.88999938964844,46.35333251953125,46.369998931884766,43.7554931640625,3279900
2007-03-06,46.663333892822266,46.8466682434082,46.31666564941406,46.63666534423828,44.00712203979492,3759300
2007-03-07,47.133331298828125,47.133331298828125,46.33333206176758,46.619998931884766,43.991390228271484,2622600
2007-03-08,46.75,47.206668853759766,46.5099983215332,46.6966667175293,44.06373977661133,2316000
2007-03-09,46.77000045776367,47.09333419799805,46.56999969482422,46.650001525878906,44.027557373046875,1964400
2007-03-12,46.663333892822266,47.08333206176758,46.40666580200195,46.6966667175293,44.07160568237305,2439900
2007-03-13,46.36333465576172,46.66666793823242,45.689998626708984,45.689998626708984,43.121524810791016,3196500
2007-03-14,45.849998474121094,46.58333206176758,45.70000076293945,46.369998931884766,43.763309478759766,3942600
2007-03-15,46.220001220703125,47.03333282470703,46.15666580200195,46.959999084472656,44.32012939453125,2975100
2007-03-16,47.253334045410156,47.53666687011719,47.016666412353516,47.44333267211914,44.77629470825195,5088300
2007-03-19,47.650001525878906,48.14666748046875,47.46666717529297,47.97999954223633,45.282798767089844,2468100
2007-03-20,48.099998474121094,48.44333267211914,47.689998626708984,48.29999923706055,45.584815979003906,2678700
2007-03-21,48.19333267211914,49.043331146240234,47.9466667175293,48.93333435058594,46.18254089355469,2497500
2007-03-22,48.87666702270508,49.09333419799805,48.560001373291016,48.58000183105469,45.84906768798828,2985600
2007-03-23,48.64666748046875,48.956668853759766,48.4033317565918,48.8033332824707,46.059844970703125,2247900
2007-03-26,48.59333419799805,49.11000061035156,48.37333297729492,49.03333282470703,46.276912689208984,1479300
2007-03-27,48.766666412353516,48.8466682434082,47.926666259765625,48.59000015258789,45.8585090637207,2865000
2007-03-28,48.393333435058594,48.53333282470703,47.880001068115234,48.220001220703125,45.509307861328125,1938300
2007-03-29,48.22666549682617,48.47666549682617,47.16999816894531,47.25,44.59383010864258,3483600
2007-03-30,47.33333206176758,47.753334045410156,47.16666793823242,47.5533332824707,44.88011169433594,2189400
2007-04-02,47.71333312988281,48.073333740234375,47.630001068115234,47.983333587646484,45.28593444824219,2239500
2007-04-03,48.1533317565918,48.983333587646484,48.130001068115234,48.900001525878906,46.15107727050781,2024100
2007-04-04,48.663333892822266,49.206668853759766,48.2599983215332,49.1533317565918,46.39017105102539,2154600
2007-04-05,48.866668701171875,49.38666534423828,48.4466667175293,49.206668853759766,46.44050598144531,1947000
2007-04-09,49.206668853759766,49.49333190917969,49.04999923706055,49.220001220703125,46.45309066772461,1634400
2007-04-10,49.03333282470703,49.663333892822266,48.9900016784668,49.51333236694336,46.72993087768555,2254800
2007-04-11,49.369998931884766,49.46666717529297,48.60333251953125,48.96333312988281,46.21084976196289,2317200
2007-04-12,48.233333587646484,48.88999938964844,48.233333587646484,48.74333190917969,46.003211975097656,1967700
2007-04-13,48.93333435058594,49.70333480834961,48.766666412353516,49.643333435058594,46.852630615234375,2325000
2007-04-16,49.70000076293945,50.6966667175293,49.56999969482422,50.45333480834961,47.61709213256836,2891400
2007-04-17,50.61000061035156,50.93333435058594,50.279998779296875,50.68333435058594,47.834163665771484,2745900
2007-04-18,50.630001068115234,51.099998474121094,50.503334045410156,50.663333892822266,47.815284729003906,3269400
2007-04-19,49.913333892822266,50.27000045776367,49.706668853759766,50.0099983215332,47.19867706298828,2939700
2007-04-20,50.58333206176758,50.880001068115234,50.33333206176758,50.75666809082031,47.90336227416992,2131200
2007-04-23,50.92333221435547,51.23666763305664,50.540000915527344,50.880001068115234,48.019775390625,1802700
2007-04-24,50.733333587646484,51.09333419799805,50.44333267211914,50.91999816894531,48.057518005371094,2347500
2007-04-25,50.46333312988281,51.1533317565918,49.900001525878906,51.13999938964844,48.26515197753906,4303800
2007-04-26,51.24333190917969,51.66666793823242,50.60333251953125,51.26333236694336,48.38155746459961,6213300
2007-04-27,51.29999923706055,51.54666519165039,50.83000183105469,51.47666549682617,48.582889556884766,1782900
2007-04-30,51.64666748046875,52.233333587646484,51.49333190917969,51.86333465576172,48.94781494140625,3330000
2007-05-01,52.19333267211914,52.2599983215332,51.61000061035156,51.73666763305664,48.82827377319336,2671200
2007-05-02,51.04999923706055,52.93333435058594,50.01333236694336,51.279998779296875,48.39728927612305,6391800
2007-05-03,51.650001525878906,52.86333465576172,51.233333587646484,52.79666519165039,49.82870101928711,4838100
2007-05-04,52.983333587646484,54.133331298828125,52.733333587646484,53.633331298828125,50.61832809448242,3546000
2007-05-07,54.0,54.16666793823242,53.3033332824707,53.79666519165039,50.77247619628906,2791500
2007-05-08,53.6533317565918,54.676666259765625,53.619998931884766,54.503334045410156,51.439414978027344,2905500
2007-05-09,54.150001525878906,54.290000915527344,53.810001373291016,53.86000061035156,50.83224868774414,4212900
2007-05-10,53.66666793823242,54.186668395996094,53.54666519165039,53.90666580200195,50.876304626464844,2077800
2007-05-11,53.97666549682617,54.53666687011719,53.54999923706055,54.5,51.43627166748047,1735200
2007-05-14,54.616668701171875,54.99333190917969,54.383331298828125,54.793331146240234,51.71311569213867,2260200
2007-05-15,55.0,55.733333587646484,54.56999969482422,54.58000183105469,51.51176834106445,2953200
2007-05-16,55.16666793823242,55.380001068115234,54.823333740234375,54.913333892822266,51.82636642456055,2727600
2007-05-17,54.83000183105469,55.36000061035156,54.526668548583984,55.223331451416016,52.11894607543945,2594400
2007-05-18,55.33333206176758,55.65999984741211,54.926666259765625,55.55666732788086,52.43354415893555,1649400
2007-05-21,55.11000061035156,55.176666259765625,54.20333480834961,54.516666412353516,51.452003479003906,4012200
2007-05-22,54.516666412353516,54.823333740234375,54.12666702270508,54.52000045776367,51.45513916015625,2491500
2007-05-23,54.70000076293945,54.84333419799805,54.27333450317383,54.276668548583984,51.22549819946289,2396400
2007-05-24,54.66666793823242,54.82666778564453,54.26333236694336,54.3466682434082,51.29155731201172,2916600
2007-05-25,54.83333206176758,55.266666412353516,54.66666793823242,55.029998779296875,51.93647384643555,2580000
2007-05-29,54.86333465576172,56.46666717529297,54.86333465576172,56.33333206176758,53.16653823852539,3540600
2007-05-30,55.766666412353516,56.02333450317383,55.72666549682617,55.81999969482422,52.68206787109375,2598900
2007-05-31,55.7400016784668,56.22666549682617,55.68000030517578,55.87666702270508,52.73556137084961,2546100
2007-06-01,55.866668701171875,56.206668853759766,55.84000015258789,56.16666793823242,53.009246826171875,1716300
2007-06-04,56.16666793823242,57.61333465576172,55.93333435058594,56.016666412353516,52.867671966552734,2370300
2007-06-05,56.040000915527344,56.869998931884766,55.709999084472656,56.060001373291016,52.9085807800293,2656600
2007-06-06,56.4900016784668,56.68000030517578,55.45000076293945,55.7400016784668,52.606571197509766,3342500
2007-06-07,55.34000015258789,55.95000076293945,54.5,54.720001220703125,51.64391326904297,2752900
2007-06-08,54.45000076293945,54.900001525878906,54.22999954223633,54.900001525878906,51.8232536315918,2021300
2007-06-11,54.900001525878906,55.310001373291016,54.619998931884766,54.779998779296875,51.70997619628906,1958600
2007-06-12,54.380001068115234,54.97999954223633,54.34000015258789,54.40999984741211,51.360721588134766,2184800
2007-06-13,54.45000076293945,54.70000076293945,53.08000183105469,53.83000183105469,50.8132209777832,3708700
2007-06-14,53.84000015258789,54.150001525878906,53.47999954223633,53.90999984741211,50.88874053955078,2126400
2007-06-15,55.0,55.0,53.900001525878906,54.459999084472656,51.40792465209961,2514000
2007-06-18,55.52000045776367,55.52000045776367,54.54999923706055,54.619998931884766,51.55895233154297,1508300
2007-06-19,55.029998779296875,55.439998626708984,54.900001525878906,55.29999923706055,52.20084762573242,2415600
2007-06-20,55.5099983215332,55.689998626708984,53.93000030517578,53.95000076293945,50.92649841308594,1958500
2007-06-21,54.099998474121094,54.470001220703125,53.38999938964844,54.04999923706055,51.02088928222656,1925100
2007-06-22,53.61000061035156,53.880001068115234,52.970001220703125,52.97999954223633,50.01085662841797,3493700
2007-06-25,52.9900016784668,53.52000045776367,52.33000183105469,52.380001068115234,49.444496154785156,2170900
2007-06-26,52.400001525878906,52.720001220703125,51.849998474121094,52.220001220703125,49.293453216552734,2317100
2007-06-27,51.75,52.900001525878906,51.189998626708984,52.810001373291016,49.85038375854492,1645000
2007-06-28,52.81999969482422,53.20000076293945,52.38999938964844,52.7599983215332,49.803184509277344,1858400
2007-06-29,52.790000915527344,53.25,51.91999816894531,52.220001220703125,49.293453216552734,1716200
2007-07-02,52.220001220703125,54.029998779296875,52.06999969482422,53.869998931884766,50.85097885131836,1999800
2007-07-03,54.130001068115234,54.40999984741211,53.45000076293945,53.5,50.5017204284668,864100
2007-07-05,55.040000915527344,55.040000915527344,53.27000045776367,54.08000183105469,51.04920959472656,1444800
2007-07-06,53.869998931884766,54.70000076293945,53.61000061035156,54.279998779296875,51.23801040649414,1645500
2007-07-09,54.45000076293945,54.599998474121094,53.9900016784668,54.08000183105469,51.04920959472656,1231000
2007-07-10,53.540000915527344,54.65999984741211,53.20000076293945,53.20000076293945,50.21853256225586,1910300
2007-07-11,53.349998474121094,54.04999923706055,53.33000183105469,53.7599983215332,50.74714660644531,1490400
2007-07-12,53.75,54.540000915527344,53.59000015258789,54.41999816894531,51.37015914916992,1681800
2007-07-13,54.25,54.310001373291016,53.58000183105469,53.88999938964844,50.86985778808594,1379200
2007-07-16,53.88999938964844,54.11000061035156,53.619998931884766,53.90999984741211,50.88874053955078,1245100
2007-07-17,54.220001220703125,54.220001220703125,53.5099983215332,53.72999954223633,50.71882629394531,1517200
2007-07-18,54.04999923706055,54.68000030517578,53.52000045776367,54.0,50.973697662353516,1844500
2007-07-19,53.91999816894531,54.2599983215332,53.5099983215332,53.52000045776367,50.520599365234375,1930600
2007-07-20,53.54999923706055,53.54999923706055,52.2400016784668,52.369998931884766,49.435035705566406,2645800
2007-07-23,50.86000061035156,53.790000915527344,50.86000061035156,53.52000045776367,50.520599365234375,1948400
2007-07-24,53.290000915527344,54.13999938964844,52.95000076293945,53.06999969482422,50.09581756591797,1957700
2007-07-25,53.060001373291016,53.36000061035156,52.0,52.40999984741211,49.47280502319336,2559600
2007-07-26,52.209999084472656,52.34000015258789,50.90999984741211,51.63999938964844,48.74595260620117,2357400
2007-07-27,51.5,51.66999816894531,50.15999984741211,50.189998626708984,47.37720489501953,2040500
2007-07-30,51.02000045776367,52.43000030517578,50.29999923706055,52.25,49.321773529052734,2938000
2007-07-31,52.75,52.869998931884766,51.619998931884766,51.63999938964844,48.74595260620117,2263100
2007-08-01,48.77000045776367,50.0,46.310001373291016,48.88999938964844,46.15007019042969,4693800
2007-08-02,49.33000183105469,51.279998779296875,49.22999954223633,50.75,47.90583419799805,3084500
2007-08-03,48.56999969482422,50.599998474121094,47.869998931884766,47.869998931884766,45.18722915649414,3622400
2007-08-06,48.25,48.849998474121094,47.810001373291016,48.79999923706055,46.06512451171875,2906100
2007-08-07,50.0,50.0,47.5,47.97999954223633,45.29106903076172,3252300
2007-08-08,48.91999816894531,49.38999938964844,46.560001373291016,46.900001525878906,44.271602630615234,4291900
2007-08-09,46.900001525878906,47.349998474121094,45.11000061035156,45.11000061035156,42.5819206237793,4390600
2007-08-10,44.79999923706055,48.41999816894531,43.0099983215332,47.400001525878906,44.74358367919922,4582600
2007-08-13,46.869998931884766,49.84000015258789,46.869998931884766,48.4900016784668,45.772491455078125,2973200
2007-08-14,48.880001068115234,49.27000045776367,47.7599983215332,47.970001220703125,45.281639099121094,2555000
2007-08-15,47.97999954223633,48.869998931884766,47.220001220703125,47.2400016784668,44.59254455566406,2126700
2007-08-16,46.63999938964844,47.540000915527344,45.130001068115234,46.65999984741211,44.0450553894043,2805800
2007-08-17,47.790000915527344,48.400001525878906,46.83000183105469,47.650001525878906,44.979557037353516,2856400
2007-08-20,48.130001068115234,49.439998626708984,46.189998626708984,48.75,46.017913818359375,1958800
2007-08-21,48.040000915527344,48.970001220703125,48.0099983215332,48.650001525878906,45.92352294921875,1721500
2007-08-22,49.189998626708984,50.099998474121094,49.16999816894531,49.97999954223633,47.17898941040039,2402900
2007-08-23,50.41999816894531,50.7599983215332,49.70000076293945,49.88999938964844,47.09403610229492,1817000
2007-08-24,49.88999938964844,50.75,49.18000030517578,50.65999984741211,47.820884704589844,1522600
2007-08-27,50.36000061035156,50.79999923706055,49.540000915527344,49.58000183105469,46.80139923095703,1533600
2007-08-28,49.380001068115234,50.939998626708984,49.380001068115234,50.18000030517578,47.3677864074707,2357900
2007-08-29,50.5099983215332,51.18000030517578,50.25,51.18000030517578,48.31174087524414,2037400
2007-08-30,50.91999816894531,51.61000061035156,50.650001525878906,51.040000915527344,48.17958068847656,1588300
2007-08-31,51.540000915527344,52.119998931884766,51.290000915527344,51.68000030517578,48.78371047973633,1371500
2007-09-04,51.95000076293945,52.63999938964844,51.720001220703125,52.34000015258789,49.406734466552734,1216600
2007-09-05,51.81999969482422,52.529998779296875,51.77000045776367,52.20000076293945,49.274574279785156,1843500
2007-09-06,52.029998779296875,52.630001068115234,51.83000183105469,52.43000030517578,49.49168395996094,1789600
2007-09-07,51.9900016784668,52.7400016784668,51.83000183105469,51.900001525878906,48.991397857666016,1541900
2007-09-10,52.22999954223633,52.22999954223633,50.91999816894531,51.43000030517578,48.557071685791016,1147800
2007-09-11,51.7400016784668,52.400001525878906,51.5,52.220001220703125,49.302955627441406,1309500
2007-09-12,52.16999816894531,54.650001525878906,51.93000030517578,54.16999816894531,51.144020080566406,2799800
2007-09-13,54.5099983215332,54.599998474121094,53.869998931884766,54.04999923706055,51.030723571777344,1172100
2007-09-14,53.59000015258789,54.650001525878906,53.029998779296875,54.34000015258789,51.30452346801758,1604300
2007-09-17,54.029998779296875,54.20000076293945,52.65999984741211,53.689998626708984,50.690834045410156,1361700
2007-09-18,53.70000076293945,53.90999984741211,52.9900016784668,53.81999969482422,50.81357192993164,2564600
2007-09-19,54.06999969482422,54.34000015258789,53.11000061035156,53.40999984741211,50.426475524902344,2136300
2007-09-20,53.459999084472656,53.459999084472656,51.58000183105469,51.869998931884766,48.972503662109375,2507200
2007-09-21,51.58000183105469,52.9900016784668,51.58000183105469,52.869998931884766,49.916648864746094,2290600
2007-09-24,52.689998626708984,53.25,52.2599983215332,52.540000915527344,49.60507583618164,1171900
2007-09-25,52.29999923706055,53.0,51.97999954223633,52.11000061035156,49.19910430908203,1532100
2007-09-26,52.459999084472656,53.7400016784668,51.689998626708984,53.5,50.51145553588867,1435700
2007-09-27,53.810001373291016,54.0,53.08000183105469,53.41999816894531,50.435916900634766,618800
2007-09-28,53.61000061035156,53.849998474121094,52.959999084472656,53.290000915527344,50.31318283081055,1288000
2007-10-01,53.54999923706055,54.84000015258789,52.93000030517578,54.47999954223633,51.43669891357422,1500400
2007-10-02,54.7400016784668,54.970001220703125,53.52000045776367,53.650001525878906,50.6530647277832,1216200
2007-10-03,53.290000915527344,53.52000045776367,52.65999984741211,53.20000076293945,50.22821044921875,1245600
2007-10-04,53.04999923706055,53.439998626708984,51.77000045776367,52.130001068115234,49.21797561645508,1272100
2007-10-05,52.47999954223633,53.09000015258789,52.38999938964844,52.77000045776367,49.82223892211914,815600
2007-10-08,52.68000030517578,53.20000076293945,52.66999816894531,52.77000045776367,49.82223892211914,925900
2007-10-09,52.650001525878906,53.529998779296875,52.599998474121094,53.400001525878906,50.417030334472656,1826000
2007-10-10,53.5,54.150001525878906,53.040000915527344,53.58000183105469,50.58699035644531,1193200
2007-10-11,53.91999816894531,54.150001525878906,51.86000061035156,52.06999969482422,49.161338806152344,2069900
2007-10-12,52.0,53.58000183105469,51.95000076293945,52.869998931884766,49.916648864746094,1458400
2007-10-15,52.869998931884766,53.16999816894531,51.33000183105469,51.68000030517578,48.793113708496094,922200
2007-10-16,51.529998779296875,51.790000915527344,51.189998626708984,51.34000015258789,48.47211456298828,900200
2007-10-17,51.91999816894531,53.43000030517578,51.849998474121094,53.2400016784668,50.26597595214844,1935500
2007-10-18,53.349998474121094,53.869998931884766,52.90999984741211,53.2400016784668,50.26597595214844,1241900
2007-10-19,52.81999969482422,53.0099983215332,51.43000030517578,51.45000076293945,48.575965881347656,1569400
2007-10-22,50.68000030517578,51.61000061035156,50.25,51.47999954223633,48.60428237915039,856300
2007-10-23,51.68000030517578,52.0099983215332,51.349998474121094,51.970001220703125,49.066917419433594,632300
2007-10-24,51.61000061035156,51.86000061035156,49.9900016784668,50.900001525878906,48.05669021606445,1600900
2007-10-25,51.619998931884766,53.18000030517578,49.59000015258789,52.900001525878906,49.94496536254883,1866500
2007-10-26,53.20000076293945,53.5,51.25,52.06999969482422,49.161338806152344,1265000
2007-10-29,52.369998931884766,53.970001220703125,52.119998931884766,52.220001220703125,49.302955627441406,1483200
2007-10-30,52.209999084472656,52.900001525878906,51.58000183105469,51.83000183105469,48.93474578857422,1182100
2007-10-31,52.40999984741211,52.68000030517578,51.470001220703125,52.4900016784668,49.5578727722168,1940400
2007-11-01,51.66999816894531,52.7599983215332,51.540000915527344,51.75,48.85921096801758,2366600
2007-11-02,51.25,51.25,48.630001068115234,49.93000030517578,47.140872955322266,4239700
2007-11-05,49.939998626708984,50.59000015258789,49.0,50.27000045776367,47.461883544921875,2041500
2007-11-06,50.27000045776367,50.93000030517578,49.720001220703125,50.81999969482422,47.98115921020508,1278100
2007-11-07,50.70000076293945,51.09000015258789,49.439998626708984,49.5,46.734886169433594,1748900
2007-11-08,49.540000915527344,50.029998779296875,48.83000183105469,49.83000183105469,47.04646682739258,1587300
2007-11-09,49.349998474121094,49.81999969482422,49.0,49.279998779296875,46.527183532714844,1753700
2007-11-12,49.290000915527344,50.25,48.59000015258789,49.029998779296875,46.2911491394043,1451300
2007-11-13,49.34000015258789,49.34000015258789,48.209999084472656,48.900001525878906,46.16840744018555,1976500
2007-11-14,49.29999923706055,50.779998779296875,48.709999084472656,49.849998474121094,47.06534194946289,2274000
2007-11-15,49.75,50.529998779296875,49.130001068115234,49.470001220703125,46.706573486328125,1867200
2007-11-16,49.900001525878906,50.369998931884766,48.959999084472656,49.40999984741211,46.6499137878418,2286500
2007-11-19,49.09000015258789,49.33000183105469,48.630001068115234,48.88999938964844,46.158966064453125,2115400
2007-11-20,49.13999938964844,49.88999938964844,48.86000061035156,49.61000061035156,46.83875274658203,1727500
2007-11-21,49.099998474121094,49.65999984741211,48.650001525878906,48.75,46.02678298950195,2021800
2007-11-23,48.970001220703125,49.43000030517578,48.7599983215332,49.029998779296875,46.2911491394043,731800
2007-11-26,49.25,50.66999816894531,49.16999816894531,49.310001373291016,46.55550765991211,1860600
2007-11-27,49.470001220703125,50.59000015258789,49.029998779296875,50.459999084472656,47.641258239746094,3409400
2007-11-28,50.459999084472656,51.93000030517578,50.15999984741211,51.63999938964844,48.755348205566406,2741100
2007-11-29,51.58000183105469,52.63999938964844,51.290000915527344,52.29999923706055,49.37847900390625,2548900
2007-11-30,52.900001525878906,54.41999816894531,52.369998931884766,53.61000061035156,50.61531066894531,4118600
2007-12-03,53.880001068115234,55.25,53.380001068115234,54.65999984741211,51.60665512084961,3336400
2007-12-04,54.22999954223633,54.349998474121094,53.220001220703125,53.529998779296875,50.539772033691406,3417300
2007-12-05,54.439998626708984,55.459999084472656,54.290000915527344,55.36000061035156,52.267555236816406,2648900
2007-12-06,55.34000015258789,55.59000015258789,54.70000076293945,55.380001068115234,52.28642272949219,2310200
2007-12-07,55.369998931884766,56.900001525878906,55.25,55.70000076293945,52.588558197021484,2707000
2007-12-10,55.970001220703125,55.970001220703125,55.040000915527344,55.29999923706055,52.210906982421875,1697900
2007-12-11,55.5,55.5,53.150001525878906,53.43000030517578,50.4544792175293,3046500
2007-12-12,54.7400016784668,55.290000915527344,53.279998779296875,53.709999084472656,50.71889877319336,1986500
2007-12-13,53.54999923706055,55.25,53.060001373291016,55.20000076293945,52.125919342041016,2343200
2007-12-14,54.779998779296875,55.09000015258789,53.63999938964844,53.720001220703125,50.72834014892578,1809000
2007-12-17,53.25,53.5099983215332,52.5099983215332,52.79999923706055,49.85956573486328,1699600
2007-12-18,53.08000183105469,53.79999923706055,52.380001068115234,53.38999938964844,50.416717529296875,1597200
2007-12-19,54.349998474121094,54.349998474121094,52.66999816894531,53.130001068115234,50.17119216918945,1068100
2007-12-20,53.630001068115234,54.040000915527344,52.84000015258789,53.4900016784668,50.51115036010742,995600
2007-12-21,54.029998779296875,54.630001068115234,53.72999954223633,54.400001525878906,51.37046813964844,2303900
2007-12-24,54.34000015258789,54.9900016784668,53.9900016784668,54.5,51.46488952636719,382400
2007-12-26,54.2599983215332,54.709999084472656,53.529998779296875,54.59000015258789,51.54988098144531,886500
2007-12-27,54.459999084472656,54.83000183105469,54.040000915527344,54.400001525878906,51.37046813964844,1208800
2007-12-28,54.97999954223633,54.97999954223633,54.15999984741211,54.599998474121094,51.559329986572266,1647400
2007-12-31,54.16999816894531,54.4900016784668,53.52000045776367,53.72999954223633,50.73777770996094,897900
2008-01-02,53.79999923706055,54.720001220703125,53.5,54.15999984741211,51.143829345703125,2218200
2008-01-03,54.20000076293945,54.61000061035156,53.52000045776367,53.52000045776367,50.53947830200195,1186100
2008-01-04,53.279998779296875,53.959999084472656,52.75,53.209999084472656,50.246734619140625,1387800
2008-01-07,53.369998931884766,54.77000045776367,52.630001068115234,54.630001068115234,51.587646484375,1978500
2008-01-08,54.97999954223633,55.75,54.630001068115234,55.02000045776367,51.95594024658203,2612700
2008-01-09,55.04999923706055,56.47999954223633,54.619998931884766,56.36000061035156,53.221317291259766,2985200
2008-01-10,56.04999923706055,56.97999954223633,55.91999816894531,56.29999923706055,53.16465377807617,2405400
2008-01-11,55.68000030517578,56.099998474121094,55.0099983215332,55.04999923706055,51.98426818847656,2473800
2008-01-14,55.380001068115234,56.130001068115234,54.54999923706055,56.04999923706055,52.9285774230957,2967500
2008-01-15,55.470001220703125,56.04999923706055,54.2400016784668,54.40999984741211,51.37990951538086,2438800
2008-01-16,54.369998931884766,56.900001525878906,53.970001220703125,55.880001068115234,52.76804733276367,3002800
2008-01-17,56.11000061035156,56.11000061035156,52.06999969482422,53.279998779296875,50.312828063964844,5419400
2008-01-18,53.5099983215332,55.540000915527344,51.150001525878906,51.869998931884766,48.981361389160156,2768000
2008-01-22,49.54999923706055,51.52000045776367,49.54999923706055,50.630001068115234,47.810420989990234,2752700
2008-01-23,49.15999984741211,50.060001373291016,48.16999816894531,49.61000061035156,46.84721755981445,4046800
2008-01-24,49.619998931884766,49.97999954223633,48.4900016784668,49.54999923706055,46.790565490722656,1701500
2008-01-25,49.93000030517578,50.16999816894531,48.439998626708984,48.56999969482422,45.86513900756836,1977300
2008-01-28,48.7400016784668,49.81999969482422,47.939998626708984,49.7400016784668,46.96998977661133,1569100
2008-01-29,49.7400016784668,51.13999938964844,49.68000030517578,50.400001525878906,47.593231201171875,1378100
2008-01-30,50.369998931884766,51.0099983215332,49.560001373291016,49.779998779296875,47.00775146484375,1548200
2008-01-31,49.119998931884766,49.95000076293945,48.5099983215332,49.189998626708984,46.45060729980469,2085300
2008-02-01,49.65999984741211,50.20000076293945,48.90999984741211,49.790000915527344,47.01719284057617,1926900
2008-02-04,49.79999923706055,49.79999923706055,49.20000076293945,49.4900016784668,46.733909606933594,931000
2008-02-05,48.88999938964844,49.310001373291016,47.790000915527344,47.810001373291016,45.1474723815918,2073700
2008-02-06,45.56999969482422,49.61000061035156,45.56999969482422,48.779998779296875,46.06344223022461,3093300
2008-02-07,48.77000045776367,49.029998779296875,46.4900016784668,48.22999954223633,45.5440788269043,3260800
2008-02-08,48.06999969482422,48.09000015258789,47.2400016784668,47.58000183105469,44.93027114868164,1326000
2008-02-11,47.93000030517578,47.93000030517578,46.04999923706055,47.13999938964844,44.5147705078125,1689800
2008-02-12,47.15999984741211,47.15999984741211,46.45000076293945,47.04999923706055,44.429786682128906,3135500
2008-02-13,46.790000915527344,47.38999938964844,45.06999969482422,46.810001373291016,44.203163146972656,5382100
2008-02-14,46.91999816894531,47.15999984741211,45.75,45.849998474121094,43.29661560058594,1797300
2008-02-15,45.970001220703125,48.470001220703125,45.7599983215332,48.470001220703125,45.77070617675781,2899200
2008-02-19,49.06999969482422,49.06999969482422,47.61000061035156,47.84000015258789,45.175785064697266,1717400
2008-02-20,47.52000045776367,48.36000061035156,47.099998474121094,48.220001220703125,45.53463363647461,1471100
2008-02-21,48.380001068115234,48.40999984741211,47.04999923706055,47.13999938964844,44.5147705078125,1058700
2008-02-22,47.41999816894531,47.470001220703125,46.09000015258789,47.369998931884766,44.73196792602539,1696800
2008-02-25,47.45000076293945,47.650001525878906,46.619998931884766,47.43000030517578,44.78861999511719,1372300
2008-02-26,47.2599983215332,48.060001373291016,47.16999816894531,47.75,45.09080505371094,2424200
2008-02-27,47.38999938964844,48.29999923706055,47.38999938964844,47.720001220703125,45.06246566772461,1035800
2008-02-28,47.470001220703125,47.689998626708984,46.290000915527344,46.43000030517578,43.84431457519531,1869000
2008-02-29,45.84000015258789,45.959999084472656,44.400001525878906,44.58000183105469,42.09733581542969,2076700
2008-03-03,44.439998626708984,44.93000030517578,43.58000183105469,44.7400016784668,42.24843215942383,2019700
2008-03-04,44.2400016784668,44.560001373291016,43.779998779296875,44.16999816894531,41.71016311645508,2725800
2008-03-05,44.06999969482422,45.130001068115234,44.04999923706055,44.91999816894531,42.418399810791016,1883400
2008-03-06,44.63999938964844,44.939998626708984,43.18000030517578,43.2599983215332,40.85084915161133,1623800
2008-03-07,42.83000183105469,43.7599983215332,42.66999816894531,42.88999938964844,40.5389404296875,2800000
2008-03-10,43.0099983215332,44.5,42.79999923706055,42.97999954223633,40.62400817871094,1596400
2008-03-11,40.5,40.63999938964844,36.75,38.7599983215332,36.63532638549805,11468600
2008-03-12,37.400001525878906,41.75,37.0099983215332,39.95000076293945,37.76010513305664,9304800
2008-03-13,40.0,41.16999816894531,39.75,41.040000915527344,38.790348052978516,5108700
2008-03-14,41.36000061035156,41.36000061035156,39.130001068115234,39.939998626708984,37.75064468383789,3942700
2008-03-17,39.29999923706055,40.040000915527344,39.0,39.43000030517578,37.26860809326172,3041500
2008-03-18,40.0,40.220001220703125,38.349998474121094,39.56999969482422,37.40092468261719,3253600
2008-03-19,39.9900016784668,41.060001373291016,39.380001068115234,39.380001068115234,37.22134017944336,2571000
2008-03-20,39.380001068115234,41.290000915527344,38.84000015258789,39.83000183105469,37.64667892456055,2434000
2008-03-24,42.0,42.0,40.709999084472656,41.40999984741211,39.14007568359375,1898400
2008-03-25,42.540000915527344,42.79999923706055,41.380001068115234,41.90999984741211,39.61266326904297,1938800
2008-03-26,41.75,41.75,40.84000015258789,41.2599983215332,38.998291015625,1711700
2008-03-27,41.36000061035156,41.959999084472656,40.970001220703125,41.619998931884766,39.33855438232422,1675300
2008-03-28,41.900001525878906,41.900001525878906,40.97999954223633,41.11000061035156,38.85651397705078,1559400
2008-03-31,41.34000015258789,41.52000045776367,40.459999084472656,40.56999969482422,38.34611511230469,2072300
2008-04-01,41.0,44.18000030517578,40.0,44.18000030517578,41.75822830200195,3150000
2008-04-02,44.029998779296875,44.5,42.959999084472656,43.209999084472656,40.84140396118164,3130100
2008-04-03,42.880001068115234,43.849998474121094,42.7599983215332,43.08000183105469,40.71852111816406,2306000
2008-04-04,43.47999954223633,43.77000045776367,42.68000030517578,43.41999816894531,41.03988265991211,1480200
2008-04-07,43.81999969482422,44.29999923706055,43.33000183105469,43.400001525878906,41.02099609375,1422000
2008-04-08,43.189998626708984,44.119998931884766,43.0099983215332,43.59000015258789,41.200565338134766,1299600
2008-04-09,43.75,44.02000045776367,42.720001220703125,42.880001068115234,40.52949142456055,1345800
2008-04-10,42.2400016784668,43.380001068115234,42.0,42.849998474121094,40.50113296508789,1708700
2008-04-11,43.380001068115234,43.5,41.790000915527344,41.849998474121094,39.555938720703125,1505100
2008-04-14,41.68000030517578,42.27000045776367,41.33000183105469,41.689998626708984,39.40471649169922,1475000
2008-04-15,41.43000030517578,43.220001220703125,41.43000030517578,42.689998626708984,40.34989929199219,2379300
2008-04-16,40.41999816894531,43.34000015258789,40.41999816894531,42.63999938964844,40.30263900756836,1638300
2008-04-17,42.709999084472656,43.5,42.5099983215332,43.150001525878906,40.78468704223633,1761000
2008-04-18,43.959999084472656,44.2400016784668,42.560001373291016,42.70000076293945,40.35935974121094,1613100
2008-04-21,42.38999938964844,42.9900016784668,41.970001220703125,42.310001373291016,39.9907341003418,2159100
2008-04-22,41.45000076293945,41.45000076293945,39.400001525878906,39.83000183105469,37.64667892456055,4262100
2008-04-23,40.06999969482422,43.31999969482422,39.7599983215332,42.880001068115234,40.52949142456055,5129900
2008-04-24,43.45000076293945,43.45000076293945,41.54999923706055,42.08000183105469,39.773345947265625,1956900
2008-04-25,42.189998626708984,43.54999923706055,41.810001373291016,43.4900016784668,41.106040954589844,1642100
2008-04-28,43.959999084472656,43.959999084472656,42.97999954223633,43.33000183105469,40.9548225402832,1271900
2008-04-29,43.36000061035156,44.0,43.0099983215332,43.689998626708984,41.295082092285156,1442300
2008-04-30,43.47999954223633,43.939998626708984,42.36000061035156,42.709999084472656,40.36880111694336,2026600
2008-05-01,41.900001525878906,42.0,40.31999969482422,41.0,38.75254821777344,4867500
2008-05-02,42.93000030517578,42.93000030517578,41.29999923706055,42.43000030517578,40.10416030883789,3066900
2008-05-05,42.0,42.29999923706055,40.970001220703125,41.18000030517578,38.92267608642578,3037800
2008-05-06,41.40999984741211,41.40999984741211,40.18000030517578,41.13999938964844,38.88487243652344,1960100
2008-05-07,41.4900016784668,41.4900016784668,40.540000915527344,40.79999923706055,38.563507080078125,2682800
2008-05-08,41.029998779296875,41.25,40.599998474121094,41.16999816894531,38.91322708129883,2068600
2008-05-09,40.709999084472656,41.310001373291016,40.5,41.279998779296875,39.01719665527344,1963200
2008-05-12,41.29999923706055,41.709999084472656,40.68000030517578,40.90999984741211,38.6674690246582,1991700
2008-05-13,41.369998931884766,41.369998931884766,39.41999816894531,39.869998931884766,37.68449020385742,3738400
2008-05-14,40.0,40.2599983215332,39.54999923706055,40.060001373291016,37.864070892333984,2963200
2008-05-15,40.0099983215332,40.2599983215332,39.56999969482422,40.209999084472656,38.00585174560547,2402100
2008-05-16,40.900001525878906,40.900001525878906,39.68000030517578,40.459999084472656,38.24214172363281,3283300
2008-05-19,40.560001373291016,40.630001068115234,39.560001373291016,39.79999923706055,37.61832809448242,2693600
2008-05-20,40.02000045776367,40.36000061035156,38.869998931884766,39.54999923706055,37.382022857666016,4684000
2008-05-21,39.2599983215332,40.47999954223633,39.25,39.83000183105469,37.64667892456055,3066700
2008-05-22,38.560001373291016,40.970001220703125,38.54999923706055,40.7400016784668,38.506797790527344,2991500
2008-05-23,40.47999954223633,40.939998626708984,40.310001373291016,40.59000015258789,38.36502456665039,2895200
2008-05-27,40.33000183105469,40.66999816894531,39.900001525878906,40.47999954223633,38.261051177978516,2676900
2008-05-28,40.599998474121094,42.0,40.43000030517578,40.650001525878906,38.42172622680664,1749500
2008-05-29,40.369998931884766,41.33000183105469,40.349998474121094,40.93000030517578,38.68638229370117,2418900
2008-05-30,41.02000045776367,41.29999923706055,40.58000183105469,40.599998474121094,38.37447738647461,1667700
2008-06-02,40.5,40.849998474121094,39.91999816894531,40.150001525878906,37.94913864135742,1904900
2008-06-03,40.209999084472656,40.63999938964844,39.709999084472656,40.20000076293945,37.99638748168945,2455300
2008-06-04,40.20000076293945,41.31999969482422,40.20000076293945,40.70000076293945,38.46898651123047,2769900
2008-06-05,40.5099983215332,42.43000030517578,40.06999969482422,42.290000915527344,39.97183609008789,4015500
2008-06-06,41.75,42.119998931884766,41.310001373291016,41.54999923706055,39.27238845825195,2879500
2008-06-09,41.849998474121094,41.849998474121094,40.470001220703125,40.59000015258789,38.36502456665039,2116700
2008-06-10,40.15999984741211,40.560001373291016,39.880001068115234,40.34000015258789,38.128719329833984,2643500
2008-06-11,40.290000915527344,40.41999816894531,39.79999923706055,39.88999938964844,37.703392028808594,3081600
2008-06-12,40.130001068115234,40.220001220703125,39.7400016784668,39.93000030517578,37.7411994934082,2808900
2008-06-13,40.33000183105469,40.97999954223633,39.66999816894531,40.650001525878906,38.42172622680664,2241400
2008-06-16,39.81999969482422,40.70000076293945,39.20000076293945,40.099998474121094,37.9018669128418,2458000
2008-06-17,40.540000915527344,40.790000915527344,39.939998626708984,40.099998474121094,37.9018669128418,2549000
2008-06-18,40.18000030517578,40.18000030517578,39.54999923706055,39.70000076293945,37.5238151550293,2396800
2008-06-19,38.2400016784668,38.34000015258789,36.25,36.939998626708984,34.915096282958984,8055400
2008-06-20,36.90999984741211,37.11000061035156,36.08000183105469,36.189998626708984,34.206207275390625,4006600
2008-06-23,36.27000045776367,36.31999969482422,35.06999969482422,35.36000061035156,33.42171859741211,4321500
2008-06-24,35.29999923706055,36.29999923706055,35.29999923706055,35.869998931884766,33.90374755859375,3218100
2008-06-25,35.779998779296875,36.959999084472656,35.779998779296875,36.619998931884766,34.61264419555664,2735300
2008-06-26,36.13999938964844,36.41999816894531,35.18000030517578,35.22999954223633,33.298828125,2207200
2008-06-27,35.36000061035156,36.0099983215332,35.27000045776367,35.70000076293945,33.74306869506836,4276300
2008-06-30,35.59000015258789,35.900001525878906,35.279998779296875,35.38999938964844,33.45005798339844,2696600
2008-07-01,35.290000915527344,35.650001525878906,34.779998779296875,34.95000076293945,33.034183502197266,3069400
2008-07-02,35.65999984741211,36.790000915527344,35.5,35.720001220703125,33.76197052001953,5295100
2008-07-03,35.29999923706055,35.689998626708984,33.720001220703125,34.40999984741211,32.52377700805664,3633100
2008-07-07,34.56999969482422,35.0,33.849998474121094,34.369998931884766,32.4859733581543,3273400
2008-07-08,34.349998474121094,35.86000061035156,34.310001373291016,35.849998474121094,33.88484573364258,2281100
2008-07-09,35.81999969482422,36.400001525878906,35.54999923706055,35.61000061035156,33.65800857543945,3001000
2008-07-10,35.34000015258789,35.58000183105469,33.5,34.290000915527344,32.41036605834961,5589400
2008-07-11,33.88999938964844,34.38999938964844,33.22999954223633,33.810001373291016,31.956682205200195,3048300
2008-07-14,34.400001525878906,35.16999816894531,34.150001525878906,34.45000076293945,32.56159973144531,2436300
2008-07-15,34.130001068115234,34.40999984741211,32.90999984741211,33.619998931884766,31.777082443237305,3270200
2008-07-16,33.599998474121094,33.81999969482422,33.11000061035156,33.72999954223633,31.881057739257812,2585200
2008-07-17,33.52000045776367,34.290000915527344,32.81999969482422,34.11000061035156,32.240230560302734,3938100
2008-07-18,34.06999969482422,35.04999923706055,33.540000915527344,34.970001220703125,33.0530891418457,2912500
2008-07-21,34.79999923706055,35.45000076293945,33.7599983215332,34.11000061035156,32.240230560302734,3137500
2008-07-22,34.0099983215332,36.2400016784668,34.0099983215332,36.04999923706055,34.07388687133789,3620200
2008-07-23,36.52000045776367,38.0,36.09000015258789,37.58000183105469,35.520015716552734,4047200
2008-07-24,37.66999816894531,37.66999816894531,36.68000030517578,36.84000015258789,34.820579528808594,2337900
2008-07-25,37.02000045776367,37.4900016784668,36.709999084472656,37.099998474121094,35.06631851196289,2279400
2008-07-28,37.099998474121094,37.33000183105469,36.560001373291016,36.59000015258789,34.58427429199219,1705700
2008-07-29,36.22999954223633,36.84000015258789,35.880001068115234,36.43000030517578,34.43304443359375,3276700
2008-07-30,36.5099983215332,37.2400016784668,36.13999938964844,36.86000061035156,34.839481353759766,1654900
2008-07-31,36.7400016784668,37.68000030517578,36.529998779296875,37.02000045776367,34.99070739746094,3938400
2008-08-01,36.290000915527344,36.290000915527344,34.099998474121094,35.61000061035156,33.65800857543945,5534900
2008-08-04,35.65999984741211,38.119998931884766,35.65999984741211,37.47999954223633,35.425498962402344,3435000
2008-08-05,37.349998474121094,39.459999084472656,37.09000015258789,39.380001068115234,37.22134017944336,3386800
2008-08-06,39.189998626708984,40.290000915527344,38.810001373291016,40.09000015258789,37.892425537109375,4120300
2008-08-07,39.849998474121094,41.11000061035156,39.63999938964844,40.65999984741211,38.431182861328125,3880500
2008-08-08,40.65999984741211,42.2599983215332,40.34000015258789,42.18000030517578,39.86785888671875,4587800
2008-08-11,42.20000076293945,42.720001220703125,40.0099983215332,42.63999938964844,40.30263900756836,2499900
2008-08-12,41.97999954223633,43.31999969482422,41.560001373291016,41.75,39.46143341064453,3257600
2008-08-13,41.79999923706055,42.720001220703125,41.529998779296875,42.2400016784668,39.924564361572266,2121300
2008-08-14,42.0,43.11000061035156,41.88999938964844,42.650001525878906,40.31210708618164,2242600
2008-08-15,42.720001220703125,44.13999938964844,42.54999923706055,43.150001525878906,40.78468704223633,2455200
2008-08-18,43.45000076293945,43.45000076293945,41.869998931884766,42.20000076293945,39.88676452636719,1819800
2008-08-19,42.04999923706055,42.439998626708984,41.47999954223633,41.9900016784668,39.688270568847656,2293100
2008-08-20,42.25,42.25,41.209999084472656,41.779998779296875,39.489784240722656,1639100
2008-08-21,41.5,41.95000076293945,41.11000061035156,41.47999954223633,39.206241607666016,1874700
2008-08-22,41.560001373291016,42.52000045776367,41.41999816894531,42.2599983215332,39.9434700012207,1900000
2008-08-25,41.560001373291016,42.31999969482422,40.68000030517578,41.060001373291016,38.80925369262695,2026400
2008-08-26,41.04999923706055,41.84000015258789,40.58000183105469,41.529998779296875,39.253482818603516,1266500
2008-08-27,41.650001525878906,42.119998931884766,40.77000045776367,41.779998779296875,39.489784240722656,1739400
2008-08-28,41.869998931884766,42.630001068115234,41.810001373291016,42.459999084472656,40.13251876831055,1327900
2008-08-29,42.2400016784668,42.90999984741211,41.86000061035156,41.880001068115234,39.58430862426758,1847100
2008-09-02,41.88999938964844,43.47999954223633,41.4900016784668,41.869998931884766,39.574851989746094,2838300
2008-09-03,41.599998474121094,42.43000030517578,41.18000030517578,41.959999084472656,39.65993118286133,1732000
2008-09-04,41.59000015258789,41.72999954223633,39.650001525878906,39.66999816894531,37.495452880859375,2713700
2008-09-05,39.38999938964844,39.91999816894531,38.720001220703125,39.81999969482422,37.637237548828125,2075700
2008-09-08,40.66999816894531,41.18000030517578,40.380001068115234,41.06999969482422,38.81870651245117,2142800
2008-09-09,40.90999984741211,41.439998626708984,39.2400016784668,39.36000061035156,37.20244216918945,3543900
2008-09-10,39.560001373291016,40.40999984741211,39.13999938964844,39.91999816894531,37.73173141479492,2696900
2008-09-11,39.34000015258789,40.880001068115234,39.06999969482422,40.65999984741211,38.431182861328125,2989800
2008-09-12,40.290000915527344,40.83000183105469,39.66999816894531,40.65999984741211,38.431182861328125,2474200
2008-09-15,39.779998779296875,40.43000030517578,39.0,39.4900016784668,37.3253173828125,2485800
2008-09-16,38.709999084472656,39.2400016784668,36.560001373291016,37.939998626708984,35.86027908325195,4023700
2008-09-17,37.150001525878906,37.70000076293945,35.599998474121094,35.599998474121094,33.6485481262207,3176800
2008-09-18,36.150001525878906,39.310001373291016,33.9900016784668,37.16999816894531,35.132484436035156,5524700
2008-09-19,41.650001525878906,42.75,36.41999816894531,36.849998474121094,34.83003234863281,4649800
2008-09-22,35.5,36.29999923706055,34.16999816894531,34.529998779296875,32.637203216552734,2182800
2008-09-23,34.54999923706055,35.06999969482422,33.959999084472656,34.5099983215332,32.61830139160156,1722200
2008-09-24,34.2599983215332,34.68000030517578,33.72999954223633,33.72999954223633,31.881057739257812,1302400
2008-09-25,33.849998474121094,36.150001525878906,33.849998474121094,35.310001373291016,33.37445068359375,1568200
2008-09-26,34.72999954223633,37.40999984741211,34.72999954223633,36.529998779296875,34.52756881713867,1322500
2008-09-29,35.81999969482422,37.06999969482422,31.690000534057617,33.33000183105469,31.50298309326172,2008200
2008-09-30,35.25,35.25,32.790000915527344,33.97999954223633,32.11735534667969,1918700
2008-10-01,34.20000076293945,35.290000915527344,32.36000061035156,33.7599983215332,31.909408569335938,1431200
2008-10-02,33.619998931884766,33.97999954223633,31.350000381469727,32.16999816894531,30.40656852722168,1651800
2008-10-03,32.91999816894531,34.47999954223633,32.66999816894531,33.400001525878906,31.569149017333984,2105000
2008-10-06,33.459999084472656,34.0,28.8700008392334,30.290000915527344,28.629627227783203,3571700
2008-10-07,31.200000762939453,31.90999984741211,29.6299991607666,30.25,28.59181785583496,2664300
2008-10-08,29.190000534057617,30.100000381469727,26.780000686645508,27.649999618530273,26.134340286254883,4564500
2008-10-09,27.760000228881836,27.899999618530273,24.799999237060547,24.799999237060547,23.440561294555664,6415800
2008-10-10,24.420000076293945,24.889999389648438,21.25,22.260000228881836,21.039794921875,7715200
2008-10-13,23.059999465942383,27.5,22.729999542236328,27.5,25.992563247680664,4876900
2008-10-14,28.68000030517578,31.1200008392334,28.420000076293945,30.520000457763672,28.847015380859375,5892800
2008-10-15,29.950000762939453,30.770000457763672,26.40999984741211,26.5,25.04737663269043,5699100
2008-10-16,26.920000076293945,29.06999969482422,24.360000610351562,25.739999771118164,24.329036712646484,6678300
2008-10-17,25.049999237060547,27.229999542236328,25.020000457763672,25.219999313354492,23.837541580200195,8020300
2008-10-20,25.530000686645508,27.84000015258789,25.059999465942383,27.799999237060547,26.27611541748047,2735900
2008-10-21,27.479999542236328,29.290000915527344,26.34000015258789,27.860000610351562,26.332828521728516,3440100
2008-10-22,25.56999969482422,26.200000762939453,23.780000686645508,24.43000030517578,23.090845108032227,4754700
2008-10-23,24.510000228881836,25.530000686645508,23.209999084472656,24.420000076293945,23.081392288208008,4609100
2008-10-24,22.520000457763672,24.450000762939453,22.15999984741211,23.829999923706055,22.523731231689453,3519800
2008-10-27,23.43000030517578,23.43000030517578,20.260000228881836,20.729999542236328,19.59366226196289,5311600
2008-10-28,22.479999542236328,22.479999542236328,20.6299991607666,22.25,21.030345916748047,6222300
2008-10-29,21.90999984741211,21.940000534057617,19.25,19.850000381469727,18.76190757751465,8399000
2008-10-30,20.559999465942383,20.600000381469727,15.079999923706055,15.579999923706055,14.72596549987793,17798700
2008-10-31,15.34000015258789,18.079999923706055,9.819999694824219,16.299999237060547,15.40649700164795,51904300
2008-11-03,16.40999984741211,19.34000015258789,16.1299991607666,19.18000030517578,18.12862777709961,14618000
2008-11-04,18.190000534057617,18.780000686645508,17.010000228881836,18.010000228881836,17.022762298583984,10526700
2008-11-05,17.649999618530273,18.530000686645508,16.940000534057617,17.149999618530273,16.20990753173828,5859500
2008-11-06,16.809999465942383,16.950000762939453,15.0600004196167,15.319999694824219,14.480216979980469,7503800
2008-11-07,15.40999984741211,16.06999969482422,15.229999542236328,15.850000381469727,14.981165885925293,4172800
2008-11-10,16.34000015258789,16.549999237060547,14.420000076293945,15.050000190734863,14.225018501281738,4261200
2008-11-11,15.170000076293945,15.170000076293945,13.5,14.149999618530273,13.374353408813477,5360300
2008-11-12,13.470000267028809,13.880000114440918,12.930000305175781,13.010000228881836,12.296843528747559,4077500
2008-11-13,13.130000114440918,13.4399995803833,12.119999885559082,13.210000038146973,12.485878944396973,7320600
2008-11-14,13.010000228881836,14.039999961853027,12.489999771118164,12.949999809265137,12.240133285522461,7364400
2008-11-17,12.800000190734863,13.350000381469727,12.15999984741211,12.180000305175781,11.512341499328613,5408300
2008-11-18,12.180000305175781,12.9399995803833,11.800000190734863,12.550000190734863,11.862059593200684,5006500
2008-11-19,12.520000457763672,12.859999656677246,10.670000076293945,10.880000114440918,10.283601760864258,7514600
2008-11-20,10.850000381469727,11.0,8.779999732971191,8.880000114440918,8.393234252929688,9602300
2008-11-21,9.130000114440918,9.510000228881836,8.0,8.819999694824219,8.336522102355957,16410900
2008-11-24,9.109999656677246,10.670000076293945,8.9399995803833,10.420000076293945,9.8488187789917,8491500
2008-11-25,10.869999885559082,11.789999961853027,10.079999923706055,11.539999961853027,10.907422065734863,8084800
2008-11-26,11.3100004196167,12.470000267028809,10.75,12.369999885559082,11.691927909851074,4743300
2008-11-28,12.329999923706055,12.65999984741211,11.859999656677246,12.109999656677246,11.44617748260498,2149900
2008-12-01,11.770000457763672,11.930000305175781,11.010000228881836,11.15999984741211,10.548254013061523,4024300
2008-12-02,11.010000228881836,12.199999809265137,11.010000228881836,11.989999771118164,11.332757949829102,6034400
2008-12-03,11.729999542236328,12.59000015258789,11.319999694824219,12.4399995803833,11.758087158203125,4388900
2008-12-04,11.800000190734863,12.789999961853027,11.800000190734863,12.3100004196167,11.635214805603027,5457100
2008-12-05,12.130000114440918,14.260000228881836,11.479999542236328,14.140000343322754,13.36490249633789,7954400
2008-12-08,14.5,14.989999771118164,13.84000015258789,14.699999809265137,13.894205093383789,6360700
2008-12-09,14.5,16.299999237060547,13.890000343322754,14.050000190734863,13.27983570098877,8274500
2008-12-10,14.25,14.760000228881836,13.869999885559082,14.390000343322754,13.6011962890625,3565900
2008-12-11,14.390000343322754,15.65999984741211,14.380000114440918,14.800000190734863,13.988724708557129,4937000
2008-12-12,14.34000015258789,15.539999961853027,13.770000457763672,15.539999961853027,14.68815803527832,7438900
2008-12-15,15.630000114440918,16.030000686645508,14.140000343322754,14.630000114440918,13.828042984008789,4648900
2008-12-16,14.989999771118164,16.09000015258789,14.130000114440918,15.979999542236328,15.104040145874023,6761600
2008-12-17,15.640000343322754,16.3799991607666,15.300000190734863,15.84000015258789,14.971714973449707,3891300
2008-12-18,16.059999465942383,16.989999771118164,15.399999618530273,15.899999618530273,15.028422355651855,4233700
2008-12-19,15.510000228881836,16.479999542236328,15.220000267028809,16.18000030517578,15.293074607849121,6023600
2008-12-22,16.1299991607666,17.440000534057617,15.130000114440918,15.529999732971191,14.678709030151367,2999700
2008-12-23,15.729999542236328,16.15999984741211,15.40999984741211,15.510000228881836,14.659805297851562,2117700
2008-12-24,15.600000381469727,15.600000381469727,15.09000015258789,15.399999618530273,14.555834770202637,688300
2008-12-26,15.729999542236328,15.979999542236328,15.630000114440918,15.880000114440918,15.009521484375,1422200
2008-12-29,15.600000381469727,15.729999542236328,15.15999984741211,15.390000343322754,14.546381950378418,3385200
2008-12-30,15.529999732971191,16.520000457763672,15.510000228881836,16.489999771118164,15.586085319519043,2725000
2008-12-31,16.469999313354492,16.989999771118164,16.270000457763672,16.850000381469727,15.926351547241211,3100700
2009-01-02,16.90999984741211,17.90999984741211,16.780000686645508,17.790000915527344,16.8148193359375,3099700
2009-01-05,17.700000762939453,18.780000686645508,17.280000686645508,18.149999618530273,17.15509033203125,4649200
2009-01-06,17.65999984741211,18.270000457763672,17.520000457763672,18.170000076293945,17.173994064331055,4732800
2009-01-07,17.8700008392334,18.049999237060547,17.0,17.09000015258789,16.153196334838867,3870700
2009-01-08,17.040000915527344,17.520000457763672,16.719999313354492,17.389999389648438,16.436744689941406,2715400
2009-01-09,17.610000610351562,17.68000030517578,16.530000686645508,16.709999084472656,15.794020652770996,3113500
2009-01-12,16.670000076293945,17.15999984741211,15.829999923706055,16.030000686645508,15.151298522949219,3213800
2009-01-13,14.770000457763672,16.510000228881836,14.770000457763672,15.420000076293945,14.574735641479492,8594500
2009-01-14,15.039999961853027,15.039999961853027,14.3100004196167,14.65999984741211,13.856398582458496,3612100
2009-01-15,14.640000343322754,14.970000267028809,14.010000228881836,14.720000267028809,13.913110733032227,5585400
2009-01-16,14.8100004196167,15.670000076293945,14.720000267028809,15.270000457763672,14.432960510253906,6182500
2009-01-20,15.229999542236328,15.970000267028809,14.039999961853027,14.109999656677246,13.336545944213867,5367000
2009-01-21,14.970000267028809,15.0600004196167,14.039999961853027,14.850000381469727,14.035983085632324,4305100
2009-01-22,14.520000457763672,15.449999809265137,14.100000381469727,14.949999809265137,14.130499839782715,7596400
2009-01-23,14.130000114440918,15.779999732971191,14.119999885559082,15.520000457763672,14.669257164001465,3050800
2009-01-26,15.640000343322754,16.110000610351562,15.34000015258789,15.600000381469727,14.744869232177734,2947500
2009-01-27,15.729999542236328,16.6299991607666,15.649999618530273,16.549999237060547,15.642797470092773,4230900
2009-01-28,16.010000228881836,18.81999969482422,16.010000228881836,18.290000915527344,17.28741455078125,9245600
2009-01-29,18.1200008392334,18.25,17.290000915527344,17.600000381469727,16.635242462158203,4551400
2009-01-30,17.6200008392334,17.780000686645508,16.65999984741211,17.360000610351562,16.40839385986328,5034100
2009-02-02,17.010000228881836,18.049999237060547,16.790000915527344,17.65999984741211,16.691946029663086,6082500
2009-02-03,17.8700008392334,18.579999923706055,17.600000381469727,18.3700008392334,17.3630313873291,5254600
2009-02-04,18.360000610351562,18.6299991607666,17.56999969482422,18.020000457763672,17.032222747802734,5236200
2009-02-05,18.440000534057617,21.780000686645508,18.440000534057617,21.389999389648438,20.217487335205078,12772600
2009-02-06,21.459999084472656,22.5,20.690000534057617,21.729999542236328,20.538846969604492,5681700
2009-02-09,22.0,23.059999465942383,21.3700008392334,22.25,21.030345916748047,4128800
2009-02-10,21.8799991607666,22.25,20.06999969482422,20.530000686645508,19.404626846313477,6667800
2009-02-11,20.690000534057617,21.239999771118164,20.31999969482422,21.139999389648438,19.981191635131836,4292400
2009-02-12,20.40999984741211,21.829999923706055,20.0,21.489999771118164,20.31200408935547,4641800
2009-02-13,21.479999542236328,21.959999084472656,20.979999542236328,21.299999237060547,20.132417678833008,3720000
2009-02-17,20.5,20.93000030517578,19.75,19.920000076293945,18.82806396484375,5118200
2009-02-18,20.079999923706055,20.889999389648438,19.600000381469727,20.600000381469727,19.47079086303711,8543500
2009-02-19,20.979999542236328,21.389999389648438,19.190000534057617,19.219999313354492,18.166440963745117,6834200
2009-02-20,18.799999237060547,19.329999923706055,18.049999237060547,18.670000076293945,17.646589279174805,7490200
2009-02-23,18.229999542236328,18.989999771118164,16.860000610351562,17.719999313354492,16.748661041259766,9185500
2009-02-24,18.020000457763672,18.889999389648438,17.860000610351562,18.799999237060547,17.769458770751953,8281200
2009-02-25,18.709999084472656,18.75,17.459999084472656,17.920000076293945,16.937700271606445,6033500
2009-02-26,18.190000534057617,18.190000534057617,15.760000228881836,16.389999389648438,15.49156379699707,9547200
2009-02-27,15.9399995803833,17.139999389648438,15.579999923706055,15.760000228881836,14.896100997924805,7635000
2009-03-02,15.649999618530273,15.649999618530273,13.579999923706055,14.029999732971191,13.260930061340332,9812700
2009-03-03,14.449999809265137,14.979999542236328,13.020000457763672,13.329999923706055,12.599305152893066,9369000
2009-03-04,13.6899995803833,14.75,13.289999961853027,14.34000015258789,13.553936958312988,6897300
2009-03-05,13.960000038146973,14.140000343322754,12.680000305175781,12.869999885559082,12.164518356323242,5870800
2009-03-06,13.010000228881836,13.619999885559082,12.739999771118164,13.4399995803833,12.70327091217041,7623000
2009-03-09,13.399999618530273,14.180000305175781,12.90999984741211,13.609999656677246,12.902353286743164,4825800
2009-03-10,14.260000228881836,15.550000190734863,13.84000015258789,15.319999694824219,14.52344036102295,6469100
2009-03-11,15.460000038146973,15.859999656677246,14.979999542236328,15.289999961853027,14.495002746582031,6078500
2009-03-12,15.279999732971191,17.0,15.180000305175781,16.540000915527344,15.680006980895996,6663700
2009-03-13,16.649999618530273,17.520000457763672,16.649999618530273,17.239999771118164,16.343618392944336,5121800
2009-03-16,17.360000610351562,17.950000762939453,16.6200008392334,16.670000076293945,15.803247451782227,5365300
2009-03-17,16.739999771118164,17.260000228881836,16.399999618530273,17.25,16.35309410095215,4366600
2009-03-18,17.1299991607666,19.329999923706055,16.780000686645508,18.5,17.538097381591797,8644400
2009-03-19,18.81999969482422,19.200000762939453,17.510000228881836,17.81999969482422,16.893455505371094,5758900
2009-03-20,17.8700008392334,17.899999618530273,16.850000381469727,17.260000228881836,16.36257553100586,4736200
2009-03-23,17.829999923706055,18.8700008392334,17.559999465942383,18.719999313354492,17.746660232543945,5680300
2009-03-24,18.030000686645508,18.709999084472656,17.729999542236328,17.760000228881836,16.836576461791992,4004100
2009-03-25,18.350000381469727,18.479999542236328,17.3700008392334,17.75,16.827096939086914,4591400
2009-03-26,17.989999771118164,18.709999084472656,17.799999237060547,18.639999389648438,17.670822143554688,3121100
2009-03-27,18.440000534057617,18.520000457763672,17.81999969482422,17.899999618530273,16.969301223754883,3154900
2009-03-30,17.350000381469727,17.600000381469727,16.700000762939453,17.1299991607666,16.239330291748047,4724300
2009-03-31,17.510000228881836,18.209999084472656,17.059999465942383,17.59000015258789,16.675418853759766,4140400
2009-04-01,17.200000762939453,18.290000915527344,16.84000015258789,17.889999389648438,16.959815979003906,4763100
2009-04-02,18.43000030517578,19.25,18.280000686645508,18.600000381469727,17.632898330688477,4855100
2009-04-03,18.59000015258789,19.010000228881836,17.770000457763672,18.34000015258789,17.38642120361328,4245600
2009-04-06,18.1299991607666,18.989999771118164,17.709999084472656,17.899999618530273,16.969301223754883,3980500
2009-04-07,17.489999771118164,18.360000610351562,16.889999389648438,17.850000381469727,16.921899795532227,5223200
2009-04-08,18.280000686645508,19.260000228881836,17.979999542236328,19.030000686645508,18.040542602539062,4902900
2009-04-09,19.40999984741211,20.6299991607666,19.31999969482422,20.450000762939453,19.38671112060547,5146700
2009-04-13,20.510000228881836,21.309999465942383,20.299999237060547,20.43000030517578,19.367748260498047,4430800
2009-04-14,19.84000015258789,20.3799991607666,19.469999313354492,19.559999465942383,18.542987823486328,3570500
2009-04-15,19.530000686645508,20.790000915527344,19.510000228881836,20.75,19.671110153198242,5960200
2009-04-16,20.6200008392334,21.639999389648438,20.100000381469727,21.219999313354492,20.11667251586914,7099700
2009-04-17,21.3799991607666,21.799999237060547,20.829999923706055,21.40999984741211,20.29679298400879,3743000
2009-04-20,21.06999969482422,21.350000381469727,19.969999313354492,20.049999237060547,19.007505416870117,3251300
2009-04-21,20.350000381469727,20.860000610351562,19.420000076293945,20.1200008392334,19.073867797851562,2938500
2009-04-22,19.729999542236328,20.520000457763672,19.510000228881836,20.020000457763672,18.979063034057617,2389400
2009-04-23,20.1200008392334,20.520000457763672,18.950000762939453,19.56999969482422,18.55246353149414,2880700
2009-04-24,19.459999084472656,20.139999389648438,19.15999984741211,19.579999923706055,18.56194496154785,2716700
2009-04-27,20.09000015258789,20.790000915527344,19.489999771118164,19.5,18.486108779907227,3711900
2009-04-28,19.329999923706055,21.18000030517578,19.329999923706055,20.389999389648438,19.329832077026367,4424100
2009-04-29,20.34000015258789,21.31999969482422,19.829999923706055,20.770000457763672,19.690073013305664,3806500
2009-04-30,19.799999237060547,21.1299991607666,19.350000381469727,19.709999084472656,18.685184478759766,5733100
2009-05-01,19.75,20.0,19.31999969482422,19.489999771118164,18.476627349853516,2920900
2009-05-04,19.940000534057617,19.940000534057617,18.549999237060547,19.309999465942383,18.305988311767578,4898900
2009-05-05,19.5,19.979999542236328,19.020000457763672,19.229999542236328,18.230144500732422,5709800
2009-05-06,19.5,20.15999984741211,19.020000457763672,20.06999969482422,19.02646827697754,5152900
2009-05-07,20.280000686645508,23.489999771118164,20.149999618530273,22.34000015258789,21.178438186645508,10634700
2009-05-08,23.510000228881836,24.6299991607666,23.469999313354492,23.68000030517578,22.448766708374023,7163100
2009-05-11,23.770000457763672,23.770000457763672,21.3700008392334,21.43000030517578,20.315759658813477,5669400
2009-05-12,21.6299991607666,22.0,20.899999618530273,21.5,20.382118225097656,3101400
2009-05-13,21.219999313354492,22.260000228881836,20.799999237060547,21.209999084472656,20.107194900512695,4902400
2009-05-14,21.739999771118164,22.229999542236328,21.020000457763672,21.860000610351562,20.723400115966797,5318700
2009-05-15,21.809999465942383,22.979999542236328,21.479999542236328,21.65999984741211,20.53380012512207,4481800
2009-05-18,21.899999618530273,21.90999984741211,20.760000228881836,21.469999313354492,20.353675842285156,5471700
2009-05-19,21.469999313354492,21.920000076293945,20.940000534057617,21.0,19.908105850219727,3601400
2009-05-20,21.280000686645508,21.979999542236328,20.850000381469727,20.940000534057617,19.85123634338379,3236600
2009-05-21,20.610000610351562,21.739999771118164,20.459999084472656,20.739999771118164,19.661640167236328,4399700
2009-05-22,20.649999618530273,20.969999313354492,19.889999389648438,19.93000030517578,18.893747329711914,3205600
2009-05-26,19.780000686645508,20.670000076293945,19.31999969482422,20.469999313354492,19.405672073364258,3735800
2009-05-27,20.309999465942383,21.040000915527344,20.190000534057617,20.329999923706055,19.272951126098633,3652100
2009-05-28,20.540000915527344,22.200000762939453,20.540000915527344,21.889999389648438,20.7518367767334,7796100
2009-05-29,21.850000381469727,22.299999237060547,21.200000762939453,22.170000076293945,21.017282485961914,4728200
2009-06-01,22.450000762939453,23.479999542236328,22.239999771118164,23.1200008392334,21.91788673400879,5222700
2009-06-02,22.81999969482422,24.030000686645508,22.600000381469727,23.459999084472656,22.24020767211914,4555700
2009-06-03,22.350000381469727,23.299999237060547,22.170000076293945,23.200000762939453,21.993730545043945,5400900
2009-06-04,23.469999313354492,23.829999923706055,22.489999771118164,23.06999969482422,21.8704833984375,3872700
2009-06-05,23.489999771118164,23.600000381469727,22.670000076293945,22.84000015258789,21.65243911743164,2661000
2009-06-08,22.729999542236328,22.780000686645508,21.110000610351562,21.270000457763672,20.164079666137695,7066000
2009-06-09,21.549999237060547,21.579999923706055,19.850000381469727,20.40999984741211,19.34878921508789,9191900
2009-06-10,20.670000076293945,21.270000457763672,20.170000076293945,20.469999313354492,19.405672073364258,4767600
2009-06-11,20.239999771118164,21.1200008392334,20.0,20.899999618530273,19.813312530517578,4763200
2009-06-12,20.6299991607666,21.15999984741211,20.209999084472656,20.889999389648438,19.803831100463867,4074800
2009-06-15,20.40999984741211,20.770000457763672,20.149999618530273,20.399999618530273,19.33930778503418,3743700
2009-06-16,20.299999237060547,21.979999542236328,20.270000457763672,21.540000915527344,20.42003631591797,7074100
2009-06-17,21.450000762939453,22.290000915527344,21.100000381469727,21.84000015258789,20.704435348510742,5745400
2009-06-18,21.979999542236328,23.739999771118164,21.93000030517578,23.65999984741211,22.4298095703125,8136000
2009-06-19,24.18000030517578,25.43000030517578,24.059999465942383,25.239999771118164,23.927656173706055,11455800
2009-06-22,24.59000015258789,25.06999969482422,23.59000015258789,23.920000076293945,22.676286697387695,6570600
2009-06-23,23.979999542236328,24.25,23.559999465942383,23.8799991607666,22.638364791870117,3476100
2009-06-24,24.229999542236328,24.450000762939453,23.56999969482422,23.709999084472656,22.47720718383789,4789600
2009-06-25,23.489999771118164,25.600000381469727,23.290000915527344,24.979999542236328,23.68117332458496,6653300
2009-06-26,24.899999618530273,25.100000381469727,24.3799991607666,24.670000076293945,23.38729476928711,3506900
2009-06-29,24.649999618530273,24.889999389648438,23.860000610351562,24.25,22.9891300201416,4252000
2009-06-30,24.270000457763672,24.579999923706055,23.760000228881836,24.09000015258789,22.83745574951172,4565800
2009-07-01,23.8799991607666,24.860000610351562,23.540000915527344,24.56999969482422,23.292490005493164,3858600
2009-07-02,24.110000610351562,24.389999389648438,23.520000457763672,23.65999984741211,22.4298095703125,4381900
2009-07-06,23.540000915527344,23.84000015258789,23.100000381469727,23.469999313354492,22.249685287475586,3497600
2009-07-07,23.510000228881836,25.68000030517578,23.459999084472656,25.239999771118164,23.927656173706055,9531900
2009-07-08,25.40999984741211,25.520000457763672,23.350000381469727,24.1299991607666,22.875368118286133,7601100
2009-07-09,24.219999313354492,24.649999618530273,23.280000686645508,24.06999969482422,22.818492889404297,5048800
2009-07-10,23.84000015258789,24.68000030517578,23.799999237060547,23.979999542236328,22.733169555664062,3042900
2009-07-13,24.110000610351562,24.729999542236328,23.959999084472656,24.68000030517578,23.396766662597656,3366300
2009-07-14,24.649999618530273,25.06999969482422,24.15999984741211,24.610000610351562,23.330413818359375,3304100
2009-07-15,24.81999969482422,25.100000381469727,23.489999771118164,24.520000457763672,23.245092391967773,5988400
2009-07-16,24.489999771118164,24.979999542236328,23.34000015258789,24.75,23.463136672973633,5800100
2009-07-17,24.93000030517578,25.0,24.450000762939453,24.8700008392334,23.57689666748047,4046300
2009-07-20,24.850000381469727,25.0,24.290000915527344,24.969999313354492,23.67169189453125,3471900
2009-07-21,24.889999389648438,25.670000076293945,24.229999542236328,24.6299991607666,23.349374771118164,4200500
2009-07-22,24.59000015258789,24.90999984741211,24.280000686645508,24.40999984741211,23.14081382751465,4760100
2009-07-23,24.3799991607666,25.530000686645508,24.100000381469727,25.31999969482422,24.003496170043945,4698600
2009-07-24,25.510000228881836,26.350000381469727,25.34000015258789,26.200000762939453,24.837745666503906,4097500
2009-07-27,25.790000915527344,26.979999542236328,25.559999465942383,26.440000534057617,25.065263748168945,3716700
2009-07-28,26.8700008392334,28.989999771118164,26.3799991607666,28.469999313354492,26.989715576171875,9700000
2009-07-29,28.149999618530273,29.0,26.040000915527344,26.579999923706055,25.19798469543457,9498800
2009-07-30,28.209999084472656,29.15999984741211,27.229999542236328,27.760000228881836,26.316625595092773,9443400
2009-07-31,27.729999542236328,28.639999389648438,27.56999969482422,28.399999618530273,26.92335319519043,5099700
2009-08-03,28.270000457763672,28.75,27.31999969482422,28.049999237060547,26.591552734375,5811200
2009-08-04,27.8799991607666,28.649999618530273,27.40999984741211,27.93000030517578,26.47779083251953,4566500
2009-08-05,28.020000457763672,28.030000686645508,27.309999465942383,27.549999237060547,26.117551803588867,3076600
2009-08-06,27.56999969482422,27.860000610351562,26.489999771118164,26.84000015258789,25.44446563720703,5862800
2009-08-07,27.290000915527344,28.239999771118164,27.100000381469727,27.649999618530273,26.212350845336914,3421600
2009-08-10,27.600000381469727,28.010000228881836,27.350000381469727,28.010000228881836,26.553627014160156,2708200
2009-08-11,28.030000686645508,28.579999923706055,27.549999237060547,28.1299991607666,26.667388916015625,4224300
2009-08-12,28.1200008392334,29.049999237060547,27.690000534057617,28.719999313354492,27.22671890258789,3162000
2009-08-13,28.719999313354492,29.510000228881836,28.5,29.049999237060547,27.5395565032959,4341700
2009-08-14,29.049999237060547,29.25,28.309999465942383,28.81999969482422,27.32151985168457,2985200
2009-08-17,28.40999984741211,30.6299991607666,28.360000610351562,29.68000030517578,28.136802673339844,8161300
2009-08-18,29.93000030517578,29.93000030517578,28.780000686645508,29.469999313354492,27.93772315979004,3026300
2009-08-19,28.489999771118164,29.25,28.239999771118164,29.1200008392334,27.60592269897461,3919000
2009-08-20,28.809999465942383,30.549999237060547,28.809999465942383,29.920000076293945,28.364320755004883,4715000
2009-08-21,30.280000686645508,30.280000686645508,29.260000228881836,29.8700008392334,28.316923141479492,4213900
2009-08-24,30.18000030517578,30.34000015258789,29.690000534057617,30.0,28.440160751342773,3266900
2009-08-25,30.010000228881836,30.5,29.829999923706055,30.399999618530273,28.819364547729492,3746000
2009-08-26,30.6299991607666,30.6299991607666,29.65999984741211,29.969999313354492,28.411725997924805,3112700
2009-08-27,30.200000762939453,30.639999389648438,29.979999542236328,30.56999969482422,28.98052215576172,3840300
2009-08-28,30.799999237060547,30.940000534057617,29.530000686645508,29.670000076293945,28.1273193359375,2977900
2009-08-31,29.350000381469727,30.299999237060547,29.1299991607666,29.43000030517578,27.89980125427246,2549600
2009-09-01,29.420000076293945,29.700000762939453,28.520000457763672,28.690000534057617,27.198274612426758,3676000
2009-09-02,28.639999389648438,29.860000610351562,28.3700008392334,29.700000762939453,28.15576171875,5367100
2009-09-03,29.719999313354492,29.81999969482422,28.760000228881836,29.639999389648438,28.0988826751709,3318300
2009-09-04,29.6200008392334,30.25,29.510000228881836,29.899999618530273,28.34536361694336,2079600
2009-09-08,29.75,29.770000457763672,28.850000381469727,29.399999618530273,27.871362686157227,3667900
2009-09-09,29.459999084472656,29.799999237060547,28.579999923706055,29.40999984741211,27.880840301513672,4699300
2009-09-10,29.270000457763672,31.079999923706055,29.209999084472656,31.059999465942383,29.44504737854004,6178300
2009-09-11,31.09000015258789,31.450000762939453,30.850000381469727,31.329999923706055,29.701011657714844,3488000
2009-09-14,31.420000076293945,32.13999938964844,31.110000610351562,32.08000183105469,30.412017822265625,4609000
2009-09-15,32.209999084472656,32.25,31.360000610351562,31.389999389648438,29.757888793945312,4228300
2009-09-16,31.610000610351562,32.540000915527344,30.670000076293945,32.540000915527344,30.848093032836914,4623400
2009-09-17,32.52000045776367,33.0,32.06999969482422,32.599998474121094,30.904972076416016,5554200
2009-09-18,32.70000076293945,32.939998626708984,31.780000686645508,31.84000015258789,30.184490203857422,4600100
2009-09-21,31.56999969482422,32.02000045776367,31.360000610351562,31.75,30.099178314208984,2000200
2009-09-22,31.829999923706055,31.979999542236328,30.889999389648438,31.309999465942383,29.682048797607422,5076600
2009-09-23,31.229999542236328,31.360000610351562,30.18000030517578,30.34000015258789,28.762481689453125,7950600
2009-09-24,30.350000381469727,30.649999618530273,28.829999923706055,29.200000762939453,27.681758880615234,6555200
2009-09-25,29.06999969482422,29.520000457763672,28.200000762939453,28.309999465942383,26.838037490844727,5857400
2009-09-28,28.5,29.350000381469727,28.299999237060547,29.040000915527344,27.530078887939453,5513900
2009-09-29,29.260000228881836,29.420000076293945,27.90999984741211,28.600000381469727,27.11295509338379,9140000
2009-09-30,28.530000686645508,28.530000686645508,27.450000762939453,28.09000015258789,26.629474639892578,8036900
2009-10-01,27.940000534057617,29.1299991607666,27.649999618530273,27.809999465942383,26.364028930664062,4518500
2009-10-02,27.530000686645508,28.31999969482422,26.829999923706055,27.81999969482422,26.373512268066406,4691900
2009-10-05,28.020000457763672,28.850000381469727,27.489999771118164,28.700000762939453,27.2077579498291,4534900
2009-10-06,28.8700008392334,28.979999542236328,28.010000228881836,28.68000030517578,27.188793182373047,4637300
2009-10-07,28.399999618530273,29.920000076293945,28.399999618530273,29.559999465942383,28.023042678833008,5502700
2009-10-08,28.760000228881836,29.0,28.100000381469727,28.329999923706055,26.856990814208984,6823300
2009-10-09,28.549999237060547,29.6200008392334,28.469999313354492,29.520000457763672,27.985122680664062,5114600
2009-10-12,29.84000015258789,30.1200008392334,29.540000915527344,29.639999389648438,28.0988826751709,3095200
2009-10-13,29.56999969482422,29.6200008392334,28.479999542236328,28.709999084472656,27.217235565185547,4329500
2009-10-14,28.860000610351562,29.809999465942383,28.68000030517578,29.709999084472656,28.16524314880371,3608600
2009-10-15,29.540000915527344,30.0,28.670000076293945,28.93000030517578,27.425796508789062,4729300
2009-10-16,28.65999984741211,29.020000457763672,28.309999465942383,28.3700008392334,26.894916534423828,2924200
2009-10-19,28.399999618530273,28.889999389648438,28.299999237060547,28.850000381469727,27.349958419799805,2709600
2009-10-20,28.920000076293945,29.950000762939453,28.829999923706055,29.25,27.729158401489258,4147500
2009-10-21,29.239999771118164,29.84000015258789,28.09000015258789,28.15999984741211,26.695829391479492,3901600
2009-10-22,28.100000381469727,29.200000762939453,28.100000381469727,28.920000076293945,27.416311264038086,4598800
2009-10-23,29.25,29.360000610351562,28.350000381469727,28.5,27.018152236938477,2547000
2009-10-26,28.790000915527344,28.889999389648438,27.3799991607666,27.5,26.07015037536621,3670500
2009-10-27,27.59000015258789,29.040000915527344,27.200000762939453,28.6299991607666,27.14139747619629,5942400
2009-10-28,28.440000534057617,28.59000015258789,27.399999618530273,27.549999237060547,26.117551803588867,4555400
2009-10-29,27.700000762939453,28.950000762939453,27.700000762939453,28.729999542236328,27.236196517944336,4219400
2009-10-30,28.540000915527344,28.969999313354492,27.84000015258789,27.84000015258789,26.39246940612793,3621500
2009-11-02,27.93000030517578,28.549999237060547,27.56999969482422,28.030000686645508,26.572593688964844,3859200
2009-11-03,28.170000076293945,28.43000030517578,27.739999771118164,28.309999465942383,26.838037490844727,3007200
2009-11-04,29.260000228881836,30.989999771118164,29.149999618530273,29.780000686645508,28.23160171508789,7697900
2009-11-05,30.3700008392334,30.649999618530273,29.649999618530273,30.440000534057617,28.85728645324707,3455300
2009-11-06,29.729999542236328,30.959999084472656,29.729999542236328,30.8799991607666,29.27440643310547,3432400
2009-11-09,30.639999389648438,31.479999542236328,30.239999771118164,30.959999084472656,29.350248336791992,4767100
2009-11-10,30.90999984741211,31.25,30.700000762939453,30.950000762939453,29.340770721435547,2575700
2009-11-11,31.0,31.18000030517578,30.440000534057617,30.899999618530273,29.29336929321289,3503800
2009-11-12,30.860000610351562,31.0,30.079999923706055,30.219999313354492,28.648723602294922,2103500
2009-11-13,30.450000762939453,30.90999984741211,30.219999313354492,30.59000015258789,28.999486923217773,2058700
2009-11-16,30.780000686645508,31.510000228881836,30.610000610351562,30.93000030517578,29.321807861328125,4268300
2009-11-17,30.950000762939453,31.06999969482422,30.3700008392334,30.59000015258789,28.999486923217773,2718000
2009-11-18,30.549999237060547,30.770000457763672,30.1200008392334,30.18000030517578,28.610803604125977,2893600
2009-11-19,29.75,30.0,28.950000762939453,29.84000015258789,28.288480758666992,3993600
2009-11-20,29.459999084472656,30.170000076293945,29.459999084472656,30.030000686645508,28.468605041503906,2970500
2009-11-23,31.190000534057617,32.439998626708984,31.190000534057617,32.29999923706055,30.620576858520508,5951300
2009-11-24,32.25,32.79999923706055,31.899999618530273,32.79999923706055,31.094575881958008,3780900
2009-11-25,32.810001373291016,33.25,32.220001220703125,33.15999984741211,31.43585968017578,3200800
2009-11-27,32.08000183105469,32.7599983215332,31.770000457763672,32.63999938964844,30.942895889282227,1683200
2009-11-30,33.0,33.0,31.969999313354492,32.08000183105469,30.412017822265625,3620900
2009-12-01,32.22999954223633,33.52000045776367,32.08000183105469,33.08000183105469,31.360013961791992,4226000
2009-12-02,33.119998931884766,33.369998931884766,32.7599983215332,33.369998931884766,31.634939193725586,3110600
2009-12-03,33.47999954223633,33.540000915527344,32.150001525878906,32.22999954223633,30.554218292236328,3364200
2009-12-04,32.40999984741211,33.13999938964844,31.940000534057617,32.15999984741211,30.48785400390625,3544600
2009-12-07,31.979999542236328,33.84000015258789,31.979999542236328,33.2400016784668,31.511695861816406,4010700
2009-12-08,32.849998474121094,34.38999938964844,32.849998474121094,33.849998474121094,32.08998489379883,4924000
2009-12-09,34.09000015258789,34.86000061035156,33.279998779296875,33.54999923706055,31.80558204650879,6388200
2009-12-10,33.779998779296875,35.75,33.779998779296875,35.58000183105469,33.730018615722656,6448300
2009-12-11,35.52000045776367,36.0,35.20000076293945,35.560001373291016,33.71107864379883,2951200
2009-12-14,36.13999938964844,36.689998626708984,35.90999984741211,36.279998779296875,34.39362716674805,3510500
2009-12-15,36.27000045776367,36.95000076293945,35.560001373291016,36.04999923706055,34.175601959228516,3880400
2009-12-16,36.310001373291016,37.04999923706055,36.13999938964844,36.79999923706055,34.88660430908203,4532200
2009-12-17,36.27000045776367,36.650001525878906,35.540000915527344,36.060001373291016,34.185081481933594,2945700
2009-12-18,36.060001373291016,36.22999954223633,35.349998474121094,35.79999923706055,33.938602447509766,3917600
2009-12-21,36.189998626708984,38.119998931884766,36.189998626708984,37.189998626708984,35.25632095336914,4378500
2009-12-22,37.38999938964844,37.65999984741211,36.41999816894531,36.66999816894531,34.76335525512695,4316300
2009-12-23,36.970001220703125,37.189998626708984,36.45000076293945,36.4900016784668,34.59272003173828,2876300
2009-12-24,36.58000183105469,36.650001525878906,35.540000915527344,36.33000183105469,34.44103240966797,1697900
2009-12-28,36.2400016784668,36.619998931884766,35.709999084472656,36.060001373291016,34.185081481933594,2040500
2009-12-29,36.220001220703125,36.4900016784668,35.93000030517578,36.209999084472656,34.327266693115234,1473600
2009-12-30,36.06999969482422,36.06999969482422,35.529998779296875,35.81999969482422,33.957550048828125,1389900
2009-12-31,35.869998931884766,36.18000030517578,35.2599983215332,35.27000045776367,33.436153411865234,1112700
2010-01-04,35.27000045776367,36.40999984741211,35.18000030517578,36.369998931884766,34.47896194458008,3227300
2010-01-05,36.41999816894531,37.5,35.9900016784668,36.97999954223633,35.0572395324707,4564300
2010-01-06,36.939998626708984,37.560001373291016,36.540000915527344,36.900001525878906,34.981407165527344,2611900
2010-01-07,36.16999816894531,38.400001525878906,36.0,38.2599983215332,36.27067947387695,4950900
2010-01-08,38.36000061035156,38.36000061035156,37.5099983215332,37.970001220703125,35.99576950073242,2717900
2010-01-11,38.04999923706055,38.25,37.130001068115234,37.369998931884766,35.42695617675781,2409800
2010-01-12,37.2400016784668,37.369998931884766,36.13999938964844,36.540000915527344,34.64011764526367,4353800
2010-01-13,36.68000030517578,37.04999923706055,35.630001068115234,36.45000076293945,34.55479049682617,5431700
2010-01-14,36.31999969482422,36.91999816894531,35.869998931884766,36.77000045776367,34.858154296875,3356200
2010-01-15,36.720001220703125,37.0,35.81999969482422,36.84000015258789,34.92451858520508,4148100
2010-01-19,37.15999984741211,38.880001068115234,37.0099983215332,37.91999816894531,35.9483642578125,7779800
2010-01-20,38.5,39.2599983215332,37.93000030517578,38.20000076293945,36.21381378173828,6612300
2010-01-21,38.310001373291016,38.86000061035156,36.95000076293945,37.04999923706055,35.123600006103516,4185900
2010-01-22,36.959999084472656,38.08000183105469,36.529998779296875,36.720001220703125,34.810752868652344,4325200
2010-01-25,37.209999084472656,37.209999084472656,36.29999923706055,36.349998474121094,34.45999526977539,3221000
2010-01-26,34.720001220703125,35.41999816894531,33.97999954223633,34.36000061035156,32.57347106933594,8537300
2010-01-27,34.209999084472656,34.97999954223633,33.75,34.59000015258789,32.791507720947266,4046400
2010-01-28,34.79999923706055,35.34000015258789,34.47999954223633,34.4900016784668,32.69670486450195,3673700
2010-01-29,34.529998779296875,34.63999938964844,33.709999084472656,33.77000045776367,32.01414489746094,2617100
2010-02-01,33.689998626708984,34.439998626708984,33.119998931884766,33.790000915527344,32.03310775756836,4718200
2010-02-02,33.83000183105469,35.36000061035156,33.63999938964844,35.2400016784668,33.40770721435547,4455400
2010-02-03,35.02000045776367,35.20000076293945,34.0,34.7599983215332,32.952667236328125,4012700
2010-02-04,34.630001068115234,35.63999938964844,33.09000015258789,33.52000045776367,31.777135848999023,6359800
2010-02-05,33.439998626708984,33.9900016784668,32.70000076293945,33.36000061035156,31.625465393066406,5361000
2010-02-08,33.2400016784668,33.84000015258789,32.72999954223633,33.08000183105469,31.360013961791992,2747900
2010-02-09,33.4900016784668,33.75,32.68000030517578,33.47999954223633,31.739229202270508,2863900
2010-02-10,33.31999969482422,33.5,32.56999969482422,33.060001373291016,31.341064453125,3263900
2010-02-11,32.900001525878906,33.40999984741211,32.59000015258789,33.34000015258789,31.606494903564453,3037900
2010-02-12,32.869998931884766,32.93000030517578,32.27000045776367,32.7599983215332,31.056657791137695,4100000
2010-02-16,32.099998474121094,32.720001220703125,32.0,32.720001220703125,31.01874351501465,4182000
2010-02-17,32.630001068115234,33.720001220703125,32.630001068115234,33.189998626708984,31.46429443359375,5307200
2010-02-18,32.619998931884766,33.540000915527344,32.619998931884766,33.150001525878906,31.426376342773438,4585300
2010-02-19,32.95000076293945,33.0,32.5,32.79999923706055,31.094575881958008,2729800
2010-02-22,32.63999938964844,33.65999984741211,32.63999938964844,33.41999816894531,31.682334899902344,4063300
2010-02-23,33.150001525878906,33.34000015258789,32.619998931884766,33.0,31.284183502197266,3433000
2010-02-24,33.189998626708984,33.97999954223633,32.540000915527344,33.93000030517578,32.16581726074219,5177500
2010-02-25,33.529998779296875,34.20000076293945,32.9900016784668,33.869998931884766,32.10895919799805,4678000
2010-02-26,34.040000915527344,34.7599983215332,33.90999984741211,34.2599983215332,32.478660583496094,3212700
2010-03-01,34.58000183105469,34.9900016784668,34.029998779296875,34.58000183105469,32.78202438354492,3701100
2010-03-02,34.720001220703125,34.79999923706055,34.290000915527344,34.439998626708984,32.64929962158203,4178000
2010-03-03,34.5099983215332,35.06999969482422,34.209999084472656,34.689998626708984,32.88630676269531,3145300
2010-03-04,34.65999984741211,34.70000076293945,33.58000183105469,34.040000915527344,32.27010726928711,5001000
2010-03-05,34.119998931884766,34.81999969482422,33.97999954223633,34.77000045776367,32.96214294433594,3587800
2010-03-08,34.7599983215332,34.939998626708984,34.369998931884766,34.79999923706055,32.990577697753906,2347000
2010-03-09,33.79999923706055,34.58000183105469,33.779998779296875,34.04999923706055,32.31673049926758,3625400
2010-03-10,33.90999984741211,34.63999938964844,33.7400016784668,34.33000183105469,32.58247375488281,2762800
2010-03-11,34.18000030517578,34.9900016784668,33.880001068115234,34.95000076293945,33.1709098815918,3317900
2010-03-12,34.9900016784668,35.22999954223633,34.290000915527344,34.540000915527344,32.78179168701172,2432700
2010-03-15,34.400001525878906,34.439998626708984,33.45000076293945,34.290000915527344,32.54451370239258,2485500
2010-03-16,34.33000183105469,35.040000915527344,33.93000030517578,34.959999084472656,33.180416107177734,3322700
2010-03-17,35.09000015258789,35.09000015258789,34.41999816894531,34.83000183105469,33.05702590942383,2267400
2010-03-18,34.25,36.02000045776367,34.0,35.84000015258789,34.01560592651367,6015600
2010-03-19,37.08000183105469,38.0099983215332,35.9900016784668,37.08000183105469,35.1924934387207,7779700
2010-03-22,37.38999938964844,37.970001220703125,36.810001373291016,37.279998779296875,35.38231658935547,4975300
2010-03-23,37.41999816894531,37.470001220703125,36.66999816894531,36.939998626708984,35.05961990356445,3372900
2010-03-24,37.02000045776367,37.08000183105469,36.25,36.38999938964844,34.53761672973633,2617700
2010-03-25,36.83000183105469,36.849998474121094,36.029998779296875,36.099998474121094,34.26237869262695,3769200
2010-03-26,36.27000045776367,36.47999954223633,35.599998474121094,35.900001525878906,34.07255935668945,2684000
2010-03-29,36.040000915527344,36.43000030517578,35.779998779296875,36.349998474121094,34.4996452331543,1591900
2010-03-30,36.45000076293945,36.81999969482422,36.16999816894531,36.58000183105469,34.71794509887695,2405600
2010-03-31,36.459999084472656,36.66999816894531,36.060001373291016,36.58000183105469,34.71794509887695,2688200
2010-04-01,36.63999938964844,37.189998626708984,36.63999938964844,37.150001525878906,35.25892639160156,2346300
2010-04-05,37.33000183105469,37.61000061035156,36.970001220703125,37.0,35.11656188964844,2677900
2010-04-06,36.93000030517578,37.36000061035156,36.77000045776367,37.09000015258789,35.201988220214844,2011900
2010-04-07,36.970001220703125,36.970001220703125,35.88999938964844,36.25,34.40473556518555,3054900
2010-04-08,36.06999969482422,36.630001068115234,35.5,36.619998931884766,34.75590896606445,3895300
2010-04-09,36.54999923706055,36.70000076293945,36.150001525878906,36.630001068115234,34.7653923034668,3976700
2010-04-12,36.56999969482422,36.66999816894531,36.310001373291016,36.41999816894531,34.56608581542969,1864300
2010-04-13,36.27000045776367,36.29999923706055,35.220001220703125,35.709999084472656,33.8922233581543,4866200
2010-04-14,35.75,35.75,34.63999938964844,34.68000030517578,32.9146614074707,7120000
2010-04-15,34.68000030517578,34.880001068115234,34.060001373291016,34.720001220703125,32.9526252746582,5305800
2010-04-16,34.599998474121094,35.16999816894531,34.0,34.4900016784668,32.73434066772461,5123200
2010-04-19,34.279998779296875,35.70000076293945,34.279998779296875,35.29999923706055,33.50309753417969,4627100
2010-04-20,35.58000183105469,36.040000915527344,34.369998931884766,34.93000030517578,33.15192794799805,4115900
2010-04-21,34.91999816894531,35.08000183105469,33.810001373291016,34.0,32.2692756652832,4109800
2010-04-22,33.849998474121094,33.900001525878906,33.13999938964844,33.529998779296875,31.823204040527344,4793000
2010-04-23,33.41999816894531,34.209999084472656,33.279998779296875,33.9900016784668,32.25978469848633,4083900
2010-04-26,34.099998474121094,34.2400016784668,32.849998474121094,32.880001068115234,31.206283569335938,4320500
2010-04-27,32.5,33.279998779296875,32.16999816894531,32.36000061035156,30.712757110595703,7248800
2010-04-28,32.59000015258789,33.36000061035156,32.220001220703125,33.099998474121094,31.415096282958984,6623100
2010-04-29,33.18000030517578,34.58000183105469,33.18000030517578,33.810001373291016,32.08894729614258,5997100
2010-04-30,33.900001525878906,33.900001525878906,32.0,32.060001373291016,30.428028106689453,7562700
2010-05-03,32.38999938964844,32.77000045776367,31.899999618530273,32.720001220703125,31.054431915283203,6332300
2010-05-04,32.18000030517578,32.209999084472656,31.149999618530273,31.219999313354492,29.63078498840332,5226200
2010-05-05,30.780000686645508,32.2599983215332,30.780000686645508,32.0,30.371084213256836,7035100
2010-05-06,32.79999923706055,33.970001220703125,30.780000686645508,32.93000030517578,31.253747940063477,9088800
2010-05-07,33.060001373291016,33.060001373291016,30.969999313354492,31.389999389648438,29.792133331298828,8912100
2010-05-10,32.45000076293945,33.060001373291016,32.099998474121094,32.650001525878906,30.987993240356445,4642600
2010-05-11,32.29999923706055,33.650001525878906,32.16999816894531,33.130001068115234,31.44356918334961,3376400
2010-05-12,33.279998779296875,34.119998931884766,33.06999969482422,33.959999084472656,32.2313117980957,3249000
2010-05-13,33.720001220703125,34.599998474121094,33.5,33.84000015258789,32.117427825927734,4022200
2010-05-14,33.56999969482422,33.7599983215332,32.81999969482422,33.43000030517578,31.728286743164062,3297000
2010-05-17,33.33000183105469,33.880001068115234,32.869998931884766,33.66999816894531,31.956069946289062,2924800
2010-05-18,33.97999954223633,34.45000076293945,33.630001068115234,33.75,32.0319938659668,4323000
2010-05-19,33.5,34.31999969482422,33.439998626708984,33.7400016784668,32.02251052856445,3480200
2010-05-20,33.0,33.400001525878906,32.33000183105469,32.630001068115234,30.969013214111328,5477100
2010-05-21,31.989999771118164,33.15999984741211,31.8799991607666,32.650001525878906,30.987993240356445,4533400
2010-05-24,32.439998626708984,33.2400016784668,32.2599983215332,32.709999084472656,31.044939041137695,3057600
2010-05-25,31.610000610351562,32.189998626708984,31.219999313354492,32.15999984741211,30.522937774658203,6186700
2010-05-26,32.45000076293945,33.2599983215332,32.34000015258789,32.43000030517578,30.779193878173828,4027500
2010-05-27,33.189998626708984,33.709999084472656,32.720001220703125,33.68000030517578,31.96556854248047,2404100
2010-05-28,33.63999938964844,33.900001525878906,33.25,33.470001220703125,31.766254425048828,2789300
2010-06-01,33.06999969482422,33.970001220703125,32.81999969482422,32.86000061035156,31.187301635742188,3189700
2010-06-02,33.09000015258789,33.790000915527344,32.95000076293945,33.7599983215332,32.04148483276367,3289400
2010-06-03,33.959999084472656,34.86000061035156,33.70000076293945,34.79999923706055,33.0285530090332,3175400
2010-06-04,34.27000045776367,35.7599983215332,33.970001220703125,34.06999969482422,32.335716247558594,4178100
2010-06-07,34.029998779296875,34.72999954223633,33.220001220703125,33.90999984741211,32.18384552001953,3489900
2010-06-08,34.2599983215332,34.41999816894531,33.0099983215332,33.630001068115234,31.918113708496094,4762600
2010-06-09,33.869998931884766,34.15999984741211,33.130001068115234,33.290000915527344,31.59541893005371,2944900
2010-06-10,33.720001220703125,34.20000076293945,33.380001068115234,34.13999938964844,32.40214538574219,3104400
2010-06-11,33.77000045776367,34.540000915527344,33.540000915527344,34.4900016784668,32.73434066772461,2417900
2010-06-14,34.720001220703125,35.189998626708984,34.529998779296875,34.54999923706055,32.791290283203125,2957000
2010-06-15,34.869998931884766,35.16999816894531,34.7400016784668,35.11000061035156,33.3227653503418,2226500
2010-06-16,34.79999923706055,35.4900016784668,34.75,35.189998626708984,33.39870834350586,1764300
2010-06-17,35.36000061035156,35.5,34.95000076293945,35.34000015258789,33.54105758666992,2370500
2010-06-18,35.38999938964844,35.470001220703125,35.06999969482422,35.209999084472656,33.41767501831055,2718100
2010-06-21,35.52000045776367,35.939998626708984,35.08000183105469,35.209999084472656,33.41767501831055,2179800
2010-06-22,35.130001068115234,35.40999984741211,34.11000061035156,34.209999084472656,32.46857833862305,4185400
2010-06-23,34.15999984741211,34.29999923706055,33.720001220703125,33.95000076293945,32.22182083129883,3243200
2010-06-24,33.779998779296875,34.13999938964844,33.279998779296875,33.34000015258789,31.64287567138672,2523800
2010-06-25,33.36000061035156,33.47999954223633,32.93000030517578,33.290000915527344,31.59541893005371,4592800
2010-06-28,33.29999923706055,33.72999954223633,33.09000015258789,33.189998626708984,31.50050926208496,2183500
2010-06-29,32.77000045776367,32.939998626708984,31.649999618530273,31.8700008392334,30.24770164489746,4941600
2010-06-30,31.670000076293945,31.969999313354492,30.950000762939453,31.059999465942383,29.478931427001953,4876900
2010-07-01,30.979999542236328,31.040000915527344,29.1200008392334,29.860000610351562,28.340011596679688,9695900
2010-07-02,29.989999771118164,30.15999984741211,29.579999923706055,29.770000457763672,28.25459861755371,3010600
2010-07-06,30.25,30.739999771118164,29.829999923706055,30.190000534057617,28.65321922302246,4533600
2010-07-07,30.420000076293945,31.270000457763672,30.170000076293945,30.700000762939453,29.137252807617188,7405500
2010-07-08,30.8700008392334,31.290000915527344,30.6299991607666,31.010000228881836,29.431474685668945,2986700
2010-07-09,31.1299991607666,31.350000381469727,30.8799991607666,31.290000915527344,29.697227478027344,2148900
2010-07-12,31.219999313354492,31.40999984741211,30.889999389648438,31.1299991607666,29.545368194580078,2646500
2010-07-13,31.43000030517578,31.709999084472656,31.239999771118164,31.3700008392334,29.77315902709961,2619900
2010-07-14,31.329999923706055,31.65999984741211,31.059999465942383,31.450000762939453,29.84908103942871,3576300
2010-07-15,31.5,31.920000076293945,30.8700008392334,31.610000610351562,30.000932693481445,3702100
2010-07-16,31.389999389648438,31.68000030517578,30.299999237060547,30.34000015258789,28.79558563232422,3732500
2010-07-19,30.510000228881836,31.290000915527344,30.459999084472656,31.149999618530273,29.564346313476562,2679600
2010-07-20,30.729999542236328,31.31999969482422,30.420000076293945,31.25,29.659259796142578,3722700
2010-07-21,31.479999542236328,31.5,30.510000228881836,30.690000534057617,29.127765655517578,3290200
2010-07-22,31.030000686645508,31.6299991607666,30.899999618530273,31.520000457763672,29.915517807006836,3399800
2010-07-23,31.399999618530273,31.540000915527344,30.81999969482422,31.010000228881836,29.431474685668945,3799300
2010-07-26,31.0,31.850000381469727,30.950000762939453,31.780000686645508,30.162282943725586,2197400
2010-07-27,31.989999771118164,32.04999923706055,31.459999084472656,31.530000686645508,29.925004959106445,2129400
2010-07-28,31.40999984741211,31.65999984741211,30.229999542236328,30.3700008392334,28.82405662536621,3677800
2010-07-29,30.6299991607666,31.020000457763672,30.229999542236328,30.6200008392334,29.06132698059082,2944900
2010-07-30,30.389999389648438,31.010000228881836,30.059999465942383,30.760000228881836,29.194204330444336,2607100
2010-08-02,31.280000686645508,31.649999618530273,30.989999771118164,31.59000015258789,29.981952667236328,2890100
2010-08-03,31.399999618530273,32.209999084472656,31.31999969482422,31.770000457763672,30.152790069580078,3151400
2010-08-04,31.799999237060547,32.369998931884766,31.719999313354492,32.150001525878906,30.513450622558594,3199300
2010-08-05,33.779998779296875,34.029998779296875,32.65999984741211,33.959999084472656,32.2313117980957,5912200
2010-08-06,33.619998931884766,34.560001373291016,33.52000045776367,34.38999938964844,32.63941955566406,3242500
2010-08-09,34.68000030517578,34.77000045776367,34.380001068115234,34.63999938964844,32.8766975402832,2547200
2010-08-10,34.349998474121094,35.0,34.13999938964844,34.86000061035156,33.08550262451172,2727200
2010-08-11,34.369998931884766,34.369998931884766,32.84000015258789,33.400001525878906,31.699817657470703,5760200
2010-08-12,33.150001525878906,33.560001373291016,32.779998779296875,33.41999816894531,31.718799591064453,2395800
2010-08-13,33.279998779296875,33.52000045776367,32.939998626708984,33.380001068115234,31.680835723876953,2110300
2010-08-16,33.13999938964844,33.43000030517578,32.54999923706055,33.369998931884766,31.671344757080078,2903000
2010-08-17,33.709999084472656,34.13999938964844,33.36000061035156,33.779998779296875,32.06046676635742,1982500
2010-08-18,33.709999084472656,33.959999084472656,33.31999969482422,33.77000045776367,32.05099105834961,3029100
2010-08-19,33.560001373291016,33.72999954223633,32.61000061035156,32.880001068115234,31.206283569335938,3367700
2010-08-20,32.61000061035156,32.95000076293945,32.099998474121094,32.40999984741211,30.760215759277344,1962900
2010-08-23,32.58000183105469,33.040000915527344,32.47999954223633,32.720001220703125,31.054431915283203,2619700
2010-08-24,32.29999923706055,32.4900016784668,31.770000457763672,31.770000457763672,30.152790069580078,2776900
2010-08-25,31.540000915527344,32.470001220703125,31.389999389648438,32.33000183105469,30.684284210205078,2164100
2010-08-26,32.4900016784668,32.75,31.90999984741211,32.0,30.371084213256836,1763000
2010-08-27,32.15999984741211,32.560001373291016,31.56999969482422,32.52000045776367,30.864604949951172,1816700
2010-08-30,32.41999816894531,32.75,31.90999984741211,31.90999984741211,30.28566551208496,1232600
2010-08-31,31.780000686645508,32.79999923706055,31.5,32.220001220703125,30.579883575439453,3526800
2010-09-01,32.68000030517578,33.58000183105469,32.38999938964844,33.56999969482422,31.861164093017578,2752400
2010-09-02,33.40999984741211,33.619998931884766,32.7400016784668,33.02000045776367,31.339162826538086,3325900
2010-09-03,33.34000015258789,33.91999816894531,33.279998779296875,33.7599983215332,32.04148483276367,1995100
2010-09-07,33.52000045776367,33.7400016784668,33.15999984741211,33.47999954223633,31.775745391845703,1457500
2010-09-08,33.47999954223633,33.720001220703125,33.349998474121094,33.650001525878906,31.937095642089844,1692200
2010-09-09,34.02000045776367,34.650001525878906,33.900001525878906,34.38999938964844,32.63941955566406,2885900
2010-09-10,34.47999954223633,34.689998626708984,34.20000076293945,34.63999938964844,32.8766975402832,1932200
2010-09-13,35.15999984741211,35.36000061035156,34.790000915527344,35.2599983215332,33.46513366699219,3383400
2010-09-14,35.2400016784668,35.38999938964844,34.90999984741211,35.06999969482422,33.28481674194336,2576000
2010-09-15,34.900001525878906,35.0,34.400001525878906,34.650001525878906,32.886199951171875,2900800
2010-09-16,34.599998474121094,34.70000076293945,34.25,34.63999938964844,32.8766975402832,1784100
2010-09-17,34.900001525878906,34.970001220703125,34.33000183105469,34.470001220703125,32.71535873413086,2055000
2010-09-20,34.5099983215332,35.04999923706055,34.43000030517578,34.97999954223633,33.19939041137695,1490200
2010-09-21,35.0,35.880001068115234,34.79999923706055,35.59000015258789,33.778350830078125,2260900
2010-09-22,35.5099983215332,35.70000076293945,35.08000183105469,35.470001220703125,33.6644401550293,2283400
2010-09-23,35.119998931884766,35.83000183105469,35.02000045776367,35.13999938964844,33.35124206542969,2027800
2010-09-24,35.650001525878906,36.0099983215332,35.56999969482422,36.0099983215332,34.17695999145508,2213900
2010-09-27,35.900001525878906,36.040000915527344,35.630001068115234,35.63999938964844,33.82579803466797,2010400
2010-09-28,35.68000030517578,35.7599983215332,35.34000015258789,35.540000915527344,33.73088073730469,2797300
2010-09-29,35.47999954223633,35.66999816894531,34.95000076293945,35.34000015258789,33.54105758666992,3037400
2010-09-30,35.650001525878906,35.9900016784668,35.400001525878906,35.779998779296875,33.95866394042969,3491900
2010-10-01,36.04999923706055,36.18000030517578,35.369998931884766,36.029998779296875,34.19593811035156,2715100
2010-10-04,35.91999816894531,36.04999923706055,34.95000076293945,35.15999984741211,33.37022399902344,2334200
2010-10-05,35.4900016784668,35.91999816894531,35.22999954223633,35.81999969482422,33.99663162231445,2594100
2010-10-06,35.470001220703125,36.040000915527344,34.33000183105469,34.58000183105469,32.81975173950195,3437200
2010-10-07,34.7599983215332,35.58000183105469,34.709999084472656,35.369998931884766,33.56953811645508,2378000
2010-10-08,35.38999938964844,35.54999923706055,34.9900016784668,35.41999816894531,33.61698913574219,1236900
2010-10-11,35.41999816894531,36.220001220703125,35.41999816894531,36.04999923706055,34.21492385864258,1538200
2010-10-12,35.95000076293945,36.29999923706055,35.58000183105469,36.130001068115234,34.29085159301758,2790300
2010-10-13,36.36000061035156,36.54999923706055,36.0,36.189998626708984,34.347801208496094,3778500
2010-10-14,36.189998626708984,36.630001068115234,35.630001068115234,35.95000076293945,34.12001037597656,3294600
2010-10-15,36.279998779296875,36.349998474121094,35.540000915527344,35.869998931884766,34.0440788269043,3641300
2010-10-18,35.81999969482422,35.95000076293945,35.27000045776367,35.709999084472656,33.8922233581543,3300900
2010-10-19,35.18000030517578,35.2400016784668,34.43000030517578,34.619998931884766,32.857723236083984,3314600
2010-10-20,34.63999938964844,35.599998474121094,34.619998931884766,35.310001373291016,33.51258850097656,1854100
2010-10-21,35.349998474121094,35.65999984741211,35.0099983215332,35.65999984741211,33.84477996826172,2516100
2010-10-22,35.65999984741211,36.40999984741211,35.58000183105469,36.16999816894531,34.32882308959961,2239000
2010-10-25,36.5099983215332,36.7400016784668,36.31999969482422,36.380001068115234,34.52812576293945,2357800
2010-10-26,36.15999984741211,36.380001068115234,35.869998931884766,36.130001068115234,34.29085159301758,2006100
2010-10-27,35.84000015258789,36.7599983215332,35.54999923706055,35.84000015258789,34.01560592651367,3782000
2010-10-28,36.119998931884766,36.29999923706055,35.34000015258789,35.65999984741211,33.84477996826172,2542500
2010-10-29,35.63999938964844,36.11000061035156,35.04999923706055,35.15999984741211,33.37022399902344,3755500
2010-11-01,35.31999969482422,35.810001373291016,34.869998931884766,35.380001068115234,33.579036712646484,3565800
2010-11-02,35.720001220703125,36.86000061035156,35.720001220703125,36.849998474121094,34.97419357299805,3824100
2010-11-03,36.849998474121094,37.47999954223633,36.2400016784668,36.81999969482422,34.94573211669922,3401400
2010-11-04,37.20000076293945,37.400001525878906,36.779998779296875,37.369998931884766,35.46772766113281,2172000
2010-11-05,37.47999954223633,37.83000183105469,36.88999938964844,37.36000061035156,35.45823669433594,3070700
2010-11-08,37.130001068115234,37.599998474121094,36.720001220703125,36.83000183105469,34.9552116394043,3727700
2010-11-09,36.880001068115234,37.0099983215332,36.38999938964844,36.560001373291016,34.6989631652832,3275700
2010-11-10,36.58000183105469,36.7400016784668,36.06999969482422,36.650001525878906,34.78437805175781,2890900
2010-11-11,36.369998931884766,37.119998931884766,36.279998779296875,37.0,35.11656188964844,2938800
2010-11-12,37.11000061035156,37.650001525878906,36.90999984741211,37.36000061035156,35.45823669433594,3050000
2010-11-15,37.369998931884766,37.52000045776367,36.439998626708984,36.459999084472656,34.60404968261719,3157400
2010-11-16,36.150001525878906,36.27000045776367,35.630001068115234,35.810001373291016,33.98713684082031,2208300
2010-11-17,35.880001068115234,36.310001373291016,35.459999084472656,36.2400016784668,34.39524459838867,2097400
2010-11-18,36.33000183105469,36.93000030517578,35.81999969482422,36.5,34.64202117919922,2086000
2010-11-19,36.400001525878906,37.47999954223633,36.099998474121094,37.45000076293945,35.54365158081055,4347800
2010-11-22,38.119998931884766,38.54999923706055,36.900001525878906,37.5099983215332,35.60059356689453,4988700
2010-11-23,37.09000015258789,37.189998626708984,36.16999816894531,36.36000061035156,34.50914001464844,3449500
2010-11-24,36.47999954223633,36.900001525878906,36.47999954223633,36.689998626708984,34.82234191894531,2004100
2010-11-26,36.2599983215332,36.65999984741211,36.0099983215332,36.209999084472656,34.36677551269531,1036000
2010-11-29,35.95000076293945,36.970001220703125,35.630001068115234,36.91999816894531,35.04063034057617,3442500
2010-11-30,36.59000015258789,37.099998474121094,36.349998474121094,36.810001373291016,34.93624496459961,3023100
2010-12-01,37.22999954223633,38.0,37.22999954223633,38.0,36.06566619873047,3866300
2010-12-02,37.9900016784668,38.34000015258789,37.7400016784668,38.2599983215332,36.31242752075195,3281400
2010-12-03,38.209999084472656,38.209999084472656,37.689998626708984,37.97999954223633,36.046669006347656,1845000
2010-12-06,37.95000076293945,38.060001373291016,37.529998779296875,37.560001373291016,35.64805221557617,2095000
2010-12-07,37.900001525878906,37.900001525878906,36.970001220703125,37.029998779296875,35.14503479003906,4459000
2010-12-08,37.04999923706055,37.25,36.70000076293945,36.93000030517578,35.05012512207031,2920100
2010-12-09,37.130001068115234,37.88999938964844,37.09000015258789,37.619998931884766,35.70500564575195,3328500
2010-12-10,37.77000045776367,37.88999938964844,37.529998779296875,37.650001525878906,35.73348617553711,1729100
2010-12-13,37.56999969482422,38.349998474121094,37.2599983215332,37.5,35.59111404418945,3711800
2010-12-14,37.540000915527344,37.790000915527344,37.02000045776367,37.150001525878906,35.25892639160156,2783800
2010-12-15,37.040000915527344,37.209999084472656,36.349998474121094,36.83000183105469,34.9552116394043,2814600
2010-12-16,36.849998474121094,36.91999816894531,35.95000076293945,36.34000015258789,34.49016571044922,3838900
2010-12-17,36.33000183105469,36.77000045776367,36.18000030517578,36.70000076293945,34.83183670043945,2769200
2010-12-20,36.849998474121094,36.86000061035156,36.5,36.7599983215332,34.88877868652344,1372400
2010-12-21,36.849998474121094,37.349998474121094,36.779998779296875,37.0,35.11656188964844,2679600
2010-12-22,36.970001220703125,37.06999969482422,36.540000915527344,36.650001525878906,34.78437805175781,1713300
2010-12-23,36.66999816894531,36.83000183105469,36.439998626708984,36.630001068115234,34.7653923034668,1265700
2010-12-27,36.45000076293945,36.599998474121094,36.15999984741211,36.54999923706055,34.68947219848633,806800
2010-12-28,36.56999969482422,36.650001525878906,36.27000045776367,36.599998474121094,34.7369270324707,1070400
2010-12-29,36.54999923706055,36.720001220703125,36.40999984741211,36.540000915527344,34.67998504638672,931700
2010-12-30,36.45000076293945,36.5,36.189998626708984,36.25,34.40473556518555,1377500
2010-12-31,36.2400016784668,36.810001373291016,36.220001220703125,36.65999984741211,34.79386901855469,1330200
2011-01-03,36.86000061035156,37.900001525878906,36.7599983215332,37.81999969482422,35.89482116699219,3245600
2011-01-04,37.779998779296875,37.91999816894531,37.369998931884766,37.47999954223633,35.57212448120117,2326100
2011-01-05,37.310001373291016,37.900001525878906,37.209999084472656,37.599998474121094,35.68601608276367,5450000
2011-01-06,38.18000030517578,39.13999938964844,37.97999954223633,39.0099983215332,37.02424621582031,5900600
2011-01-07,39.130001068115234,39.45000076293945,38.720001220703125,39.40999984741211,37.40388488769531,3762300
2011-01-10,39.130001068115234,39.40999984741211,38.849998474121094,39.279998779296875,37.28050994873047,2579200
2011-01-11,39.439998626708984,39.75,39.36000061035156,39.5,37.48930740356445,2805300
2011-01-12,39.75,39.75,39.150001525878906,39.31999969482422,37.31846618652344,2319000
2011-01-13,39.310001373291016,39.65999984741211,39.220001220703125,39.529998779296875,37.517784118652344,1733000
2011-01-14,39.40999984741211,40.439998626708984,39.220001220703125,40.029998779296875,37.992313385009766,2988100
2011-01-18,40.11000061035156,41.13999938964844,40.040000915527344,41.13999938964844,39.04582214355469,3869600
2011-01-19,40.90999984741211,41.029998779296875,40.209999084472656,40.40999984741211,38.35298538208008,2869700
2011-01-20,40.2599983215332,40.86000061035156,40.119998931884766,40.849998474121094,38.77057647705078,3454600
2011-01-21,40.88999938964844,41.04999923706055,40.58000183105469,40.970001220703125,38.88447570800781,3069600
2011-01-24,40.93000030517578,41.09000015258789,40.36000061035156,40.5099983215332,38.44789505004883,1740200
2011-01-25,40.459999084472656,41.77000045776367,40.18000030517578,41.619998931884766,39.50138854980469,4133100
2011-01-26,41.630001068115234,42.18000030517578,41.630001068115234,42.060001373291016,39.91899108886719,3293000
2011-01-27,41.93000030517578,42.66999816894531,41.900001525878906,42.54999923706055,40.3840446472168,2592300
2011-01-28,42.54999923706055,42.650001525878906,41.22999954223633,41.2599983215332,39.15971755981445,2522900
2011-01-31,41.400001525878906,42.029998779296875,41.31999969482422,42.02000045776367,39.88103103637695,3575100
2011-02-01,42.18000030517578,42.95000076293945,41.9900016784668,42.90999984741211,40.7257194519043,2615400
2011-02-02,42.68000030517578,42.7599983215332,42.11000061035156,42.2599983215332,40.10881423950195,3752500
2011-02-03,42.5099983215332,43.0,41.380001068115234,42.560001373291016,40.39354705810547,4005700
2011-02-04,43.2599983215332,44.0,42.13999938964844,42.83000183105469,40.64979934692383,2923400
2011-02-07,42.880001068115234,43.08000183105469,42.25,42.310001373291016,40.15626907348633,1667200
2011-02-08,42.369998931884766,42.869998931884766,42.15999984741211,42.65999984741211,40.48844909667969,1662700
2011-02-09,42.38999938964844,43.040000915527344,42.34000015258789,42.810001373291016,40.63081741333008,1573300
2011-02-10,42.619998931884766,43.15999984741211,42.58000183105469,43.0,40.81113815307617,1450400
2011-02-11,42.70000076293945,43.16999816894531,42.59000015258789,42.91999816894531,40.73520278930664,1150800
2011-02-14,42.939998626708984,43.06999969482422,42.66999816894531,42.970001220703125,40.78266906738281,929500
2011-02-15,42.65999984741211,42.869998931884766,42.36000061035156,42.47999954223633,40.3176155090332,1601000
2011-02-16,42.689998626708984,43.349998474121094,42.619998931884766,43.0099983215332,40.82063674926758,1320200
2011-02-17,42.959999084472656,43.709999084472656,42.65999984741211,43.52000045776367,41.30466079711914,1638600
2011-02-18,43.529998779296875,43.86000061035156,42.9900016784668,43.130001068115234,40.93452835083008,2024400
2011-02-22,42.77000045776367,43.13999938964844,42.02000045776367,42.20000076293945,40.05186462402344,2051400
2011-02-23,42.209999084472656,42.439998626708984,41.47999954223633,41.88999938964844,39.75764465332031,2655500
2011-02-24,41.790000915527344,42.0099983215332,41.060001373291016,41.529998779296875,39.41597366333008,2947700
2011-02-25,41.72999954223633,42.310001373291016,41.650001525878906,41.9900016784668,39.85256576538086,2491700
2011-02-28,42.11000061035156,42.47999954223633,41.68000030517578,42.06999969482422,39.92847442626953,2360400
2011-03-01,42.279998779296875,42.54999923706055,41.83000183105469,41.849998474121094,39.71967315673828,1526200
2011-03-02,41.81999969482422,42.970001220703125,41.75,42.43000030517578,40.270145416259766,2184600
2011-03-03,42.689998626708984,44.029998779296875,42.68000030517578,43.81999969482422,41.58940887451172,3508400
2011-03-04,43.08000183105469,43.90999984741211,42.91999816894531,43.81999969482422,41.58940887451172,2580100
2011-03-07,43.619998931884766,43.81999969482422,42.38999938964844,43.0,40.81113815307617,2423300
2011-03-08,43.0099983215332,43.66999816894531,42.95000076293945,43.470001220703125,41.2572135925293,2045600
2011-03-09,43.29999923706055,44.20000076293945,43.29999923706055,44.119998931884766,41.91268539428711,1888600
2011-03-10,43.58000183105469,43.7400016784668,42.790000915527344,42.939998626708984,40.79172897338867,2224100
2011-03-11,42.959999084472656,43.599998474121094,42.58000183105469,43.56999969482422,41.390220642089844,3121800
2011-03-14,43.310001373291016,43.58000183105469,42.66999816894531,42.959999084472656,40.81072998046875,3395500
2011-03-15,40.83000183105469,42.650001525878906,40.72999954223633,42.400001525878906,40.278743743896484,2659300
2011-03-16,42.470001220703125,42.470001220703125,40.9900016784668,41.40999984741211,39.33827209472656,2260000
2011-03-17,41.97999954223633,42.13999938964844,41.290000915527344,41.720001220703125,39.632774353027344,1590700
2011-03-18,42.150001525878906,42.36000061035156,41.45000076293945,41.61000061035156,39.52827835083008,2751200
2011-03-21,42.16999816894531,42.20000076293945,41.790000915527344,41.959999084472656,39.86075973510742,1955200
2011-03-22,42.04999923706055,42.470001220703125,41.880001068115234,41.88999938964844,39.79425811767578,2216000
2011-03-23,41.81999969482422,41.81999969482422,41.09000015258789,41.439998626708984,39.36677932739258,2464600
2011-03-24,41.65999984741211,42.43000030517578,41.619998931884766,42.43000030517578,40.3072395324707,2043500
2011-03-25,42.4900016784668,43.16999816894531,42.36000061035156,42.599998474121094,40.4687385559082,1359500
2011-03-28,42.720001220703125,42.77000045776367,42.43000030517578,42.56999969482422,40.440242767333984,1044000
2011-03-29,42.58000183105469,42.84000015258789,42.52000045776367,42.7599983215332,40.620731353759766,1146200
2011-03-30,42.93000030517578,43.61000061035156,42.66999816894531,43.52000045776367,41.342708587646484,2006700
2011-03-31,43.869998931884766,44.290000915527344,43.369998931884766,44.279998779296875,42.06468200683594,3456900
2011-04-01,44.529998779296875,45.0,44.220001220703125,44.560001373291016,42.3306884765625,2876800
2011-04-04,44.779998779296875,44.880001068115234,44.36000061035156,44.439998626708984,42.216697692871094,1466500
2011-04-05,44.40999984741211,44.40999984741211,43.63999938964844,43.7599983215332,41.57071304321289,3056700
2011-04-06,43.91999816894531,43.959999084472656,43.220001220703125,43.84000015258789,41.64670944213867,2473200
2011-04-07,43.66999816894531,44.150001525878906,43.25,43.349998474121094,41.18123245239258,2831200
2011-04-08,43.5099983215332,43.7599983215332,42.900001525878906,43.130001068115234,40.972232818603516,1744700
2011-04-11,43.2400016784668,43.97999954223633,43.22999954223633,43.97999954223633,41.77968978881836,2814800
2011-04-12,43.7400016784668,44.790000915527344,43.630001068115234,44.650001525878906,42.41618347167969,3054400
2011-04-13,44.77000045776367,44.959999084472656,43.9900016784668,44.25,42.03618621826172,2224300
2011-04-14,44.0099983215332,44.38999938964844,43.4900016784668,44.33000183105469,42.1121940612793,1946300
2011-04-15,44.40999984741211,44.810001373291016,43.93000030517578,44.47999954223633,42.25468444824219,1870300
2011-04-18,43.900001525878906,43.95000076293945,42.880001068115234,43.13999938964844,40.981727600097656,1818400
2011-04-19,43.279998779296875,43.540000915527344,42.79999923706055,43.349998474121094,41.18123245239258,1660100
2011-04-20,43.91999816894531,44.02000045776367,43.689998626708984,43.880001068115234,41.68470764160156,2364500
2011-04-21,44.72999954223633,45.97999954223633,44.72999954223633,45.290000915527344,43.024166107177734,2742800
2011-04-25,45.2599983215332,45.400001525878906,44.810001373291016,45.29999923706055,43.03367233276367,1484100
2011-04-26,45.59000015258789,45.970001220703125,45.22999954223633,45.5,43.22364807128906,2500000
2011-04-27,45.689998626708984,46.0,45.33000183105469,45.91999816894531,43.62264633178711,2234000
2011-04-28,46.08000183105469,47.189998626708984,46.0,46.970001220703125,44.6201057434082,4131000
2011-04-29,47.029998779296875,47.029998779296875,46.45000076293945,46.83000183105469,44.48712158203125,2910900
2011-05-02,47.18000030517578,47.66999816894531,46.34000015258789,46.400001525878906,44.07863235473633,3804900
2011-05-03,46.41999816894531,46.599998474121094,46.06999969482422,46.5,44.173622131347656,2722800
2011-05-04,46.59000015258789,46.720001220703125,45.470001220703125,45.91999816894531,43.62264633178711,4014500
2011-05-05,47.20000076293945,47.7400016784668,46.56999969482422,47.18000030517578,44.819610595703125,4339700
2011-05-06,47.650001525878906,47.7599983215332,46.66999816894531,46.880001068115234,44.53461456298828,3508800
2011-05-09,46.93000030517578,47.31999969482422,46.79999923706055,47.16999816894531,44.81010437011719,2551800
2011-05-10,47.31999969482422,47.599998474121094,46.93000030517578,47.43000030517578,45.05710220336914,1843700
2011-05-11,47.45000076293945,47.95000076293945,47.2400016784668,47.720001220703125,45.33259963989258,2701700
2011-05-12,47.529998779296875,48.16999816894531,46.849998474121094,48.04999923706055,45.646080017089844,2112500
2011-05-13,48.45000076293945,49.310001373291016,48.09000015258789,48.689998626708984,46.254058837890625,3206500
2011-05-16,48.40999984741211,49.20000076293945,48.119998931884766,48.58000183105469,46.149574279785156,1957300
2011-05-17,48.33000183105469,48.470001220703125,47.91999816894531,48.130001068115234,45.722084045410156,2649500
2011-05-18,48.310001373291016,49.65999984741211,48.08000183105469,49.650001525878906,47.166038513183594,2525700
2011-05-19,49.709999084472656,49.900001525878906,49.31999969482422,49.529998779296875,47.052032470703125,3205900
2011-05-20,49.38999938964844,49.650001525878906,48.83000183105469,49.13999938964844,46.68154525756836,1719000
2011-05-23,48.779998779296875,48.779998779296875,47.93000030517578,48.4900016784668,46.06407165527344,1898800
2011-05-24,48.54999923706055,48.54999923706055,47.45000076293945,47.4900016784668,45.114105224609375,2676300
2011-05-25,47.4900016784668,47.81999969482422,47.279998779296875,47.47999954223633,45.10459518432617,2775400
2011-05-26,47.310001373291016,48.810001373291016,46.970001220703125,48.70000076293945,46.26356506347656,3595400
2011-05-27,48.66999816894531,49.47999954223633,48.529998779296875,49.470001220703125,46.99503707885742,2560900
2011-05-31,49.81999969482422,50.0,49.36000061035156,49.88999938964844,47.3940315246582,2712600
2011-06-01,49.869998931884766,50.45000076293945,49.16999816894531,49.18000030517578,46.71955108642578,3078500
2011-06-02,49.16999816894531,49.849998474121094,49.04999923706055,49.72999954223633,47.242034912109375,2059200
2011-06-03,49.13999938964844,49.81999969482422,48.95000076293945,49.61000061035156,47.12803268432617,2290100
2011-06-06,48.400001525878906,49.0099983215332,47.779998779296875,47.97999954223633,45.57958221435547,3383000
2011-06-07,48.33000183105469,49.04999923706055,48.18000030517578,48.22999954223633,45.817081451416016,2636300
2011-06-08,48.13999938964844,48.540000915527344,47.83000183105469,48.2400016784668,45.826568603515625,2403600
2011-06-09,48.4900016784668,50.70000076293945,48.459999084472656,50.400001525878906,47.878509521484375,4419200
2011-06-10,50.27000045776367,50.380001068115234,48.70000076293945,49.09000015258789,46.63405227661133,3207900
2011-06-13,49.13999938964844,49.599998474121094,48.81999969482422,49.2599983215332,46.7955436706543,1674000
2011-06-14,49.65999984741211,50.68000030517578,49.560001373291016,50.40999984741211,47.88801193237305,2864500
2011-06-15,49.880001068115234,50.529998779296875,49.150001525878906,49.220001220703125,46.75754928588867,2887800
2011-06-16,49.34000015258789,49.540000915527344,48.52000045776367,49.040000915527344,46.586551666259766,2976600
2011-06-17,49.45000076293945,49.7599983215332,48.7599983215332,48.88999938964844,46.444053649902344,2961500
2011-06-20,48.869998931884766,50.099998474121094,48.75,50.04999923706055,47.5460319519043,1953000
2011-06-21,50.56999969482422,50.83000183105469,50.130001068115234,50.5099983215332,47.983001708984375,2660500
2011-06-22,50.290000915527344,50.84000015258789,49.72999954223633,49.75,47.26103210449219,2156800
2011-06-23,49.16999816894531,49.52000045776367,48.15999984741211,49.31999969482422,46.852542877197266,2760500
2011-06-24,49.40999984741211,49.47999954223633,48.41999816894531,48.41999816894531,45.99756622314453,3437200
2011-06-27,48.619998931884766,49.529998779296875,48.099998474121094,49.40999984741211,46.93804168701172,1946000
2011-06-28,49.54999923706055,51.15999984741211,49.470001220703125,51.13999938964844,48.58148193359375,3285800
2011-06-29,51.27000045776367,51.540000915527344,50.709999084472656,51.27000045776367,48.70498275756836,3628500
2011-06-30,51.400001525878906,51.810001373291016,51.16999816894531,51.43000030517578,48.85697937011719,3156300
2011-07-01,51.4900016784668,52.209999084472656,51.33000183105469,52.20000076293945,49.58845901489258,2533200
2011-07-05,52.2400016784668,52.290000915527344,51.59000015258789,52.09000015258789,49.483970642089844,1889100
2011-07-06,51.849998474121094,52.130001068115234,51.58000183105469,52.040000915527344,49.43646240234375,2382300
2011-07-07,52.470001220703125,52.5,51.209999084472656,51.86000061035156,49.265480041503906,2081700
2011-07-08,51.310001373291016,51.88999938964844,50.939998626708984,51.849998474121094,49.25596618652344,1617300
2011-07-11,51.119998931884766,51.16999816894531,50.02000045776367,50.150001525878906,47.641021728515625,2584200
2011-07-12,50.119998931884766,50.959999084472656,50.099998474121094,50.349998474121094,47.83101272583008,1758100
2011-07-13,50.720001220703125,51.790000915527344,50.599998474121094,51.119998931884766,48.562496185302734,2184200
2011-07-14,51.119998931884766,52.5,51.08000183105469,52.060001373291016,49.455467224121094,3922600
2011-07-15,52.16999816894531,52.77000045776367,51.349998474121094,51.65999984741211,49.075469970703125,3368800
2011-07-18,51.61000061035156,52.18000030517578,50.61000061035156,51.61000061035156,49.02797317504883,2827100
2011-07-19,51.83000183105469,51.83000183105469,50.849998474121094,51.529998779296875,48.95198059082031,2707100
2011-07-20,51.84000015258789,52.43000030517578,51.29999923706055,51.900001525878906,49.303466796875,2333900
2011-07-21,52.36000061035156,52.95000076293945,52.11000061035156,52.54999923706055,49.920955657958984,2068400
2011-07-22,52.470001220703125,52.720001220703125,52.15999984741211,52.619998931884766,49.987449645996094,1545600
2011-07-25,52.459999084472656,52.900001525878906,51.95000076293945,52.0099983215332,49.407962799072266,1421800
2011-07-26,51.84000015258789,52.27000045776367,51.45000076293945,51.560001373291016,48.98047637939453,1976800
2011-07-27,51.189998626708984,51.36000061035156,49.86000061035156,50.0099983215332,47.50802230834961,3519000
2011-07-28,50.150001525878906,51.369998931884766,49.9900016784668,50.209999084472656,47.69801712036133,1768500
2011-07-29,49.689998626708984,50.279998779296875,48.279998779296875,49.77000045776367,47.28003692626953,3400100
2011-08-01,50.29999923706055,50.38999938964844,46.68000030517578,47.630001068115234,45.247093200683594,7017600
2011-08-02,47.38999938964844,47.97999954223633,45.790000915527344,46.0099983215332,43.70814514160156,7245400
2011-08-03,46.02000045776367,46.650001525878906,44.40999984741211,46.54999923706055,44.22112274169922,4881600
2011-08-04,46.349998474121094,47.119998931884766,45.2599983215332,45.5,43.22364807128906,6296000
2011-08-05,45.63999938964844,46.29999923706055,44.290000915527344,45.189998626708984,42.929161071777344,5534000
2011-08-08,43.77000045776367,43.939998626708984,40.2400016784668,40.25,38.23630905151367,6784300
2011-08-09,40.84000015258789,43.470001220703125,40.5,43.470001220703125,41.29521560668945,6224900
2011-08-10,42.29999923706055,43.02000045776367,40.81999969482422,40.97999954223633,38.929779052734375,5607800
2011-08-11,40.560001373291016,43.33000183105469,40.400001525878906,42.83000183105469,40.68724060058594,5286800
2011-08-12,43.4900016784668,44.310001373291016,42.88999938964844,43.790000915527344,41.599205017089844,3074200
2011-08-15,44.040000915527344,45.310001373291016,43.59000015258789,44.7599983215332,42.52067565917969,3478700
2011-08-16,44.33000183105469,44.63999938964844,43.70000076293945,44.13999938964844,41.93169021606445,2958500
2011-08-17,44.52000045776367,44.90999984741211,43.619998931884766,44.119998931884766,41.91268539428711,1731300
2011-08-18,42.77000045776367,43.11000061035156,41.869998931884766,42.369998931884766,40.25025177001953,6448500
2011-08-19,41.41999816894531,42.900001525878906,41.33000183105469,41.650001525878906,39.56626892089844,5328500
2011-08-22,42.63999938964844,42.720001220703125,41.810001373291016,42.029998779296875,39.9272575378418,2642900
2011-08-23,42.130001068115234,43.880001068115234,41.52000045776367,43.83000183105469,41.63720703125,2967600
2011-08-24,43.56999969482422,44.880001068115234,43.2400016784668,44.86000061035156,42.61567687988281,3090200
2011-08-25,44.88999938964844,45.34000015258789,43.970001220703125,44.290000915527344,42.074188232421875,3044500
2011-08-26,44.0,45.0,42.720001220703125,44.86000061035156,42.61567687988281,3388400
2011-08-29,45.5,46.08000183105469,44.95000076293945,46.08000183105469,43.77465057373047,1539700
2011-08-30,45.77000045776367,46.970001220703125,45.63999938964844,46.70000076293945,44.363616943359375,2523000
2011-08-31,46.93000030517578,48.15999984741211,46.2400016784668,46.7400016784668,44.401615142822266,3248800
2011-09-01,46.79999923706055,47.81999969482422,46.06999969482422,46.16999816894531,43.86014175415039,2364200
2011-09-02,45.189998626708984,45.91999816894531,44.77000045776367,44.84000015258789,42.596675872802734,1668100
2011-09-06,43.310001373291016,44.720001220703125,43.09000015258789,44.40999984741211,42.18818664550781,2265400
2011-09-07,45.279998779296875,46.45000076293945,44.86000061035156,46.310001373291016,43.993133544921875,1977000
2011-09-08,45.599998474121094,46.779998779296875,45.130001068115234,45.20000076293945,42.93866729736328,2816500
2011-09-09,44.689998626708984,44.83000183105469,42.709999084472656,42.880001068115234,40.7347297668457,4529400
2011-09-12,42.25,43.7400016784668,42.22999954223633,43.68000030517578,41.494720458984375,4157900
2011-09-13,43.939998626708984,45.400001525878906,43.84000015258789,45.09000015258789,42.834163665771484,4591900
2011-09-14,45.060001373291016,46.540000915527344,44.27000045776367,45.83000183105469,43.537147521972656,3790100
2011-09-15,46.43000030517578,46.7400016784668,45.34000015258789,46.59000015258789,44.259132385253906,2971100
2011-09-16,46.68000030517578,46.970001220703125,45.560001373291016,46.400001525878906,44.07863235473633,3058300
2011-09-19,45.5099983215332,46.25,45.290000915527344,46.02000045776367,43.7176399230957,2809100
2011-09-20,45.970001220703125,46.9900016784668,45.189998626708984,45.630001068115234,43.34716033935547,2791700
2011-09-21,45.56999969482422,45.95000076293945,43.599998474121094,43.619998931884766,41.43770980834961,2878200
2011-09-22,42.529998779296875,43.060001373291016,41.45000076293945,41.959999084472656,39.86075973510742,4568900
2011-09-23,41.70000076293945,42.68000030517578,41.22999954223633,42.2599983215332,40.145755767822266,3353500
2011-09-26,42.72999954223633,43.34000015258789,41.630001068115234,43.279998779296875,41.11471939086914,2397400
2011-09-27,43.7400016784668,45.0,43.459999084472656,44.22999954223633,42.0172004699707,3046400
2011-09-28,44.25,44.2599983215332,42.189998626708984,42.2400016784668,40.12674331665039,2482100
2011-09-29,43.18000030517578,43.439998626708984,41.380001068115234,42.52000045776367,40.39275360107422,2709100
2011-09-30,41.9900016784668,43.13999938964844,41.709999084472656,41.939998626708984,39.841758728027344,3278800
2011-10-03,41.380001068115234,42.119998931884766,39.59000015258789,39.97999954223633,37.97981643676758,4481000
2011-10-04,39.16999816894531,40.790000915527344,38.790000915527344,40.63999938964844,38.60679626464844,4400000
2011-10-05,40.79999923706055,41.709999084472656,40.279998779296875,41.599998474121094,39.518775939941406,2919500
2011-10-06,41.720001220703125,42.45000076293945,41.2400016784668,42.43000030517578,40.3072395324707,2633800
2011-10-07,42.79999923706055,42.810001373291016,41.52000045776367,41.97999954223633,39.879756927490234,2801000
2011-10-10,42.86000061035156,43.70000076293945,42.7599983215332,43.43000030517578,41.257205963134766,1690800
2011-10-11,43.220001220703125,43.720001220703125,42.91999816894531,43.619998931884766,41.43770980834961,1637500
2011-10-12,44.0099983215332,45.27000045776367,43.900001525878906,44.45000076293945,42.2261848449707,2631100
2011-10-13,43.970001220703125,44.36000061035156,42.790000915527344,43.29999923706055,41.13372039794922,2773700
2011-10-14,44.119998931884766,44.77000045776367,43.959999084472656,44.70000076293945,42.463680267333984,2071700
2011-10-17,44.33000183105469,44.58000183105469,43.7400016784668,43.84000015258789,41.64670944213867,1688500
2011-10-18,43.33000183105469,43.939998626708984,41.38999938964844,43.43000030517578,41.257205963134766,3792300
2011-10-19,43.4900016784668,44.099998474121094,43.0,43.189998626708984,41.029232025146484,2422300
2011-10-20,43.47999954223633,44.310001373291016,42.880001068115234,44.20000076293945,41.98869705200195,2304600
2011-10-21,44.619998931884766,45.15999984741211,44.099998474121094,44.70000076293945,42.463680267333984,3087300
2011-10-24,47.0,47.540000915527344,44.08000183105469,45.34000015258789,43.07166290283203,9314500
2011-10-25,44.83000183105469,45.81999969482422,44.349998474121094,44.91999816894531,42.672672271728516,4261300
2011-10-26,45.66999816894531,45.83000183105469,44.709999084472656,45.27000045776367,43.00516128540039,5098200
2011-10-27,47.15999984741211,47.619998931884766,45.880001068115234,47.369998931884766,45.0001106262207,3919700
2011-10-28,46.77000045776367,47.150001525878906,45.86000061035156,46.630001068115234,44.29712677001953,4197600
2011-10-31,46.349998474121094,46.619998931884766,44.2400016784668,44.34000015258789,42.1216926574707,4893500
2011-11-01,42.900001525878906,43.63999938964844,42.369998931884766,43.18000030517578,41.01972198486328,4106400
2011-11-02,44.15999984741211,44.15999984741211,42.33000183105469,42.65999984741211,40.52574157714844,4035800
2011-11-03,43.33000183105469,43.349998474121094,41.4900016784668,42.779998779296875,40.63973617553711,4809300
2011-11-04,42.380001068115234,43.09000015258789,41.81999969482422,42.9900016784668,40.8392333984375,2417700
2011-11-07,42.61000061035156,43.150001525878906,41.869998931884766,42.63999938964844,40.50674057006836,2323600
2011-11-08,42.77000045776367,43.70000076293945,42.41999816894531,43.5099983215332,41.33321762084961,3002900
2011-11-09,42.689998626708984,42.900001525878906,41.970001220703125,42.470001220703125,40.34524917602539,4231400
2011-11-10,43.130001068115234,43.290000915527344,42.290000915527344,43.189998626708984,41.029232025146484,3685200
2011-11-11,43.56999969482422,44.560001373291016,43.56999969482422,43.77000045776367,41.580204010009766,1946300
2011-11-14,43.470001220703125,43.900001525878906,43.380001068115234,43.7400016784668,41.55171203613281,1934200
2011-11-15,43.540000915527344,44.43000030517578,43.34000015258789,44.2400016784668,42.02669906616211,2622700
2011-11-16,43.70000076293945,44.0,42.599998474121094,42.75,40.61124038696289,5573100
2011-11-17,42.939998626708984,43.470001220703125,42.04999923706055,42.5099983215332,40.38324737548828,18379900
2011-11-18,42.68000030517578,42.77000045776367,41.97999954223633,42.09000015258789,39.9842643737793,4700900
2011-11-21,42.02000045776367,42.58000183105469,41.220001220703125,42.31999969482422,40.2027473449707,4242000
2011-11-22,42.36000061035156,42.5,41.5,41.97999954223633,39.879756927490234,2880200
2011-11-23,41.369998931884766,41.4900016784668,40.779998779296875,40.779998779296875,38.73979949951172,2759900
2011-11-25,40.560001373291016,41.380001068115234,40.560001373291016,40.91999816894531,38.8727912902832,1272100
2011-11-28,42.150001525878906,42.29999923706055,41.4900016784668,41.86000061035156,39.76576232910156,2211400
2011-11-29,41.91999816894531,42.52000045776367,41.88999938964844,42.060001373291016,39.95576095581055,2212100
2011-11-30,42.88999938964844,44.2599983215332,42.7599983215332,44.22999954223633,42.0172004699707,3801600
2011-12-01,43.810001373291016,44.43000030517578,43.529998779296875,43.59000015258789,41.40920639038086,2815200
2011-12-02,44.0,44.029998779296875,42.650001525878906,43.06999969482422,40.91522216796875,2818200
2011-12-05,43.95000076293945,44.470001220703125,43.290000915527344,43.4900016784668,41.31421661376953,2306100
2011-12-06,43.66999816894531,43.66999816894531,42.970001220703125,43.16999816894531,41.010223388671875,1984000
2011-12-07,42.70000076293945,43.459999084472656,42.439998626708984,43.20000076293945,41.03873062133789,3117500
2011-12-08,42.9900016784668,43.040000915527344,42.2400016784668,42.31999969482422,40.2027473449707,2851100
2011-12-09,42.58000183105469,43.25,42.380001068115234,42.61000061035156,40.478240966796875,4806600
2011-12-12,42.369998931884766,42.47999954223633,41.849998474121094,42.34000015258789,40.22174835205078,2258700
2011-12-13,42.599998474121094,43.060001373291016,42.54999923706055,42.779998779296875,40.63973617553711,3954400
2011-12-14,42.540000915527344,42.84000015258789,42.40999984741211,42.56999969482422,40.440242767333984,3463100
2011-12-15,43.040000915527344,43.939998626708984,42.630001068115234,42.7400016784668,40.60173797607422,2074600
2011-12-16,43.040000915527344,43.4900016784668,42.18000030517578,42.380001068115234,40.25974655151367,4647200
2011-12-19,42.47999954223633,42.720001220703125,40.849998474121094,40.849998474121094,38.80628967285156,2893300
2011-12-20,41.54999923706055,42.4900016784668,41.54999923706055,42.16999816894531,40.06025695800781,2876500
2011-12-21,42.31999969482422,42.599998474121094,41.4900016784668,42.209999084472656,40.09824752807617,2348300
2011-12-22,42.41999816894531,43.15999984741211,42.310001373291016,43.08000183105469,40.92473220825195,1726900
2011-12-23,43.290000915527344,43.349998474121094,43.08000183105469,43.130001068115234,40.972232818603516,1541200
2011-12-27,43.150001525878906,43.63999938964844,43.150001525878906,43.529998779296875,41.352210998535156,1751700
2011-12-28,43.470001220703125,43.58000183105469,42.150001525878906,42.209999084472656,40.09824752807617,2201300
2011-12-29,42.189998626708984,42.56999969482422,42.16999816894531,42.290000915527344,40.17425537109375,1309500
2011-12-30,42.36000061035156,42.36000061035156,41.9900016784668,42.0,39.89876174926758,942100
2012-01-03,42.81999969482422,43.47999954223633,42.81999969482422,43.22999954223633,41.06722640991211,2292700
2012-01-04,43.02000045776367,43.43000030517578,42.720001220703125,43.209999084472656,41.0482292175293,1773700
2012-01-05,43.150001525878906,43.38999938964844,42.7599983215332,43.209999084472656,41.0482292175293,2206200
2012-01-06,43.189998626708984,44.34000015258789,43.119998931884766,43.61000061035156,41.42820739746094,2436600
2012-01-09,43.7400016784668,43.90999984741211,43.20000076293945,43.779998779296875,41.58970642089844,2296100
2012-01-10,44.13999938964844,45.70000076293945,43.84000015258789,45.66999816894531,43.38514709472656,6217900
2012-01-11,45.54999923706055,45.95000076293945,45.279998779296875,45.7599983215332,43.470638275146484,2211700
2012-01-12,45.63999938964844,45.849998474121094,45.040000915527344,45.380001068115234,43.10966110229492,2322300
2012-01-13,44.91999816894531,45.619998931884766,44.5099983215332,45.61000061035156,43.328147888183594,3705200
2012-01-17,45.81999969482422,47.5,45.81999969482422,46.66999816894531,44.33511734008789,5118600
2012-01-18,46.58000183105469,47.09000015258789,46.22999954223633,46.939998626708984,44.591617584228516,3315600
2012-01-19,46.72999954223633,46.869998931884766,46.0099983215332,46.279998779296875,43.96463394165039,4246200
2012-01-20,46.41999816894531,46.540000915527344,45.7599983215332,46.13999938964844,43.83164596557617,2295300
2012-01-23,46.09000015258789,46.77000045776367,45.75,45.880001068115234,43.58464050292969,2013300
2012-01-24,45.59000015258789,45.900001525878906,45.02000045776367,45.38999938964844,43.11916732788086,3048600
2012-01-25,44.70000076293945,45.90999984741211,43.86000061035156,45.77000045776367,43.48014831542969,3622800
2012-01-26,46.130001068115234,46.130001068115234,43.9900016784668,44.099998474121094,41.89370346069336,3823000
2012-01-27,43.9900016784668,45.56999969482422,43.93000030517578,45.18000030517578,42.91967010498047,2992600
2012-01-30,44.900001525878906,44.95000076293945,44.20000076293945,44.5,42.27368927001953,3504900
2012-01-31,44.75,45.779998779296875,44.72999954223633,44.83000183105469,42.587181091308594,4800900
2012-02-01,45.0,46.029998779296875,44.900001525878906,45.68000030517578,43.3946533203125,5777900
2012-02-02,42.34000015258789,44.459999084472656,41.13999938964844,44.130001068115234,41.92219924926758,16708000
2012-02-03,44.06999969482422,44.06999969482422,43.2599983215332,43.54999923706055,41.371212005615234,7466900
2012-02-06,43.18000030517578,43.25,42.369998931884766,42.91999816894531,40.77272415161133,4718500
2012-02-07,42.900001525878906,43.349998474121094,42.7599983215332,43.2400016784668,41.076725006103516,5521300
2012-02-08,43.310001373291016,43.72999954223633,43.11000061035156,43.349998474121094,41.18123245239258,4820200
2012-02-09,43.31999969482422,43.900001525878906,43.099998474121094,43.540000915527344,41.361717224121094,3074800
2012-02-10,43.22999954223633,43.720001220703125,43.08000183105469,43.540000915527344,41.361717224121094,2254600
2012-02-13,43.540000915527344,43.7400016784668,42.869998931884766,43.18000030517578,41.01972198486328,3951400
2012-02-14,43.11000061035156,44.0,43.11000061035156,43.9900016784668,41.789207458496094,2431900
2012-02-15,44.25,44.790000915527344,44.0,44.130001068115234,41.92219924926758,4026800
2012-02-16,44.150001525878906,44.709999084472656,44.06999969482422,44.70000076293945,42.463680267333984,2203600
2012-02-17,45.11000061035156,45.31999969482422,44.779998779296875,44.93000030517578,42.68217849731445,3087100
2012-02-21,45.18000030517578,46.029998779296875,45.099998474121094,45.369998931884766,43.100154876708984,3552700
2012-02-22,45.20000076293945,45.599998474121094,44.93000030517578,45.13999938964844,42.88167190551758,3225600
2012-02-23,44.9900016784668,45.15999984741211,44.560001373291016,44.83000183105469,42.587181091308594,2330900
2012-02-24,44.79999923706055,45.380001068115234,44.79999923706055,45.09000015258789,42.834163665771484,2585900
2012-02-27,44.86000061035156,45.31999969482422,44.630001068115234,44.63999938964844,42.40667724609375,3229700
2012-02-28,44.70000076293945,44.70000076293945,44.16999816894531,44.34000015258789,42.1216926574707,3139400
2012-02-29,44.29999923706055,44.52000045776367,43.869998931884766,44.11000061035156,41.903194427490234,2182900
2012-03-01,44.22999954223633,44.66999816894531,43.900001525878906,44.540000915527344,42.311683654785156,2227800
2012-03-02,44.27000045776367,44.65999984741211,43.880001068115234,44.20000076293945,41.98869705200195,1777500
2012-03-05,43.869998931884766,44.900001525878906,43.869998931884766,44.45000076293945,42.2261848449707,2888200
2012-03-06,43.65999984741211,44.18000030517578,43.060001373291016,43.279998779296875,41.11471939086914,3005300
2012-03-07,43.31999969482422,43.75,43.209999084472656,43.58000183105469,41.39971160888672,2642100
2012-03-08,43.560001373291016,44.310001373291016,43.54999923706055,44.119998931884766,41.95119857788086,2893600
2012-03-09,44.72999954223633,45.27000045776367,44.41999816894531,45.18000030517578,42.95909118652344,3707500
2012-03-12,45.040000915527344,45.16999816894531,44.7400016784668,44.779998779296875,42.578758239746094,3123000
2012-03-13,44.81999969482422,46.099998474121094,44.790000915527344,46.040000915527344,43.776824951171875,4579600
2012-03-14,45.939998626708984,46.849998474121094,45.83000183105469,46.70000076293945,44.40437316894531,4879500
2012-03-15,46.7599983215332,47.04999923706055,46.43000030517578,46.810001373291016,44.50897979736328,3180100
2012-03-16,47.130001068115234,47.220001220703125,46.7599983215332,46.81999969482422,44.51847839355469,2838100
2012-03-19,46.88999938964844,47.45000076293945,46.79999923706055,47.119998931884766,44.80371856689453,3192200
2012-03-20,46.84000015258789,46.9900016784668,46.36000061035156,46.47999954223633,44.195186614990234,1908100
2012-03-21,46.369998931884766,46.459999084472656,45.97999954223633,46.119998931884766,43.852882385253906,2188900
2012-03-22,45.7400016784668,45.86000061035156,45.38999938964844,45.560001373291016,43.32041931152344,2781600
2012-03-23,45.40999984741211,45.970001220703125,45.38999938964844,45.84000015258789,43.58665466308594,2450000
2012-03-26,46.18000030517578,46.9900016784668,46.130001068115234,46.970001220703125,44.66110610961914,2951600
2012-03-27,47.11000061035156,47.290000915527344,46.4900016784668,47.15999984741211,44.84176254272461,3362900
2012-03-28,47.20000076293945,47.79999923706055,46.4900016784668,47.06999969482422,44.756195068359375,3337300
2012-03-29,46.720001220703125,49.310001373291016,46.5099983215332,48.970001220703125,46.56278991699219,7391800
2012-03-30,49.25,49.88999938964844,48.75,49.25,46.829036712646484,4383000
2012-04-02,49.02000045776367,49.61000061035156,48.83000183105469,49.43000030517578,47.00018310546875,3132200
2012-04-03,49.22999954223633,49.630001068115234,48.77000045776367,48.939998626708984,46.53426742553711,2729600
2012-04-04,48.599998474121094,49.0,48.349998474121094,48.79999923706055,46.401145935058594,3300300
2012-04-05,48.61000061035156,49.11000061035156,48.439998626708984,48.9900016784668,46.58182144165039,1624300
2012-04-09,48.189998626708984,48.189998626708984,47.75,47.90999984741211,45.554893493652344,1844300
2012-04-10,47.790000915527344,48.0,47.16999816894531,47.38999938964844,45.060447692871094,3072300
2012-04-11,47.81999969482422,48.099998474121094,47.470001220703125,47.58000183105469,45.24112319946289,2802700
2012-04-12,47.54999923706055,48.41999816894531,47.540000915527344,48.41999816894531,46.03982162475586,2482500
2012-04-13,48.18000030517578,48.599998474121094,47.9900016784668,48.310001373291016,45.93524169921875,2792100
2012-04-16,48.43000030517578,48.43000030517578,47.45000076293945,47.68000030517578,45.336204528808594,2671900
2012-04-17,48.209999084472656,48.34000015258789,47.77000045776367,48.220001220703125,45.84966278076172,3342800
2012-04-18,47.97999954223633,48.400001525878906,47.58000183105469,48.209999084472656,45.840145111083984,1983700
2012-04-19,48.22999954223633,48.630001068115234,47.79999923706055,48.0099983215332,45.649986267089844,3714700
2012-04-20,48.150001525878906,48.470001220703125,47.880001068115234,48.02000045776367,45.65949630737305,3867400
2012-04-23,47.58000183105469,48.16999816894531,47.459999084472656,48.08000183105469,45.7165412902832,1840700
2012-04-24,48.04999923706055,48.16999816894531,47.709999084472656,48.099998474121094,45.73554992675781,1483000
2012-04-25,48.470001220703125,48.91999816894531,47.97999954223633,48.209999084472656,45.840145111083984,1823000
2012-04-26,46.790000915527344,47.77000045776367,46.459999084472656,47.560001373291016,45.222103118896484,3932900
2012-04-27,47.59000015258789,47.65999984741211,46.84000015258789,46.869998931884766,44.566017150878906,5639600
2012-04-30,46.47999954223633,46.630001068115234,45.720001220703125,46.22999954223633,43.95747756958008,4988900
2012-05-01,46.13999938964844,46.93000030517578,46.13999938964844,46.61000061035156,44.318790435791016,2243100
2012-05-02,46.43000030517578,46.880001068115234,46.369998931884766,46.54999923706055,44.26175308227539,2638200
2012-05-03,46.40999984741211,46.58000183105469,45.279998779296875,46.06999969482422,43.80534744262695,4702300
2012-05-04,45.9900016784668,46.36000061035156,45.150001525878906,45.2599983215332,43.0351676940918,3521100
2012-05-07,45.310001373291016,45.810001373291016,45.099998474121094,45.59000015258789,43.34894561767578,2040600
2012-05-08,45.400001525878906,45.86000061035156,45.11000061035156,45.7400016784668,43.49156951904297,2758100
2012-05-09,45.150001525878906,45.66999816894531,44.959999084472656,44.9900016784668,42.77843475341797,3219200
2012-05-10,45.209999084472656,45.380001068115234,44.790000915527344,44.90999984741211,42.70236587524414,2552400
2012-05-11,45.34000015258789,45.5099983215332,44.7599983215332,45.11000061035156,42.892539978027344,1724000
2012-05-14,44.560001373291016,45.15999984741211,44.369998931884766,44.7400016784668,42.54072952270508,2027600
2012-05-15,44.630001068115234,44.75,44.0099983215332,44.130001068115234,41.96071243286133,1456600
2012-05-16,44.16999816894531,44.529998779296875,43.970001220703125,43.970001220703125,41.80857467651367,1583100
2012-05-17,43.959999084472656,44.22999954223633,43.41999816894531,43.43000030517578,41.29511642456055,1607400
2012-05-18,43.52000045776367,43.77000045776367,42.790000915527344,42.90999984741211,40.80068588256836,2289400
2012-05-21,42.90999984741211,43.97999954223633,42.900001525878906,43.88999938964844,41.732505798339844,1892500
2012-05-22,44.06999969482422,44.29999923706055,43.310001373291016,43.54999923706055,41.409217834472656,1875800
2012-05-23,43.33000183105469,43.56999969482422,42.70000076293945,43.2400016784668,41.114463806152344,2337700
2012-05-24,43.540000915527344,44.29999923706055,43.310001373291016,44.09000015258789,41.92268371582031,1979600
2012-05-25,44.279998779296875,44.88999938964844,43.95000076293945,44.5,42.31252670288086,1513300
2012-05-29,44.75,45.310001373291016,44.5099983215332,45.279998779296875,43.054176330566406,2642700
2012-05-30,44.81999969482422,45.20000076293945,44.130001068115234,44.20000076293945,42.02726745605469,1738400
2012-05-31,44.15999984741211,44.27000045776367,43.41999816894531,43.90999984741211,41.751529693603516,1894600
2012-06-01,43.31999969482422,43.650001525878906,42.56999969482422,42.58000183105469,40.486907958984375,3806700
2012-06-04,42.72999954223633,42.91999816894531,42.20000076293945,42.650001525878906,40.55345916748047,3122300
2012-06-05,42.54999923706055,43.4900016784668,42.439998626708984,43.369998931884766,41.23806381225586,1960800
2012-06-06,43.689998626708984,44.209999084472656,43.459999084472656,44.209999084472656,42.03676986694336,1605800
2012-06-07,43.650001525878906,44.540000915527344,43.619998931884766,44.09000015258789,41.92268371582031,2825000
2012-06-08,43.79999923706055,44.9900016784668,43.79999923706055,44.869998931884766,42.664337158203125,1658700
2012-06-11,44.959999084472656,45.25,44.380001068115234,44.40999984741211,42.22694778442383,2428600
2012-06-12,44.689998626708984,44.90999984741211,44.11000061035156,44.880001068115234,42.673851013183594,1753500
2012-06-13,44.86000061035156,44.88999938964844,44.380001068115234,44.68000030517578,42.483673095703125,2329800
2012-06-14,44.68000030517578,45.279998779296875,44.41999816894531,45.119998931884766,42.902042388916016,2055900
2012-06-15,45.16999816894531,45.31999969482422,44.869998931884766,45.290000915527344,43.06369400024414,3022800
2012-06-18,45.16999816894531,45.20000076293945,44.650001525878906,45.08000183105469,42.86400604248047,2033000
2012-06-19,45.400001525878906,45.720001220703125,45.25,45.63999938964844,43.396488189697266,1575500
2012-06-20,45.52000045776367,45.79999923706055,44.93000030517578,45.189998626708984,42.96860122680664,1457100
2012-06-21,45.189998626708984,45.36000061035156,44.06999969482422,44.11000061035156,41.94169235229492,1778300
2012-06-22,44.13999938964844,45.2599983215332,44.0,45.150001525878906,42.93056869506836,2868300
2012-06-25,44.66999816894531,44.900001525878906,44.47999954223633,44.709999084472656,42.512203216552734,3088000
2012-06-26,44.709999084472656,45.54999923706055,44.380001068115234,45.29999923706055,43.07320022583008,3067300
2012-06-27,45.36000061035156,46.41999816894531,45.33000183105469,45.400001525878906,43.16828918457031,2849600
2012-06-28,45.220001220703125,46.130001068115234,42.13999938964844,44.18000030517578,42.00824737548828,10253300
2012-06-29,44.84000015258789,45.02000045776367,43.709999084472656,44.0,41.837100982666016,5829200
2012-07-02,44.29999923706055,44.47999954223633,42.790000915527344,42.97999954223633,40.86724090576172,4708600
2012-07-03,43.040000915527344,43.5099983215332,42.56999969482422,42.75,40.6485481262207,1514300
2012-07-05,42.70000076293945,43.0099983215332,42.619998931884766,42.72999954223633,40.62952423095703,2539800
2012-07-06,42.54999923706055,42.630001068115234,42.20000076293945,42.540000915527344,40.44887161254883,1821200
2012-07-09,43.0099983215332,43.939998626708984,42.560001373291016,42.97999954223633,40.86724090576172,3086900
2012-07-10,43.150001525878906,43.25,42.689998626708984,42.88999938964844,40.78166961669922,2308700
2012-07-11,42.7599983215332,43.150001525878906,42.72999954223633,43.060001373291016,40.94330978393555,1370500
2012-07-12,42.97999954223633,43.2400016784668,42.34000015258789,42.439998626708984,40.35378646850586,2634700
2012-07-13,42.47999954223633,43.70000076293945,42.47999954223633,43.630001068115234,41.485286712646484,1675100
2012-07-16,43.61000061035156,43.650001525878906,42.900001525878906,43.22999954223633,41.10495376586914,1407100
2012-07-17,43.33000183105469,43.459999084472656,42.7400016784668,42.970001220703125,40.85773468017578,3077200
2012-07-18,42.86000061035156,43.459999084472656,42.65999984741211,43.029998779296875,40.9147834777832,1970600
2012-07-19,43.5099983215332,43.61000061035156,42.2400016784668,42.380001068115234,40.29673767089844,3323400
2012-07-20,42.22999954223633,42.529998779296875,41.59000015258789,41.68000030517578,39.63114547729492,3188300
2012-07-23,41.22999954223633,41.470001220703125,40.68000030517578,41.13999938964844,39.11769104003906,3471200
2012-07-24,41.20000076293945,41.58000183105469,40.86000061035156,41.220001220703125,39.193763732910156,4534300
2012-07-25,40.040000915527344,40.209999084472656,39.310001373291016,39.95000076293945,37.986183166503906,7384100
2012-07-26,40.540000915527344,40.560001373291016,39.56999969482422,39.65999984741211,37.7104377746582,3785900
2012-07-27,39.27000045776367,41.5,39.0099983215332,41.38999938964844,39.35540008544922,5118500
2012-07-30,41.38999938964844,41.59000015258789,40.93000030517578,41.369998931884766,39.33638000488281,2416500
2012-07-31,41.400001525878906,41.4900016784668,40.2400016784668,40.279998779296875,38.29997253417969,4465700
2012-08-01,40.529998779296875,41.08000183105469,40.0,40.2400016784668,38.26193618774414,3840600
2012-08-02,41.9900016784668,43.0,40.959999084472656,41.86000061035156,39.80229187011719,5421400
2012-08-03,41.91999816894531,42.70000076293945,41.7400016784668,42.08000183105469,40.01148223876953,2993300
2012-08-06,42.25,42.380001068115234,41.880001068115234,42.150001525878906,40.07804489135742,3854800
2012-08-07,42.25,43.58000183105469,42.2400016784668,43.4900016784668,41.352176666259766,3532100
2012-08-08,42.93000030517578,43.95000076293945,42.88999938964844,43.869998931884766,41.71348571777344,3165600
2012-08-09,43.86000061035156,44.2599983215332,43.25,43.880001068115234,41.722991943359375,2442500
2012-08-10,43.5,43.849998474121094,43.279998779296875,43.81999969482422,41.66594696044922,1579300
2012-08-13,43.650001525878906,43.77000045776367,43.36000061035156,43.470001220703125,41.333152770996094,1842200
2012-08-14,43.650001525878906,43.75,43.52000045776367,43.63999938964844,41.49480438232422,1620500
2012-08-15,43.599998474121094,43.9900016784668,43.38999938964844,43.86000061035156,41.703975677490234,1843500
2012-08-16,43.83000183105469,44.52000045776367,43.779998779296875,44.4900016784668,42.303009033203125,2149000
2012-08-17,44.529998779296875,44.59000015258789,44.11000061035156,44.29999923706055,42.12235641479492,1570800
2012-08-20,44.36000061035156,45.0,44.08000183105469,44.5099983215332,42.32203674316406,1581200
2012-08-21,44.47999954223633,44.75,44.369998931884766,44.43000030517578,42.24596405029297,1601500
2012-08-22,44.459999084472656,44.779998779296875,44.27000045776367,44.68000030517578,42.483673095703125,1276500
2012-08-23,44.52000045776367,44.65999984741211,44.08000183105469,44.15999984741211,41.989234924316406,1969700
2012-08-24,44.099998474121094,44.56999969482422,43.900001525878906,44.5,42.31252670288086,1870600
2012-08-27,44.59000015258789,44.939998626708984,44.38999938964844,44.75,42.550228118896484,1513900
2012-08-28,44.56999969482422,44.849998474121094,44.470001220703125,44.720001220703125,42.5217170715332,1914900
2012-08-29,44.83000183105469,45.279998779296875,44.77000045776367,44.869998931884766,42.664337158203125,1802000
2012-08-30,45.11000061035156,45.88999938964844,44.970001220703125,45.68000030517578,43.43451690673828,2694800
2012-08-31,45.849998474121094,46.220001220703125,45.68000030517578,45.77000045776367,43.52009201049805,1995700
2012-09-04,45.7400016784668,45.959999084472656,45.15999984741211,45.5,43.263362884521484,1585500
2012-09-05,45.560001373291016,45.849998474121094,45.36000061035156,45.4900016784668,43.25385284423828,1386000
2012-09-06,45.689998626708984,46.20000076293945,45.689998626708984,45.9900016784668,43.729278564453125,1777000
2012-09-07,46.029998779296875,46.369998931884766,46.0,46.130001068115234,43.86240005493164,1696000
2012-09-10,46.310001373291016,46.540000915527344,45.869998931884766,45.9900016784668,43.729278564453125,1638200
2012-09-11,46.119998931884766,46.869998931884766,45.90999984741211,46.54999923706055,44.26175308227539,2225200
2012-09-12,46.540000915527344,46.72999954223633,46.11000061035156,46.130001068115234,43.86240005493164,1941700
2012-09-13,46.060001373291016,47.349998474121094,45.79999923706055,47.29999923706055,44.97488021850586,2849400
2012-09-14,47.22999954223633,47.91999816894531,47.130001068115234,47.79999923706055,45.45029830932617,4170000
2012-09-17,47.65999984741211,47.869998931884766,47.15999984741211,47.18000030517578,44.86078643798828,2529100
2012-09-18,47.18000030517578,47.619998931884766,47.09000015258789,47.45000076293945,45.11751174926758,1561900
2012-09-19,47.45000076293945,47.529998779296875,47.150001525878906,47.150001525878906,44.832252502441406,1569700
2012-09-20,47.02000045776367,47.11000061035156,46.619998931884766,46.939998626708984,44.63258361816406,1936200
2012-09-21,47.15999984741211,47.27000045776367,46.880001068115234,47.099998474121094,44.78471755981445,2268200
2012-09-24,47.0,47.5,46.900001525878906,47.16999816894531,44.85127258300781,1830800
2012-09-25,47.220001220703125,47.52000045776367,46.83000183105469,46.849998474121094,44.547000885009766,2641600
2012-09-26,46.959999084472656,47.209999084472656,46.5,46.72999954223633,44.43289566040039,1755200
2012-09-27,46.970001220703125,47.08000183105469,46.72999954223633,47.02000045776367,44.708656311035156,1519100
2012-09-28,46.86000061035156,47.380001068115234,46.66999816894531,47.16999816894531,44.85127258300781,2210400
2012-10-01,47.349998474121094,48.459999084472656,47.290000915527344,48.09000015258789,45.72604751586914,2683900
2012-10-02,48.119998931884766,48.95000076293945,48.11000061035156,48.630001068115234,46.239498138427734,3658300
2012-10-03,48.75,49.0,48.630001068115234,48.86000061035156,46.45820236206055,1693000
2012-10-04,49.16999816894531,49.779998779296875,49.0099983215332,49.18000030517578,46.76246643066406,2779300
2012-10-05,49.33000183105469,49.400001525878906,48.720001220703125,48.849998474121094,46.448692321777344,2333800
2012-10-08,48.880001068115234,49.279998779296875,48.83000183105469,48.95000076293945,46.54377746582031,1414600
2012-10-09,48.869998931884766,49.25,48.79999923706055,49.18000030517578,46.76246643066406,1835900
2012-10-10,49.06999969482422,49.20000076293945,48.68000030517578,48.77000045776367,46.37261962890625,2478000
2012-10-11,49.04999923706055,50.41999816894531,49.02000045776367,50.13999938964844,47.6752815246582,2620500
2012-10-12,50.18000030517578,50.4900016784668,49.650001525878906,49.709999084472656,47.266414642333984,2242400
2012-10-15,49.75,50.06999969482422,49.560001373291016,49.97999954223633,47.52314758300781,1842700
2012-10-16,49.279998779296875,50.40999984741211,49.25,50.34000015258789,47.865447998046875,3395600
2012-10-17,50.380001068115234,50.599998474121094,49.5099983215332,49.689998626708984,47.24740219116211,2481500
2012-10-18,49.56999969482422,50.43000030517578,49.400001525878906,50.13999938964844,47.6752815246582,2302000
2012-10-19,50.04999923706055,50.04999923706055,49.349998474121094,49.65999984741211,47.21887969970703,1418300
2012-10-22,49.34000015258789,50.380001068115234,49.279998779296875,50.33000183105469,47.85593795776367,2165700
2012-10-23,49.790000915527344,50.0,49.0,49.84000015258789,47.390018463134766,1626100
2012-10-24,50.06999969482422,50.290000915527344,49.970001220703125,50.13999938964844,47.6752815246582,1594600
2012-10-25,50.40999984741211,50.66999816894531,49.9900016784668,50.369998931884766,47.893978118896484,2098000
2012-10-26,50.349998474121094,50.400001525878906,49.369998931884766,49.70000076293945,47.25690460205078,1805000
2012-10-31,49.70000076293945,51.0,49.560001373291016,51.0,48.49299621582031,3834200
2012-11-01,51.54999923706055,53.310001373291016,51.54999923706055,53.27000045776367,50.65141296386719,4255400
2012-11-02,53.709999084472656,53.75,52.90999984741211,53.09000015258789,50.48026657104492,2929000
2012-11-05,53.099998474121094,53.54999923706055,52.63999938964844,53.29999923706055,50.67994689941406,2345000
2012-11-06,52.939998626708984,53.4900016784668,52.04999923706055,53.310001373291016,50.689449310302734,2513700
2012-11-07,52.619998931884766,53.22999954223633,51.970001220703125,52.959999084472656,50.35665512084961,4168700
2012-11-08,52.9900016784668,53.41999816894531,51.970001220703125,52.2400016784668,49.67204666137695,2447800
2012-11-09,52.7400016784668,52.939998626708984,51.619998931884766,51.650001525878906,49.111045837402344,3046700
2012-11-12,51.83000183105469,51.959999084472656,50.939998626708984,51.08000183105469,48.569068908691406,3039900
2012-11-13,50.689998626708984,51.77000045776367,50.689998626708984,51.04999923706055,48.54054641723633,2083400
2012-11-14,51.130001068115234,51.2599983215332,49.439998626708984,49.630001068115234,47.190345764160156,2691600
2012-11-15,49.720001220703125,50.939998626708984,49.459999084472656,50.869998931884766,48.36939239501953,4742500
2012-11-16,50.849998474121094,50.849998474121094,49.34000015258789,50.470001220703125,47.98905563354492,6316200
2012-11-19,50.83000183105469,51.91999816894531,50.709999084472656,51.900001525878906,49.34877014160156,3004300
2012-11-20,51.72999954223633,51.88999938964844,51.2400016784668,51.849998474121094,49.30121994018555,1887200
2012-11-21,51.83000183105469,52.290000915527344,51.630001068115234,52.0099983215332,49.45335006713867,1188600
2012-11-23,52.060001373291016,52.779998779296875,52.060001373291016,52.7599983215332,50.166481018066406,450800
2012-11-26,52.349998474121094,52.810001373291016,51.70000076293945,52.2400016784668,49.67204666137695,1027700
2012-11-27,52.189998626708984,52.709999084472656,52.16999816894531,52.41999816894531,49.843196868896484,1808200
2012-11-28,52.06999969482422,52.15999984741211,51.70000076293945,51.970001220703125,49.41532516479492,1843700
2012-11-29,52.2400016784668,52.88999938964844,51.720001220703125,52.08000183105469,49.5199089050293,2076500
2012-11-30,52.189998626708984,52.459999084472656,51.7599983215332,52.27000045776367,49.7005729675293,3187500
2012-12-03,52.41999816894531,52.58000183105469,51.93000030517578,52.09000015258789,49.5294189453125,1359900
2012-12-04,52.189998626708984,52.5099983215332,51.650001525878906,51.65999984741211,49.12055587768555,2124100
2012-12-05,51.83000183105469,52.189998626708984,51.34000015258789,51.91999816894531,49.36777114868164,2407800
2012-12-06,51.95000076293945,52.540000915527344,51.86000061035156,52.5,49.91926574707031,1672600
2012-12-07,52.689998626708984,53.029998779296875,52.540000915527344,52.900001525878906,50.29961013793945,1218100
2012-12-10,52.369998931884766,53.11000061035156,52.09000015258789,52.93000030517578,50.3281364440918,2045000
2012-12-11,52.93000030517578,53.25,52.619998931884766,53.11000061035156,50.4992790222168,1727300
2012-12-12,53.25,54.310001373291016,53.189998626708984,53.959999084472656,51.3074951171875,2736500
2012-12-13,54.0099983215332,54.279998779296875,53.45000076293945,53.70000076293945,51.06028366088867,1443500
2012-12-14,53.43000030517578,53.58000183105469,52.880001068115234,53.02000045776367,50.41370391845703,1766400
2012-12-17,53.2400016784668,53.91999816894531,53.04999923706055,53.7599983215332,51.117332458496094,1267200
2012-12-18,53.84000015258789,54.529998779296875,53.529998779296875,54.4900016784668,51.811439514160156,3414400
2012-12-19,54.43000030517578,54.52000045776367,53.65999984741211,53.66999816894531,51.03175735473633,1194600
2012-12-20,53.779998779296875,54.18000030517578,53.63999938964844,54.16999816894531,51.507171630859375,1456000
2012-12-21,53.779998779296875,53.91999816894531,53.38999938964844,53.790000915527344,51.14585494995117,2129200
2012-12-24,53.54999923706055,53.97999954223633,53.34000015258789,53.790000915527344,51.14585494995117,515900
2012-12-26,53.790000915527344,54.310001373291016,53.439998626708984,53.599998474121094,50.96519088745117,1123400
2012-12-27,53.540000915527344,53.779998779296875,53.06999969482422,53.65999984741211,51.02223587036133,1685800
2012-12-28,53.29999923706055,53.59000015258789,52.83000183105469,52.849998474121094,50.25205612182617,997600
2012-12-31,52.84000015258789,53.5,52.529998779296875,53.459999084472656,50.83208084106445,1717000
2013-01-02,54.099998474121094,55.2400016784668,53.90999984741211,55.15999984741211,52.448509216308594,3763100
2013-01-03,54.9900016784668,55.0,54.220001220703125,54.349998474121094,51.678321838378906,2949400
2013-01-04,54.459999084472656,54.7599983215332,53.91999816894531,54.75,52.05866241455078,2127900
2013-01-07,54.560001373291016,55.13999938964844,54.5,54.939998626708984,52.23931884765625,2159300
2013-01-08,54.709999084472656,55.09000015258789,54.040000915527344,54.41999816894531,51.74488830566406,1820000
2013-01-09,54.439998626708984,54.709999084472656,54.25,54.630001068115234,51.944557189941406,2473700
2013-01-10,54.81999969482422,55.75,54.720001220703125,55.619998931884766,52.88589859008789,1488300
2013-01-11,55.720001220703125,55.75,55.2400016784668,55.599998474121094,52.86688232421875,2167700
2013-01-14,55.63999938964844,55.7400016784668,55.31999969482422,55.68000030517578,52.942955017089844,977700
2013-01-15,55.369998931884766,55.9900016784668,55.209999084472656,55.869998931884766,53.12361145019531,1781200
2013-01-16,55.72999954223633,55.72999954223633,55.279998779296875,55.529998779296875,52.80032730102539,1991700
2013-01-17,55.77000045776367,56.650001525878906,55.65999984741211,56.560001373291016,53.779693603515625,1899400
2013-01-18,56.709999084472656,56.709999084472656,56.16999816894531,56.33000183105469,53.56099319458008,1540000
2013-01-22,56.2599983215332,57.27000045776367,56.06999969482422,57.13999938964844,54.331180572509766,2155700
2013-01-23,57.0,57.380001068115234,56.61000061035156,57.380001068115234,54.559383392333984,1396300
2013-01-24,57.40999984741211,58.2400016784668,57.349998474121094,58.150001525878906,55.29153823852539,1309400
2013-01-25,58.20000076293945,58.47999954223633,57.810001373291016,58.47999954223633,55.60530471801758,2618500
2013-01-28,58.72999954223633,59.13999938964844,58.099998474121094,58.459999084472656,55.5862922668457,1990100
2013-01-29,58.27000045776367,59.13999938964844,58.189998626708984,58.77000045776367,55.88105392456055,1220900
2013-01-30,58.61000061035156,59.0,58.380001068115234,58.79999923706055,55.909584045410156,1600700
2013-01-31,58.61000061035156,58.7599983215332,58.220001220703125,58.34000015258789,55.47218704223633,1918800
2013-02-01,58.63999938964844,58.959999084472656,58.33000183105469,58.880001068115234,55.985652923583984,1300100
2013-02-04,58.59000015258789,59.08000183105469,58.279998779296875,58.349998474121094,55.48169708251953,1494200
2013-02-05,60.33000183105469,60.88999938964844,60.0099983215332,60.380001068115234,57.41191864013672,2955300
2013-02-06,60.0,60.33000183105469,59.31999969482422,59.66999816894531,56.73681640625,2354100
2013-02-07,59.900001525878906,61.380001068115234,59.599998474121094,61.349998474121094,58.334232330322266,4577400
2013-02-08,61.70000076293945,62.220001220703125,61.0099983215332,61.93000030517578,58.88571548461914,1638500
2013-02-11,61.90999984741211,61.939998626708984,61.18000030517578,61.83000183105469,58.7906379699707,1486600
2013-02-12,61.869998931884766,62.150001525878906,61.68000030517578,61.97999954223633,58.93326187133789,1910100
2013-02-13,62.119998931884766,62.13999938964844,61.470001220703125,61.88999938964844,58.84768295288086,1729700
2013-02-14,61.75,61.900001525878906,61.310001373291016,61.45000076293945,58.429317474365234,1915000
2013-02-15,61.45000076293945,61.97999954223633,60.970001220703125,61.08000183105469,58.07750701904297,1584200
2013-02-19,56.97999954223633,60.66999816894531,55.970001220703125,60.43000030517578,57.45945739746094,4416300
2013-02-20,60.56999969482422,60.58000183105469,59.220001220703125,59.27000045776367,56.35647964477539,1876800
2013-02-21,59.18000030517578,59.790000915527344,58.689998626708984,59.16999816894531,56.26139450073242,1926400
2013-02-22,59.279998779296875,59.630001068115234,58.619998931884766,58.709999084472656,55.823997497558594,1283300
2013-02-25,58.810001373291016,59.209999084472656,57.630001068115234,57.63999938964844,54.80659484863281,2079600
2013-02-26,57.810001373291016,58.06999969482422,57.11000061035156,57.880001068115234,55.0348014831543,2299800
2013-02-27,57.7400016784668,59.06999969482422,57.7400016784668,58.97999954223633,56.080726623535156,1329800
2013-02-28,58.91999816894531,59.029998779296875,58.18000030517578,58.459999084472656,55.5862922668457,1616400
2013-03-01,58.2599983215332,58.599998474121094,57.529998779296875,58.2599983215332,55.39612579345703,1880200
2013-03-04,57.95000076293945,58.52000045776367,57.79999923706055,58.16999816894531,55.310550689697266,1645500
2013-03-05,58.29999923706055,59.439998626708984,58.02000045776367,59.38999938964844,56.47057342529297,3014800
2013-03-06,59.380001068115234,59.5,59.0,59.5,56.57517623901367,2258900
2013-03-07,59.5,59.75,58.88999938964844,58.939998626708984,56.04269790649414,1809400
2013-03-08,59.22999954223633,59.7400016784668,58.93000030517578,59.65999984741211,56.76583480834961,1268400
2013-03-11,59.86000061035156,60.66999816894531,59.650001525878906,60.56999969482422,57.631683349609375,1790800
2013-03-12,60.34000015258789,61.650001525878906,60.310001373291016,61.54999923706055,58.56414794921875,2606300
2013-03-13,61.40999984741211,62.11000061035156,61.33000183105469,62.04999923706055,59.03989791870117,1792800
2013-03-14,62.119998931884766,62.290000915527344,61.59000015258789,62.2599983215332,59.239688873291016,1533300
2013-03-15,62.029998779296875,62.77000045776367,61.540000915527344,62.630001068115234,59.59175109863281,2465600
2013-03-18,62.13999938964844,62.540000915527344,61.79999923706055,62.11000061035156,59.096981048583984,1877100
2013-03-19,62.400001525878906,62.65999984741211,61.849998474121094,62.209999084472656,59.19212341308594,1558700
2013-03-20,62.7400016784668,63.189998626708984,61.900001525878906,62.150001525878906,59.13503646850586,2225500
2013-03-21,61.900001525878906,62.13999938964844,61.5099983215332,61.7400016784668,58.74492645263672,2211800
2013-03-22,61.900001525878906,62.11000061035156,61.310001373291016,61.75,58.75444030761719,1376900
2013-03-25,61.90999984741211,62.470001220703125,61.470001220703125,61.61000061035156,58.62124252319336,1817100
2013-03-26,61.83000183105469,62.470001220703125,61.79999923706055,62.2400016784668,59.22066116333008,1243400
2013-03-27,62.029998779296875,62.63999938964844,61.869998931884766,62.52000045776367,59.48708724975586,1339800
2013-03-28,62.52000045776367,62.79999923706055,62.209999084472656,62.369998931884766,59.344356536865234,1641800
2013-04-01,62.310001373291016,63.41999816894531,61.880001068115234,62.90999984741211,59.85817337036133,2555500
2013-04-02,64.91000366210938,66.66999816894531,64.26000213623047,64.75,61.60890197753906,4447400
2013-04-03,64.33000183105469,65.19000244140625,63.38999938964844,63.61000061035156,60.52421951293945,2409500
2013-04-04,63.709999084472656,64.56999969482422,63.58000183105469,64.08000183105469,60.97141647338867,2822400
2013-04-05,63.40999984741211,64.5999984741211,63.40999984741211,64.54000091552734,61.409095764160156,2152800
2013-04-08,64.19999694824219,65.23999786376953,63.630001068115234,65.23999786376953,62.075138092041016,2109500
2013-04-09,65.47000122070312,65.5,64.83999633789062,64.93000030517578,61.780174255371094,1968600
2013-04-10,65.11000061035156,65.52999877929688,64.7300033569336,65.2699966430664,62.10367202758789,1129300
2013-04-11,65.38999938964844,65.91000366210938,65.27999877929688,65.9000015258789,62.70310592651367,1379400
2013-04-12,65.69999694824219,66.75,65.68000030517578,66.72000122070312,63.48333740234375,2020200
2013-04-15,66.4800033569336,66.94000244140625,65.16999816894531,65.16999816894531,62.00852584838867,2317400
2013-04-16,65.70999908447266,66.45999908447266,65.23999786376953,66.4000015258789,63.17887496948242,1583900
2013-04-17,66.02999877929688,66.08999633789062,64.5199966430664,64.87000274658203,61.72309494018555,2711500
2013-04-18,64.33999633789062,64.33999633789062,63.029998779296875,64.01000213623047,60.90481185913086,2424800
2013-04-19,64.37999725341797,65.19999694824219,64.04000091552734,65.1500015258789,61.989498138427734,1582800
2013-04-22,65.23999786376953,65.3499984741211,64.33000183105469,65.04000091552734,61.884830474853516,1150400
2013-04-23,65.37999725341797,65.95999908447266,64.83000183105469,65.63999938964844,62.45573043823242,1961500
2013-04-24,65.77999877929688,66.4800033569336,65.0999984741211,65.22000122070312,62.056114196777344,1783800
2013-04-25,65.58000183105469,66.18000030517578,65.54000091552734,65.72000122070312,62.531856536865234,1069400
2013-04-26,65.86000061035156,66.23999786376953,65.44000244140625,65.80999755859375,62.61747360229492,1147400
2013-04-29,65.83000183105469,66.13999938964844,65.69000244140625,66.06999969482422,62.86488342285156,1323700
2013-04-30,66.0,66.48999786376953,65.18000030517578,66.16999816894531,62.96001434326172,1648900
2013-05-01,66.19999694824219,66.91999816894531,65.33000183105469,65.37999725341797,62.20833206176758,1844300
2013-05-02,66.36000061035156,68.87000274658203,66.31999969482422,68.06999969482422,64.7678451538086,2982700
2013-05-03,68.43000030517578,68.48999786376953,66.91999816894531,67.12999725341797,63.87344741821289,2479000
2013-05-06,67.13999938964844,67.87999725341797,67.0,67.08999633789062,63.835384368896484,1499200
2013-05-07,67.05000305175781,67.48999786376953,66.69999694824219,66.93000030517578,63.68315505981445,1760200
2013-05-08,66.93000030517578,68.37999725341797,66.93000030517578,68.37999725341797,65.06278991699219,1604500
2013-05-09,68.33000183105469,68.5,67.61000061035156,68.02999877929688,64.72979736328125,1373100
2013-05-10,68.13999938964844,68.81999969482422,67.77999877929688,68.81999969482422,65.4814682006836,1108000
2013-05-13,68.6500015258789,69.05999755859375,68.13999938964844,69.02999877929688,65.68128967285156,1300300
2013-05-14,68.36000061035156,68.36000061035156,67.5999984741211,67.87999725341797,64.58707427978516,2412600
2013-05-15,67.93000030517578,68.31999969482422,67.30999755859375,68.0999984741211,64.79640197753906,1546600
2013-05-16,67.93000030517578,68.23999786376953,67.29000091552734,67.36000061035156,64.09229278564453,1359200
2013-05-17,67.44000244140625,68.05000305175781,67.44000244140625,67.9000015258789,64.6061019897461,1543900
2013-05-20,67.77999877929688,67.8499984741211,66.80999755859375,66.91999816894531,63.673648834228516,1368200
2013-05-21,66.88999938964844,67.91999816894531,66.88999938964844,67.5999984741211,64.32066345214844,2138700
2013-05-22,67.87999725341797,69.19999694824219,67.48999786376953,67.95999908447266,64.66317749023438,3136600
2013-05-23,67.5199966430664,68.16999816894531,66.87999725341797,67.91999816894531,64.62513732910156,1832500
2013-05-24,67.52999877929688,67.69999694824219,66.83000183105469,67.2300033569336,63.96859359741211,2344600
2013-05-28,67.91999816894531,69.55999755859375,67.91999816894531,69.06999969482422,65.7193374633789,1974500
2013-05-29,68.63999938964844,69.02999877929688,68.19999694824219,68.8499984741211,65.510009765625,1240600
2013-05-30,68.91000366210938,69.87000274658203,68.5999984741211,69.75,66.36636352539062,924200
2013-05-31,69.44999694824219,69.6500015258789,67.9000015258789,67.9000015258789,64.6061019897461,1279700
2013-06-03,68.0199966430664,68.08000183105469,66.30999755859375,66.94000244140625,63.69266891479492,2010700
2013-06-04,66.91000366210938,67.6500015258789,66.75,67.5199966430664,64.24452209472656,1731300
2013-06-05,67.30000305175781,67.6500015258789,65.7699966430664,65.97000122070312,62.769737243652344,1726500
2013-06-06,65.97000122070312,66.97000122070312,65.54000091552734,66.95999908447266,63.7116813659668,1050900
2013-06-07,67.5,68.88999938964844,67.41000366210938,68.44999694824219,65.12940979003906,1404900
2013-06-10,68.54000091552734,69.19000244140625,68.52999877929688,69.0,65.6527328491211,1134200
2013-06-11,69.0999984741211,70.44999694824219,68.4000015258789,69.94999694824219,66.55663299560547,2952700
2013-06-12,70.13999938964844,70.37999725341797,69.41999816894531,69.44000244140625,66.07140350341797,1337900
2013-06-13,69.29000091552734,69.52999877929688,68.06999969482422,69.43000030517578,66.06187438964844,2100900
2013-06-14,68.94000244140625,69.5,68.13999938964844,68.16000366210938,64.85348510742188,1772700
2013-06-17,68.62000274658203,69.02999877929688,67.87000274658203,68.27999877929688,64.96766662597656,1777000
2013-06-18,68.20999908447266,69.77999877929688,68.05000305175781,69.66000366210938,66.28073120117188,1636000
2013-06-19,69.75,69.93000030517578,68.93000030517578,68.93000030517578,65.58614349365234,1561500
2013-06-20,68.45999908447266,70.02999877929688,68.0199966430664,69.23999786376953,65.88109588623047,3062500
2013-06-21,69.94000244140625,71.4000015258789,69.79000091552734,71.04000091552734,67.59378051757812,3838900
2013-06-24,70.62999725341797,71.9000015258789,70.29000091552734,70.83999633789062,67.40348815917969,4413700
2013-06-25,71.23999786376953,71.33999633789062,70.36000061035156,70.66999816894531,67.2417221069336,2426000
2013-06-26,71.29000091552734,71.69999694824219,70.69999694824219,71.37000274658203,67.90775299072266,1829600
2013-06-27,71.66999816894531,72.80999755859375,71.63999938964844,72.55999755859375,69.04003143310547,1850700
2013-06-28,72.41000366210938,73.12999725341797,72.29000091552734,72.48999786376953,68.97341918945312,1865400
2013-07-01,73.16999816894531,73.58999633789062,72.54000091552734,72.80999755859375,69.27789306640625,1753800
2013-07-02,72.61000061035156,72.81999969482422,71.9000015258789,72.12000274658203,68.62138366699219,1765900
2013-07-03,71.55000305175781,72.94000244140625,71.12000274658203,72.91999816894531,69.38257598876953,1086400
2013-07-05,72.95999908447266,73.94999694824219,72.69999694824219,73.94000244140625,70.35308074951172,1263800
2013-07-08,74.20999908447266,74.6500015258789,73.58999633789062,73.83000183105469,70.24842834472656,1808300
2013-07-09,74.08000183105469,74.98999786376953,73.83999633789062,74.6500015258789,71.02865600585938,1784200
2013-07-10,74.66000366210938,75.44999694824219,74.58999633789062,74.87999725341797,71.24749755859375,1525200
2013-07-11,75.70999908447266,76.47000122070312,75.2699966430664,76.13999938964844,72.44638061523438,1986200
2013-07-12,76.69999694824219,76.7699966430664,75.6500015258789,76.02999877929688,72.34170532226562,1334600
2013-07-15,75.86000061035156,76.29000091552734,75.73999786376953,75.88999938964844,72.20848083496094,1179900
2013-07-16,75.83000183105469,75.86000061035156,74.4800033569336,74.94999694824219,71.31409454345703,1615500
2013-07-17,75.33999633789062,76.1500015258789,75.25,75.48999786376953,71.8279037475586,1239100
2013-07-18,76.02999877929688,78.68000030517578,76.02999877929688,77.55000305175781,73.78797149658203,1730200
2013-07-19,77.70999908447266,77.87999725341797,76.62999725341797,77.83999633789062,74.06390380859375,991600
2013-07-22,77.83999633789062,78.87000274658203,77.55000305175781,78.4000015258789,74.59674072265625,952600
2013-07-23,78.54000091552734,78.80000305175781,77.9800033569336,78.16000366210938,74.36837005615234,1144600
2013-07-24,78.54000091552734,79.25,77.80999755859375,78.11000061035156,74.32080078125,1347500
2013-07-25,77.86000061035156,78.0999984741211,77.30000305175781,78.0,74.21613311767578,1042800
2013-07-26,77.56999969482422,78.19999694824219,76.73999786376953,77.56999969482422,73.8070068359375,1308600
2013-07-29,77.48999786376953,77.77999877929688,77.05999755859375,77.19999694824219,73.45496368408203,881200
2013-07-30,77.66000366210938,77.73999786376953,76.06999969482422,76.44999694824219,72.74131774902344,1792200
2013-07-31,76.29000091552734,78.6500015258789,76.25,77.83000183105469,74.05436706542969,1832100
2013-08-01,78.05999755859375,78.48999786376953,76.16999816894531,77.2699966430664,73.52155303955078,2298600
2013-08-02,77.13999938964844,77.55000305175781,76.54000091552734,77.30000305175781,73.55010986328125,1382200
2013-08-05,77.19000244140625,78.47000122070312,76.62999725341797,77.83999633789062,74.06390380859375,1352500
2013-08-06,77.63999938964844,77.94000244140625,76.73999786376953,77.76000213623047,73.9877700805664,1943600
2013-08-07,77.72000122070312,78.23999786376953,77.47000122070312,77.81999969482422,74.04486846923828,1657400
2013-08-08,78.52999877929688,79.12000274658203,77.86000061035156,78.66999816894531,74.8536376953125,1345500
2013-08-09,78.9000015258789,79.25,77.95999908447266,78.44000244140625,74.63479614257812,1186700
2013-08-12,78.08999633789062,78.54000091552734,77.55999755859375,78.48999786376953,74.682373046875,1316000
2013-08-13,78.79000091552734,79.33000183105469,77.66999816894531,78.97000122070312,75.13908386230469,1196800
2013-08-14,78.75,78.91000366210938,77.87999725341797,77.98999786376953,74.20662689208984,1001200
2013-08-15,77.37999725341797,78.05999755859375,75.79000091552734,76.70999908447266,72.98872375488281,1361700
2013-08-16,76.52999877929688,77.98999786376953,76.5,77.36000061035156,73.607177734375,1159100
2013-08-19,77.30999755859375,77.88999938964844,77.30999755859375,77.43000030517578,73.67379760742188,860300
2013-08-20,77.33999633789062,78.77999877929688,77.16000366210938,78.56999969482422,74.75849151611328,1140200
2013-08-21,78.44000244140625,78.45999908447266,77.41999816894531,77.83999633789062,74.06390380859375,986100
2013-08-22,78.01000213623047,79.44999694824219,77.91000366210938,79.08000183105469,75.24373626708984,784300
2013-08-23,78.98999786376953,79.44999694824219,78.76000213623047,79.33000183105469,75.48162841796875,734700
2013-08-26,79.44000244140625,79.98999786376953,79.0,79.52999877929688,75.67192840576172,978100
2013-08-27,78.98999786376953,79.02999877929688,77.98999786376953,78.22000122070312,74.42546081542969,1298000
2013-08-28,78.08999633789062,78.75,77.77999877929688,78.44999694824219,74.6443099975586,1533100
2013-08-29,78.11000061035156,79.62000274658203,78.04000091552734,79.04000091552734,75.2056655883789,859200
2013-08-30,79.33000183105469,79.58999633789062,78.41000366210938,78.69000244140625,74.87267303466797,1135000
2013-09-03,79.44999694824219,80.0,78.83999633789062,79.45999908447266,75.60530853271484,1301600
2013-09-04,79.30000305175781,80.44999694824219,78.91999816894531,80.33999633789062,76.4426040649414,1184100
2013-09-05,80.30999755859375,81.75,80.30999755859375,81.25,77.30847930908203,1479000
2013-09-06,81.38999938964844,81.66000366210938,79.94999694824219,80.83000183105469,76.90885162353516,1275300
2013-09-09,80.88999938964844,81.27999877929688,80.51000213623047,80.66999816894531,76.75662231445312,1294100
2013-09-10,80.93000030517578,81.75,80.83000183105469,81.69000244140625,77.72712707519531,946100
2013-09-11,81.73999786376953,82.62000274658203,81.55999755859375,82.30000305175781,78.30752563476562,1226900
2013-09-12,82.47000122070312,83.18000030517578,82.19999694824219,82.66999816894531,78.65959167480469,997100
2013-09-13,83.05999755859375,84.13999938964844,83.05000305175781,83.6500015258789,79.59205627441406,1034700
2013-09-16,84.30000305175781,84.68000030517578,83.80999755859375,84.2699966430664,80.18196105957031,1161400
2013-09-17,84.25,84.2699966430664,83.19999694824219,83.72000122070312,79.65863800048828,1004200
2013-09-18,83.61000061035156,84.0,80.36000061035156,81.25,77.30847930908203,4582900
2013-09-19,81.25,81.43000030517578,76.83000183105469,77.72000122070312,73.9497299194336,4910400
2013-09-20,77.83999633789062,79.48999786376953,77.7300033569336,78.58999633789062,74.77750396728516,3270300
2013-09-23,78.18000030517578,78.55999755859375,76.58999633789062,78.23999786376953,74.44448852539062,2458000
2013-09-24,78.38999938964844,79.0999984741211,77.7300033569336,78.30999755859375,74.51109313964844,1640000
2013-09-25,78.5199966430664,78.83999633789062,78.02999877929688,78.31999969482422,74.52062225341797,1107400
2013-09-26,78.58000183105469,79.16000366210938,77.33000183105469,78.04000091552734,74.25420379638672,1546700
2013-09-27,77.62999725341797,78.0999984741211,77.37999725341797,77.6500015258789,73.88311767578125,1076700
2013-09-30,77.05999755859375,77.12999725341797,76.30999755859375,76.86000061035156,73.1314468383789,2021000
2013-10-01,76.9000015258789,78.88999938964844,76.73999786376953,78.55000305175781,74.73944854736328,1408300
2013-10-02,78.19000244140625,78.55999755859375,77.47000122070312,78.41999816894531,74.61576080322266,1286400
2013-10-03,78.16999816894531,78.5,77.76000213623047,78.0999984741211,74.31129455566406,1445300
2013-10-04,78.12999725341797,79.72000122070312,77.91000366210938,79.2300033569336,75.38648223876953,1786800
2013-10-07,78.44000244140625,78.83999633789062,78.12999725341797,78.13999938964844,74.3493423461914,987800
2013-10-08,78.02999877929688,78.20999908447266,77.37999725341797,77.4000015258789,73.645263671875,1379600
2013-10-09,77.47000122070312,77.80999755859375,77.0199966430664,77.18000030517578,73.43592834472656,1251300
2013-10-10,77.87999725341797,79.51000213623047,77.77999877929688,79.08000183105469,75.24373626708984,1379700
2013-10-11,79.05999755859375,79.86000061035156,78.7300033569336,79.5999984741211,75.738525390625,1083200
2013-10-14,79.13999938964844,79.61000061035156,78.62000274658203,79.25,75.4054946899414,1375600
2013-10-15,79.06999969482422,79.45999908447266,78.0999984741211,78.1500015258789,74.35887145996094,1370200
2013-10-16,78.83000183105469,80.51000213623047,78.6500015258789,80.47000122070312,76.56631469726562,1564500
2013-10-17,79.55999755859375,79.55999755859375,77.45999908447266,77.4800033569336,73.72135925292969,3150300
2013-10-18,77.47000122070312,77.5999984741211,74.45999908447266,74.94999694824219,71.31409454345703,4564400
2013-10-21,74.77999877929688,76.19999694824219,74.1500015258789,75.94999694824219,72.26557922363281,1981600
2013-10-22,76.0999984741211,77.41000366210938,76.0999984741211,76.47000122070312,72.7603530883789,1255600
2013-10-23,76.3499984741211,76.37999725341797,73.7300033569336,73.9000015258789,70.31504821777344,2680100
2013-10-24,74.26000213623047,74.58999633789062,72.63999938964844,73.16999816894531,69.62042236328125,2122400
2013-10-25,73.06999969482422,74.0199966430664,72.79000091552734,73.9000015258789,70.31504821777344,2100700
2013-10-28,74.0999984741211,74.58000183105469,73.7300033569336,74.2300033569336,70.62902069091797,1621000
2013-10-29,74.13999938964844,74.4000015258789,73.68000030517578,74.30000305175781,70.69564056396484,1768000
2013-10-30,74.44000244140625,75.55000305175781,74.44000244140625,74.63999938964844,71.01911926269531,2264200
2013-10-31,76.88999938964844,78.41000366210938,75.56999969482422,76.9800033569336,73.2456283569336,3201300
2013-11-01,76.98999786376953,78.5,76.61000061035156,78.37999725341797,74.57769775390625,2513800
2013-11-04,78.76000213623047,79.63999938964844,78.4000015258789,79.61000061035156,75.7480239868164,1806800
2013-11-05,79.12999725341797,80.44000244140625,78.79000091552734,79.51000213623047,75.65290069580078,3954900
2013-11-06,79.61000061035156,81.13999938964844,79.30000305175781,80.41000366210938,76.50923156738281,1287200
2013-11-07,80.7300033569336,81.13999938964844,79.22000122070312,79.27999877929688,75.43405151367188,1420000
2013-11-08,79.43000030517578,80.69000244140625,79.29000091552734,80.68000030517578,76.76612854003906,1434800
2013-11-11,80.7699966430664,81.3499984741211,80.61000061035156,81.11000061035156,77.17526245117188,741800
2013-11-12,80.98999786376953,81.25,80.58000183105469,81.0999984741211,77.16574096679688,1066900
2013-11-13,81.08999633789062,82.19999694824219,80.98999786376953,82.16999816894531,78.183837890625,1703200
2013-11-14,82.19000244140625,83.05000305175781,82.05999755859375,83.02999877929688,79.00212097167969,1430300
2013-11-15,82.91000366210938,83.66000366210938,82.79000091552734,83.63999938964844,79.58252716064453,1352300
2013-11-18,83.69999694824219,84.25,83.52999877929688,84.11000061035156,80.02972412109375,918900
2013-11-19,84.44999694824219,84.80000305175781,84.18000030517578,84.6500015258789,80.5435562133789,1304400
2013-11-20,84.77999877929688,86.44999694824219,84.5199966430664,85.81999969482422,81.65678405761719,1801100
2013-11-21,86.4000015258789,87.41999816894531,85.68000030517578,85.7300033569336,81.57113647460938,1714300
2013-11-22,85.73999786376953,86.87000274658203,85.58000183105469,86.62000274658203,82.41797637939453,1561200
2013-11-25,86.76000213623047,88.33999633789062,86.5199966430664,88.18000030517578,83.90229797363281,1477700
2013-11-26,88.02999877929688,88.56999969482422,87.77999877929688,87.94999694824219,83.68346405029297,1585200
2013-11-27,88.19999694824219,88.36000061035156,87.79000091552734,88.0199966430664,83.75006103515625,996700
2013-11-29,88.44000244140625,88.48999786376953,87.33999633789062,87.44999694824219,83.20771026611328,689100
2013-12-02,87.37000274658203,88.08999633789062,87.01000213623047,87.16999816894531,82.94127655029297,1321200
2013-12-03,86.86000061035156,87.04000091552734,86.01000213623047,86.16000366210938,81.98029327392578,1760600
2013-12-04,85.9000015258789,86.83000183105469,85.08999633789062,85.94999694824219,81.78047180175781,1314700
2013-12-05,85.87000274658203,85.91999816894531,84.2300033569336,84.31999969482422,80.22955322265625,1174000
2013-12-06,85.31999969482422,86.62999725341797,85.20999908447266,86.5,82.30380249023438,1362600
2013-12-09,87.51000213623047,87.93000030517578,86.91999816894531,87.1500015258789,82.92225646972656,1394900
2013-12-10,86.80999755859375,87.01000213623047,86.08000183105469,86.0999984741211,81.9231948852539,1258600
2013-12-11,85.97000122070312,86.48999786376953,84.8499984741211,85.12999725341797,81.00023651123047,1865900
2013-12-12,84.86000061035156,85.31999969482422,84.0199966430664,84.27999877929688,80.19147491455078,1525500
2013-12-13,84.55999755859375,85.26000213623047,83.16000366210938,83.25,79.2114486694336,1141600
2013-12-16,84.05999755859375,84.44999694824219,83.0199966430664,83.94999694824219,79.87751770019531,1329500
2013-12-17,84.1500015258789,84.18000030517578,83.5199966430664,83.77999877929688,79.71575927734375,1366700
2013-12-18,83.98999786376953,85.05000305175781,83.16000366210938,85.04000091552734,80.91461944580078,1086700
2013-12-19,84.63999938964844,85.37999725341797,83.9800033569336,85.31999969482422,81.1810302734375,1122900
2013-12-20,85.48999786376953,85.72000122070312,84.72000122070312,85.25,81.11443328857422,2148200
2013-12-23,85.80000305175781,86.18000030517578,85.47000122070312,85.98999786376953,81.81852722167969,713900
2013-12-24,86.16999816894531,86.55000305175781,85.83000183105469,86.16999816894531,81.98979949951172,246600
2013-12-26,86.30999755859375,86.9800033569336,86.20999908447266,86.80999755859375,82.59876251220703,386100
2013-12-27,86.8499984741211,87.2300033569336,86.41999816894531,86.52999877929688,82.33234405517578,365900
2013-12-30,86.52999877929688,86.75,85.72000122070312,86.61000061035156,82.40845489501953,871600
2013-12-31,86.69000244140625,87.7300033569336,86.43000030517578,87.4800033569336,83.23625183105469,770200
2014-01-02,86.98999786376953,87.44999694824219,86.19000244140625,86.19999694824219,82.01834869384766,1021700
2014-01-03,86.29000091552734,87.0,86.08000183105469,86.4000015258789,82.2086410522461,855400
2014-01-06,86.80999755859375,86.8499984741211,86.08000183105469,86.12999725341797,81.95173645019531,1185500
2014-01-07,86.29000091552734,88.55999755859375,86.29000091552734,88.3499984741211,84.06404113769531,1468000
2014-01-08,88.25,88.3499984741211,87.73999786376953,87.91000366210938,83.64540100097656,1421600
2014-01-09,87.94999694824219,90.51000213623047,87.94999694824219,90.05000305175781,85.68159484863281,1980900
2014-01-10,90.41000366210938,90.62999725341797,88.77999877929688,89.20999908447266,84.8823471069336,1055800
2014-01-13,88.93000030517578,89.81999969482422,88.7300033569336,88.77999877929688,84.47318267822266,959600
2014-01-14,88.7300033569336,89.83999633789062,88.55999755859375,89.48999786376953,85.14873504638672,867100
2014-01-15,89.63999938964844,90.0199966430664,89.33999633789062,89.86000061035156,85.50080871582031,1298200
2014-01-16,89.5,89.66000366210938,88.58999633789062,88.81999969482422,84.51124572753906,1537800
2014-01-17,89.08000183105469,89.62999725341797,88.20999908447266,89.45999908447266,85.12020111083984,996800
2014-01-21,89.80999755859375,90.55000305175781,89.36000061035156,90.12999725341797,85.75768280029297,1207300
2014-01-22,90.3499984741211,90.4800033569336,89.29000091552734,89.66000366210938,85.31050109863281,968200
2014-01-23,88.72000122070312,89.62000274658203,88.62999725341797,89.54000091552734,85.19632720947266,1122800
2014-01-24,89.41000366210938,89.44000244140625,86.5,86.69999694824219,82.49407958984375,1566500
2014-01-27,86.55000305175781,87.75,86.12999725341797,87.0,82.77953338623047,1310400
2014-01-28,86.95999908447266,87.4800033569336,85.9000015258789,85.94000244140625,81.77095794677734,1535000
2014-01-29,85.4800033569336,87.43000030517578,84.75,85.87999725341797,81.71385955810547,1425600
2014-01-30,86.62000274658203,88.05000305175781,86.58999633789062,87.6500015258789,83.39801025390625,984100
2014-01-31,86.69999694824219,87.12999725341797,85.9800033569336,86.30999755859375,82.12300109863281,1421300
2014-02-03,86.45999908447266,86.66000366210938,84.44999694824219,84.5199966430664,80.41984558105469,1367700
2014-02-04,84.75,85.01000213623047,83.68000030517578,84.94999694824219,80.82899475097656,1090100
2014-02-05,84.2300033569336,85.7300033569336,84.11000061035156,85.06999969482422,80.94316864013672,1493600
2014-02-06,85.51000213623047,85.56999969482422,84.68000030517578,85.37000274658203,81.22862243652344,1552000
2014-02-07,80.11000061035156,80.93000030517578,76.12999725341797,77.47000122070312,73.71186065673828,8994700
2014-02-10,77.44999694824219,77.47000122070312,76.29000091552734,76.73999786376953,73.01726531982422,4078200
2014-02-11,76.69999694824219,77.73999786376953,76.37000274658203,77.22000122070312,73.47396850585938,4185700
2014-02-12,77.38999938964844,77.62999725341797,75.68000030517578,75.94000244140625,72.25606536865234,3877600
2014-02-13,75.69999694824219,76.44000244140625,75.37000274658203,76.13999938964844,72.44638061523438,4297700
2014-02-14,75.98999786376953,78.11000061035156,75.94000244140625,77.70999908447266,73.9402084350586,4840900
2014-02-18,77.86000061035156,78.66000366210938,77.55999755859375,77.58999633789062,73.8260269165039,3107900
2014-02-19,77.5,77.83999633789062,76.37000274658203,76.44000244140625,72.73181915283203,2027500
2014-02-20,76.76000213623047,77.58000183105469,76.4800033569336,77.0999984741211,73.35978698730469,3099400
2014-02-21,76.68000030517578,78.27999877929688,76.68000030517578,77.33999633789062,73.58814239501953,2497000
2014-02-24,77.0999984741211,79.62999725341797,77.0199966430664,79.19000244140625,75.34840393066406,3548400
2014-02-25,79.0,79.16999816894531,77.8499984741211,78.16000366210938,74.36837005615234,2112300
2014-02-26,78.02999877929688,78.56999969482422,77.41999816894531,78.0199966430664,74.23516082763672,1380300
2014-02-27,78.19999694824219,78.4800033569336,77.48999786376953,77.80000305175781,74.02583312988281,1256500
2014-02-28,77.87999725341797,80.04000091552734,77.6500015258789,79.58999633789062,75.72900390625,2567900
2014-03-03,78.7699966430664,79.33999633789062,78.16999816894531,78.61000061035156,74.79653930664062,1578900
2014-03-04,79.20999908447266,79.9000015258789,79.08999633789062,79.70999908447266,75.84317779541016,1654500
2014-03-05,79.80999755859375,80.0,78.95999908447266,79.7300033569336,75.8622055053711,1401200
2014-03-06,80.0,80.27999877929688,79.0199966430664,79.06999969482422,75.23419952392578,1454600
2014-03-07,79.33000183105469,79.5199966430664,78.68000030517578,79.05000305175781,75.21520233154297,1477000
2014-03-10,78.79000091552734,79.70999908447266,78.56999969482422,79.66000366210938,75.8339614868164,1441700
2014-03-11,79.68000030517578,80.47000122070312,79.6500015258789,79.95999908447266,76.11956787109375,1823800
2014-03-12,79.06999969482422,79.76000213623047,78.9000015258789,79.30000305175781,75.49126434326172,2654900
2014-03-13,79.62999725341797,79.77999877929688,77.66999816894531,77.68000030517578,73.9490737915039,2587000
2014-03-14,77.72000122070312,77.97000122070312,76.41000366210938,76.55000305175781,72.87335968017578,2504600
2014-03-17,76.91999816894531,77.93000030517578,76.62999725341797,77.77999877929688,74.04428100585938,2099100
2014-03-18,77.66999816894531,77.91999816894531,77.33000183105469,77.69000244140625,73.95860290527344,2101700
2014-03-19,77.9000015258789,80.94000244140625,77.7300033569336,80.27999877929688,76.42420959472656,3518600
2014-03-20,80.30999755859375,83.83000183105469,80.1500015258789,82.79000091552734,78.81365203857422,4128800
2014-03-21,83.55999755859375,84.37000274658203,82.0,82.04000091552734,78.09966278076172,3232400
2014-03-24,82.25,82.81999969482422,80.55999755859375,80.81999969482422,76.93827819824219,1887300
2014-03-25,81.61000061035156,81.62000274658203,80.0999984741211,80.30999755859375,76.4527587890625,1285700
2014-03-26,80.41000366210938,80.87000274658203,79.7699966430664,80.0,76.15765380859375,1682500
2014-03-27,80.11000061035156,80.11000061035156,76.79000091552734,77.48999786376953,73.76819610595703,3324800
2014-03-28,78.06999969482422,79.55000305175781,77.88999938964844,79.41000366210938,75.59597778320312,2532600
2014-03-31,80.18000030517578,84.27999877929688,80.12999725341797,83.7300033569336,79.70850372314453,5921700
2014-04-01,83.93000030517578,84.7300033569336,83.0,83.05000305175781,79.0611801147461,2669500
2014-04-02,82.94000244140625,83.11000061035156,82.22000122070312,82.48999786376953,78.5280532836914,1439000
2014-04-03,82.37999725341797,83.20999908447266,82.30999755859375,83.0199966430664,79.03260803222656,2189900
2014-04-04,83.3499984741211,83.73999786376953,81.73999786376953,81.80000305175781,77.8712158203125,1610500
2014-04-07,81.47000122070312,82.2300033569336,80.66000366210938,80.87000274658203,76.98587036132812,2375400
2014-04-08,80.79000091552734,81.91000366210938,80.3499984741211,81.31999969482422,77.41425323486328,1847900
2014-04-09,81.5199966430664,82.2300033569336,81.23999786376953,81.58000183105469,77.6617660522461,1660400
2014-04-10,81.58000183105469,82.0,78.7699966430664,79.08999633789062,75.29134368896484,2102900
2014-04-11,78.69000244140625,78.98999786376953,76.95999908447266,77.11000061035156,73.40644836425781,2109900
2014-04-14,77.79000091552734,77.91999816894531,76.45999908447266,77.3499984741211,73.63492584228516,1681200
2014-04-15,77.7300033569336,77.77999877929688,76.2699966430664,77.33000183105469,73.61588287353516,1270500
2014-04-16,77.88999938964844,77.88999938964844,76.44000244140625,76.77999877929688,73.0923080444336,1639000
2014-04-17,73.4800033569336,76.13999938964844,73.47000122070312,75.63999938964844,72.007080078125,2859800
2014-04-21,76.0999984741211,76.7699966430664,75.68000030517578,76.30000305175781,72.6353759765625,1321800
2014-04-22,76.30000305175781,77.63999938964844,76.16000366210938,77.27999877929688,73.56829071044922,1637300
2014-04-23,77.1500015258789,77.6500015258789,76.51000213623047,77.36000061035156,73.64443969726562,834900
2014-04-24,78.12000274658203,79.66999816894531,77.73999786376953,79.4800033569336,75.6626205444336,2207000
2014-04-25,79.25,79.69999694824219,78.22000122070312,78.94999694824219,75.15808868408203,1505500
2014-04-28,79.0199966430664,79.05999755859375,77.66000366210938,77.76000213623047,74.02522277832031,2091100
2014-04-29,78.1500015258789,78.1500015258789,77.80000305175781,77.8499984741211,74.11093139648438,1725000
2014-04-30,78.3499984741211,80.25,78.05000305175781,80.04000091552734,76.19573211669922,3213400
2014-05-01,82.97000122070312,83.44999694824219,81.69999694824219,82.05000305175781,78.10919189453125,2381100
2014-05-02,82.45999908447266,83.73999786376953,82.1500015258789,82.66000366210938,78.68991088867188,2185900
2014-05-05,82.22000122070312,83.94999694824219,82.0,83.77999877929688,79.7560806274414,2322000
2014-05-06,83.77999877929688,84.4000015258789,83.2699966430664,83.87000274658203,79.84178924560547,1691400
2014-05-07,84.0,85.4000015258789,83.79000091552734,85.37000274658203,81.26974487304688,2124900
2014-05-08,85.38999938964844,85.83999633789062,85.19999694824219,85.5999984741211,81.4886703491211,2281400
2014-05-09,85.5199966430664,86.6500015258789,85.33000183105469,86.48999786376953,82.3359375,2451600
2014-05-12,86.66000366210938,88.5999984741211,86.62999725341797,88.52999877929688,84.27796173095703,2829500
2014-05-13,88.5,88.95999908447266,88.04000091552734,88.4000015258789,84.1541976928711,2486800
2014-05-14,88.4000015258789,88.55999755859375,87.8499984741211,88.38999938964844,84.14468383789062,1500800
2014-05-15,88.12000274658203,88.4000015258789,87.13999938964844,87.45999908447266,83.25934600830078,1771700
2014-05-16,87.27999877929688,87.58999633789062,86.69999694824219,87.48999786376953,83.28791046142578,1358000
2014-05-19,87.62000274658203,88.58999633789062,87.5199966430664,88.45999908447266,84.21131896972656,1661200
2014-05-20,88.48999786376953,88.68000030517578,87.62999725341797,88.38999938964844,84.14468383789062,1636300
2014-05-21,88.54000091552734,89.38999938964844,88.54000091552734,89.18000030517578,84.89674377441406,1011600
2014-05-22,89.12000274658203,89.2699966430664,88.5,88.7699966430664,84.50643920898438,1372200
2014-05-23,89.0,89.55000305175781,88.5999984741211,89.23999786376953,84.95387268066406,1449600
2014-05-27,89.30000305175781,89.55000305175781,88.94999694824219,89.12000274658203,84.83961486816406,1503700
2014-05-28,89.55999755859375,89.94000244140625,89.0,89.47000122070312,85.17281341552734,1668100
2014-05-29,89.86000061035156,90.19000244140625,89.16000366210938,90.0999984741211,85.77255249023438,1210200
2014-05-30,89.76000213623047,90.2699966430664,89.29000091552734,89.77999877929688,85.4679183959961,2560900
2014-06-02,90.12999725341797,90.55000305175781,89.63999938964844,90.44999694824219,86.10574340820312,1326900
2014-06-03,90.38999938964844,90.58999633789062,90.12000274658203,90.4000015258789,86.05813598632812,1520500
2014-06-04,90.2699966430664,90.77999877929688,90.1500015258789,90.41000366210938,86.06766510009766,1159600
2014-06-05,90.44000244140625,91.0,90.13999938964844,90.29000091552734,85.95342254638672,1129800
2014-06-06,90.5,91.0,90.1500015258789,90.33000183105469,85.99152374267578,1263500
2014-06-09,90.01000213623047,90.51000213623047,89.48999786376953,89.83999633789062,85.52503204345703,1498500
2014-06-10,89.81999969482422,90.05999755859375,89.16000366210938,89.83999633789062,85.52503204345703,1051000
2014-06-11,89.69000244140625,91.62999725341797,89.66999816894531,91.45999908447266,87.0672378540039,1837500
2014-06-12,91.0199966430664,91.41000366210938,90.0999984741211,90.73999786376953,86.3818130493164,1360200
2014-06-13,90.44999694824219,91.04000091552734,89.87999725341797,91.0199966430664,86.64836120605469,1253800
2014-06-16,90.87000274658203,91.3499984741211,89.98999786376953,90.69999694824219,86.34371948242188,1655200
2014-06-17,90.4800033569336,90.73999786376953,89.55000305175781,90.0,85.67736053466797,1303300
2014-06-18,89.91999816894531,90.61000061035156,89.5199966430664,90.58000183105469,86.22949981689453,922900
2014-06-19,90.79000091552734,91.80999755859375,90.27999877929688,91.37000274658203,86.9815673828125,1119000
2014-06-20,91.6500015258789,91.9800033569336,91.16999816894531,91.86000061035156,87.44801330566406,1988900
2014-06-23,91.9800033569336,91.98999786376953,91.2699966430664,91.45999908447266,87.0672378540039,820700
2014-06-24,91.47000122070312,91.7699966430664,90.2699966430664,90.27999877929688,85.94390869140625,1324500
2014-06-25,90.4800033569336,92.11000061035156,90.3499984741211,92.11000061035156,87.6860122680664,1442400
2014-06-26,91.73999786376953,91.87000274658203,90.73999786376953,91.3499984741211,86.9625244140625,1010800
2014-06-27,91.58000183105469,92.16999816894531,91.06999969482422,91.91999816894531,87.505126953125,1136800
2014-06-30,92.12999725341797,93.19999694824219,91.68000030517578,91.97000122070312,87.55274963378906,1530700
2014-07-01,92.0,93.30999755859375,92.0,92.62000274658203,88.1715316772461,1100900
2014-07-02,92.29000091552734,92.94000244140625,91.25,92.83999633789062,88.38094329833984,857600
2014-07-03,93.2699966430664,94.23999786376953,93.12999725341797,93.66000366210938,89.16154479980469,663300
2014-07-07,92.80000305175781,93.38999938964844,92.02999877929688,92.43000030517578,87.99065399169922,874800
2014-07-08,92.27999877929688,92.33999633789062,91.55999755859375,91.91999816894531,87.505126953125,925500
2014-07-09,92.0199966430664,92.58999633789062,91.97000122070312,92.5199966430664,88.07632446289062,1262700
2014-07-10,91.66999816894531,92.93000030517578,91.58000183105469,92.30000305175781,87.86688232421875,1250900
2014-07-11,92.13999938964844,93.61000061035156,91.94999694824219,93.36000061035156,88.87596893310547,1221000
2014-07-14,93.6500015258789,95.16999816894531,93.63999938964844,94.22000122070312,89.69468688964844,1910100
2014-07-15,93.87999725341797,94.93000030517578,93.62000274658203,94.05000305175781,89.5328369140625,2113100
2014-07-16,94.27999877929688,94.55999755859375,93.7699966430664,93.95999908447266,89.44715118408203,2599300
2014-07-17,95.22000122070312,95.87000274658203,93.6500015258789,94.48999786376953,89.95169067382812,3045400
2014-07-18,94.68000030517578,96.38999938964844,94.19999694824219,96.31999969482422,91.6938247680664,1781000
2014-07-21,95.7699966430664,95.95999908447266,94.87999725341797,95.52999877929688,90.94174194335938,2327400
2014-07-22,96.08000183105469,97.12999725341797,95.91000366210938,96.38999938964844,91.76044464111328,1672200
2014-07-23,96.63999938964844,97.27999877929688,96.0999984741211,96.80000305175781,92.15076446533203,1164600
2014-07-24,96.70999908447266,97.23999786376953,96.51000213623047,96.75,92.10316467285156,1038700
2014-07-25,95.29000091552734,96.30000305175781,94.4000015258789,95.76000213623047,91.16069793701172,764800
2014-07-28,95.79000091552734,96.94999694824219,95.52999877929688,96.87000274658203,92.2174072265625,976200
2014-07-29,96.5999984741211,96.62999725341797,93.62000274658203,94.62999725341797,90.08497619628906,3099600
2014-07-30,95.29000091552734,95.29000091552734,92.20999908447266,93.5,89.0092544555664,3324200
2014-07-31,90.05999755859375,91.63999938964844,87.33000183105469,90.04000091552734,85.71543884277344,4402800
2014-08-01,90.22000122070312,91.7699966430664,90.0,90.76000213623047,86.4008560180664,1577200
2014-08-04,91.08000183105469,92.08000183105469,90.2300033569336,91.80999755859375,87.40042114257812,1502400
2014-08-05,91.6500015258789,92.45999908447266,90.62999725341797,90.87000274658203,86.50557708740234,1473200
2014-08-06,90.5999984741211,92.2699966430664,90.5999984741211,91.47000122070312,87.07677459716797,920900
2014-08-07,91.48999786376953,91.58999633789062,88.66000366210938,88.75,84.4874038696289,2160800
2014-08-08,88.83999633789062,90.68000030517578,88.69000244140625,90.5999984741211,86.24855041503906,1273700
2014-08-11,90.80999755859375,90.94000244140625,89.97000122070312,90.01000213623047,85.6868667602539,1822500
2014-08-12,90.1500015258789,91.27999877929688,90.01000213623047,90.47000122070312,86.12479400634766,1840700
2014-08-13,90.93000030517578,91.62000274658203,90.3499984741211,91.33999633789062,86.9530029296875,1752100
2014-08-14,91.44999694824219,93.20999908447266,91.19000244140625,92.97000122070312,88.50470733642578,1335100
2014-08-15,93.0,93.16999816894531,91.52999877929688,92.55999755859375,88.11439514160156,1333300
2014-08-18,93.0,93.16000366210938,92.2699966430664,93.1500015258789,88.67605590820312,567000
2014-08-19,93.12999725341797,93.76000213623047,92.72000122070312,93.68000030517578,89.18061065673828,736000
2014-08-20,93.55999755859375,93.98999786376953,93.0199966430664,93.94999694824219,89.43762969970703,575800
2014-08-21,93.94999694824219,94.5199966430664,93.45999908447266,93.97000122070312,89.45668029785156,618500
2014-08-22,94.0,94.05999755859375,92.93000030517578,93.13999938964844,88.66655731201172,819000
2014-08-25,93.37999725341797,93.87000274658203,93.05999755859375,93.27999877929688,88.79981231689453,637800
2014-08-26,93.55999755859375,93.95999908447266,93.2300033569336,93.76000213623047,89.25676727294922,1073600
2014-08-27,93.7699966430664,94.51000213623047,93.30000305175781,94.4800033569336,89.94218444824219,1235800
2014-08-28,94.25,95.30999755859375,94.25,94.52999877929688,89.98978424072266,943500
2014-08-29,94.76000213623047,95.6500015258789,94.27999877929688,94.5999984741211,90.0564193725586,1182100
2014-09-02,94.91999816894531,95.0999984741211,93.44999694824219,94.19999694824219,89.67562866210938,826100
2014-09-03,94.33999633789062,95.13999938964844,94.20999908447266,94.75,90.19921112060547,1164000
2014-09-04,94.91999816894531,97.06999969482422,94.83999633789062,95.48999786376953,90.9036636352539,1140900
2014-09-05,95.55000305175781,96.76000213623047,95.45999908447266,96.38999938964844,91.76044464111328,1217500
2014-09-08,96.0999984741211,96.2699966430664,95.55999755859375,96.01000213623047,91.398681640625,821000
2014-09-09,96.01000213623047,96.62999725341797,95.68000030517578,95.9800033569336,91.37013244628906,1034800
2014-09-10,96.33000183105469,96.33000183105469,94.0199966430664,94.33000183105469,89.79938507080078,1432700
2014-09-11,93.75,94.01000213623047,92.5199966430664,93.3499984741211,88.866455078125,1537900
2014-09-12,93.5999984741211,93.5999984741211,92.01000213623047,92.31999969482422,87.88592529296875,983600
2014-09-15,92.13999938964844,92.4000015258789,91.4800033569336,91.5199966430664,87.12435150146484,1198400
2014-09-16,91.62000274658203,93.41999816894531,91.0999984741211,93.23999786376953,88.76172637939453,1061700
2014-09-17,94.29000091552734,94.88999938964844,93.66999816894531,94.08999633789062,89.57090759277344,1432900
2014-09-18,94.36000061035156,95.45999908447266,94.31999969482422,95.20999908447266,90.63711547851562,1093000
2014-09-19,95.66999816894531,95.97000122070312,95.01000213623047,95.25,90.67520904541016,1672300
2014-09-22,95.16999816894531,95.79000091552734,94.5199966430664,94.69999694824219,90.15162658691406,863100
2014-09-23,94.36000061035156,94.70999908447266,92.95999908447266,92.9800033569336,88.51422882080078,1088400
2014-09-24,93.16999816894531,94.98999786376953,92.7300033569336,94.81999969482422,90.26586151123047,854300
2014-09-25,94.63999938964844,94.63999938964844,91.33999633789062,91.72000122070312,87.31475067138672,1496300
2014-09-26,91.7699966430664,92.12999725341797,91.1500015258789,91.81999969482422,87.40995788574219,1025800
2014-09-29,90.97000122070312,91.77999877929688,90.83000183105469,91.23999786376953,86.85779571533203,1317800
2014-09-30,91.43000030517578,91.69999694824219,90.52999877929688,90.69000244140625,86.334228515625,1392300
2014-10-01,90.79000091552734,90.94999694824219,89.19999694824219,89.44000244140625,85.14425659179688,1296400
2014-10-02,89.37999725341797,89.68000030517578,87.76000213623047,88.72000122070312,84.45884704589844,1545000
2014-10-03,89.5199966430664,90.94000244140625,89.0199966430664,90.58999633789062,86.23900604248047,2639800
2014-10-06,90.97000122070312,91.4000015258789,88.76000213623047,89.19000244140625,84.90625,1417000
2014-10-07,89.05000305175781,90.83000183105469,88.77999877929688,89.11000061035156,84.83010864257812,2611500
2014-10-08,89.3499984741211,91.47000122070312,89.19000244140625,91.41999816894531,87.02915954589844,1413600
2014-10-09,91.41999816894531,91.86000061035156,89.77999877929688,89.9800033569336,85.65831756591797,1196000
2014-10-10,90.19999694824219,92.06999969482422,90.19999694824219,90.58999633789062,86.23900604248047,1510800
2014-10-13,90.33999633789062,91.16999816894531,89.55000305175781,89.68000030517578,85.37272644042969,1594200
2014-10-14,88.9800033569336,89.05999755859375,86.69999694824219,87.70999908447266,83.49734497070312,3865700
2014-10-15,86.5,89.0999984741211,85.75,88.7300033569336,84.46834564208984,3128400
2014-10-16,88.05999755859375,89.94999694824219,87.66999816894531,88.02999877929688,83.80197143554688,2593500
2014-10-17,88.8499984741211,90.37000274658203,88.31999969482422,89.04000091552734,84.76347351074219,1687700
2014-10-20,89.30000305175781,90.69999694824219,89.19000244140625,90.5999984741211,86.24855041503906,986000
2014-10-21,91.43000030517578,92.88999938964844,91.26000213623047,92.70999908447266,88.25718688964844,1249700
2014-10-22,92.94000244140625,93.08000183105469,91.41000366210938,91.44999694824219,87.0577163696289,1735800
2014-10-23,92.52999877929688,93.11000061035156,92.02999877929688,92.2699966430664,87.83831024169922,874500
2014-10-24,92.44000244140625,92.86000061035156,91.55000305175781,92.83000183105469,88.37145233154297,756600
2014-10-27,92.8499984741211,93.23999786376953,92.36000061035156,92.6500015258789,88.20008850097656,713300
2014-10-28,91.4800033569336,92.58000183105469,90.55000305175781,92.58000183105469,88.1334228515625,1532400
2014-10-29,92.9000015258789,94.13999938964844,92.69000244140625,94.0,89.48524475097656,2970900
2014-10-30,94.5,97.55999755859375,94.5,97.0999984741211,92.43634796142578,3049900
2014-10-31,98.66000366210938,99.75,97.58000183105469,99.56999969482422,94.78773498535156,2593600
2014-11-03,99.63999938964844,100.63999938964844,99.37999725341797,99.7300033569336,94.9400405883789,1659500
2014-11-04,99.5,101.2699966430664,99.4800033569336,101.0199966430664,96.16808319091797,3345400
2014-11-05,102.16000366210938,102.16000366210938,99.77999877929688,100.0,95.19705963134766,2339800
2014-11-06,100.27999877929688,101.9000015258789,99.91000366210938,101.33999633789062,96.47269439697266,2014400
2014-11-07,100.56999969482422,101.20999908447266,98.12000274658203,98.98999786376953,94.23556518554688,2584900
2014-11-10,98.97000122070312,101.7300033569336,98.93000030517578,101.27999877929688,96.41560363769531,1980300
2014-11-11,101.5199966430664,102.66999816894531,101.45999908447266,102.12999725341797,97.2247543334961,1924400
2014-11-12,101.5999984741211,102.37999725341797,101.36000061035156,102.11000061035156,97.20572662353516,1479400
2014-11-13,102.08000183105469,103.5,101.87999725341797,102.70999908447266,97.77690124511719,2110100
2014-11-14,102.75,102.97000122070312,101.44999694824219,101.9000015258789,97.00580596923828,1706600
2014-11-17,101.91000366210938,103.22000122070312,101.88999938964844,102.94000244140625,97.99585723876953,1468400
2014-11-18,102.97000122070312,104.55000305175781,102.97000122070312,103.94999694824219,98.95733642578125,1579700
2014-11-19,103.9800033569336,103.9800033569336,102.37000274658203,102.62999725341797,97.70073699951172,1419200
2014-11-20,102.36000061035156,102.69000244140625,101.87999725341797,102.20999908447266,97.3009262084961,1372000
2014-11-21,103.27999877929688,103.31999969482422,102.01000213623047,102.18000030517578,97.2723617553711,1566400
2014-11-24,102.61000061035156,102.88999938964844,101.93000030517578,102.4000015258789,97.4817886352539,1838500
2014-11-25,102.48999786376953,102.61000061035156,101.12999725341797,101.9000015258789,97.00580596923828,1434300
2014-11-26,102.18000030517578,102.66999816894531,101.33000183105469,102.01000213623047,97.11051177978516,1045700
2014-11-28,102.43000030517578,103.58999633789062,102.43000030517578,102.88999938964844,97.9482650756836,938300
2014-12-01,102.62999725341797,103.36000061035156,101.87000274658203,102.55999755859375,97.63410186767578,1376100
2014-12-02,102.93000030517578,103.98999786376953,102.47000122070312,103.37999725341797,98.41471099853516,1493500
2014-12-03,103.83999633789062,104.55000305175781,103.45999908447266,104.02999877929688,99.03351593017578,1207900
2014-12-04,104.0,104.11000061035156,102.45999908447266,103.19000244140625,98.2338638305664,1184000
2014-12-05,103.45999908447266,105.06999969482422,103.31999969482422,104.70999908447266,99.68083190917969,1160900
2014-12-08,104.5999984741211,105.5999984741211,104.33999633789062,104.87999725341797,99.84268188476562,1120500
2014-12-09,103.2699966430664,104.63999938964844,103.0199966430664,104.38999938964844,99.376220703125,1064100
2014-12-10,104.16000366210938,104.43000030517578,102.26000213623047,102.4000015258789,97.4817886352539,1442600
2014-12-11,102.63999938964844,103.5999984741211,102.19999694824219,102.43000030517578,97.51034545898438,1307500
2014-12-12,101.62999725341797,103.45999908447266,101.52999877929688,101.7300033569336,96.84395599365234,1184800
2014-12-15,102.58000183105469,103.43000030517578,100.41000366210938,101.3499984741211,96.48222351074219,1415000
2014-12-16,101.16000366210938,102.95999908447266,99.87999725341797,99.97000122070312,95.16849517822266,1131600
2014-12-17,100.3499984741211,102.23999786376953,100.22000122070312,101.5999984741211,96.72022247314453,1108900
2014-12-18,102.75,104.58000183105469,102.36000061035156,104.58000183105469,99.55709075927734,1236800
2014-12-19,105.51000213623047,105.58999633789062,104.05000305175781,104.52999877929688,99.50949096679688,2480700
2014-12-22,104.45999908447266,105.30999755859375,104.33999633789062,105.19999694824219,100.14730072021484,1088700
2014-12-23,105.68000030517578,105.7300033569336,103.91999816894531,104.30999755859375,99.300048828125,803200
2014-12-24,104.56999969482422,104.8499984741211,104.20999908447266,104.2300033569336,99.22390747070312,456600
2014-12-26,104.3499984741211,104.77999877929688,103.93000030517578,104.0,99.00495147705078,587500
2014-12-29,103.62000274658203,104.33999633789062,103.11000061035156,104.12000274658203,99.11919403076172,772000
2014-12-30,103.88999938964844,104.83000183105469,103.77999877929688,104.3499984741211,99.33812713623047,602700
2014-12-31,104.4800033569336,105.36000061035156,102.87000274658203,102.91000366210938,97.96729278564453,701200
2015-01-02,103.63999938964844,104.52999877929688,102.0999984741211,102.83000183105469,97.8911361694336,720600
2015-01-05,102.26000213623047,102.43000030517578,100.66999816894531,101.05999755859375,96.2061538696289,1455000
2015-01-06,101.7699966430664,102.55999755859375,100.86000061035156,101.45999908447266,96.58692932128906,2241400
2015-01-07,103.72000122070312,104.51000213623047,103.0999984741211,103.83999633789062,98.85261535644531,1781700
2015-01-08,105.0999984741211,109.23999786376953,105.0,109.12999725341797,103.88854217529297,2307000
2015-01-09,109.04000091552734,109.16000366210938,107.81999969482422,108.0,102.81282806396484,1315600
2015-01-12,108.55000305175781,108.55000305175781,105.58000183105469,106.18000030517578,101.08024597167969,1772300
2015-01-13,107.30000305175781,109.0999984741211,105.86000061035156,106.83000183105469,101.69902038574219,1070000
2015-01-14,105.63999938964844,108.33000183105469,105.2699966430664,107.44000244140625,102.27971649169922,1762800
2015-01-15,107.56999969482422,107.94000244140625,106.11000061035156,106.86000061035156,101.72757720947266,1133900
2015-01-16,106.83000183105469,107.97000122070312,105.83999633789062,107.88999938964844,102.7081069946289,1451300
2015-01-20,108.37000274658203,109.23999786376953,107.27999877929688,108.45999908447266,103.250732421875,1170900
2015-01-21,108.48999786376953,110.72000122070312,108.0199966430664,110.12999725341797,104.84051513671875,1821000
2015-01-22,110.9000015258789,112.18000030517578,109.8499984741211,112.18000030517578,106.79206848144531,1664800
2015-01-23,112.19000244140625,112.94999694824219,109.88999938964844,109.97000122070312,104.6882095336914,1229300
2015-01-26,109.73999786376953,109.75,108.54000091552734,109.41000366210938,104.15511322021484,1308600
2015-01-27,108.75,109.44000244140625,108.19000244140625,108.83000183105469,103.60296630859375,820700
2015-01-28,110.08999633789062,110.19000244140625,108.54000091552734,108.69999694824219,103.47919464111328,2040500
2015-01-29,108.66999816894531,109.86000061035156,107.83999633789062,109.62000274658203,104.35503387451172,1354800
2015-01-30,108.66999816894531,109.47000122070312,106.62999725341797,106.83000183105469,101.69902038574219,1570800
2015-02-02,107.08000183105469,107.88999938964844,105.2300033569336,107.87999725341797,102.69860076904297,1431200
2015-02-03,107.88999938964844,109.08999633789062,107.68000030517578,108.69999694824219,103.47919464111328,1395700
2015-02-04,108.33999633789062,110.83000183105469,107.63999938964844,110.0999984741211,104.81196594238281,1768500
2015-02-05,111.30000305175781,113.38999938964844,111.25,112.22000122070312,106.83014678955078,2060900
2015-02-06,112.0999984741211,112.79000091552734,111.22000122070312,111.69999694824219,106.33512878417969,1355300
2015-02-09,111.4800033569336,112.05000305175781,110.76000213623047,111.0199966430664,105.68777465820312,1392000
2015-02-10,111.7699966430664,113.93000030517578,111.7300033569336,113.69999694824219,108.23905944824219,1152100
2015-02-11,113.43000030517578,115.2699966430664,113.43000030517578,115.06999969482422,109.54325866699219,1421900
2015-02-12,115.88999938964844,116.0,114.20999908447266,114.9800033569336,109.45758819580078,1080200
2015-02-13,114.7300033569336,114.7300033569336,113.62999725341797,114.47000122070312,108.97207641601562,1103200
2015-02-17,114.26000213623047,115.5,113.25,115.4800033569336,109.9335708618164,1316800
2015-02-18,115.30000305175781,116.12000274658203,114.6500015258789,116.01000213623047,110.4381103515625,1016200
2015-02-19,115.58000183105469,116.91999816894531,115.30000305175781,116.19000244140625,110.60946655273438,795600
2015-02-20,116.38999938964844,118.61000061035156,116.06999969482422,118.54000091552734,112.84660339355469,1591600
2015-02-23,118.87000274658203,121.5,118.87000274658203,121.38999938964844,115.5597152709961,2298300
2015-02-24,121.37000274658203,122.0,120.69999694824219,120.76000213623047,114.95997619628906,1505100
2015-02-25,121.0,121.47000122070312,120.30999755859375,121.18000030517578,115.35979461669922,1438100
2015-02-26,120.81999969482422,121.88999938964844,120.80999755859375,121.58999633789062,115.7500991821289,1523900
2015-02-27,121.58000183105469,122.41999816894531,121.58000183105469,121.62999725341797,115.78816986083984,1557300
2015-03-02,121.41999816894531,123.0,121.0199966430664,122.4800033569336,116.59735870361328,2077500
2015-03-03,122.20999908447266,122.44999694824219,120.16999816894531,121.11000061035156,115.29315185546875,2265500
2015-03-04,119.25,122.3499984741211,118.69999694824219,121.86000061035156,116.00714874267578,2901700
2015-03-05,121.86000061035156,123.0,121.66999816894531,122.51000213623047,116.62592315673828,1605300
2015-03-06,122.0199966430664,122.08999633789062,119.81999969482422,120.56999969482422,114.77909088134766,2516800
2015-03-09,120.63999938964844,122.29000091552734,120.33999633789062,122.01000213623047,116.14993286132812,1617200
2015-03-10,120.91999816894531,121.02999877929688,119.80999755859375,119.80999755859375,114.09300994873047,1033800
2015-03-11,120.69999694824219,121.13999938964844,119.94000244140625,120.44999694824219,114.70246887207031,1293300
2015-03-12,121.0199966430664,122.87000274658203,121.0199966430664,122.75,116.8927230834961,1051800
2015-03-13,122.2300033569336,123.19999694824219,121.29000091552734,122.88999938964844,117.02603149414062,1028800
2015-03-16,123.29000091552734,126.26000213623047,123.01000213623047,125.01000213623047,119.04486083984375,1844400
2015-03-17,124.62000274658203,125.16999816894531,123.7699966430664,124.8499984741211,118.89251708984375,1263000
2015-03-18,125.0,128.0,124.5999984741211,127.48999786376953,121.40650939941406,1560000
2015-03-19,127.4800033569336,128.86000061035156,127.05000305175781,128.10000610351562,121.98743438720703,1290200
2015-03-20,129.22000122070312,129.30999755859375,127.94999694824219,128.3800048828125,122.25408172607422,2025700
2015-03-23,128.3800048828125,129.42999267578125,128.2100067138672,128.4199981689453,122.29216003417969,1616100
2015-03-24,128.52000427246094,130.02000427246094,128.32000732421875,129.57000732421875,123.38729858398438,1974200
2015-03-25,130.02999877929688,131.05999755859375,126.88999938964844,126.91000366210938,120.85420989990234,1647900
2015-03-26,125.87000274658203,127.52999877929688,125.05999755859375,126.20999908447266,120.18760681152344,1636700
2015-03-27,126.61000061035156,129.24000549316406,126.61000061035156,128.97999572753906,122.82542419433594,1499400
2015-03-30,130.8699951171875,131.1300048828125,129.52999877929688,129.9600067138672,123.75868225097656,1436900
2015-03-31,129.10000610351562,130.41000366210938,128.77999877929688,129.44000244140625,123.26348114013672,1862900
2015-04-01,129.64999389648438,130.3800048828125,128.0399932861328,130.3699951171875,124.14908599853516,2100700
2015-04-02,130.49000549316406,131.5800018310547,129.8000030517578,130.47000122070312,124.24434661865234,1468300
2015-04-06,129.80999755859375,132.3699951171875,129.6199951171875,131.80999755859375,125.52040100097656,1489900
2015-04-07,132.85000610351562,133.4600067138672,129.8800048828125,129.8800048828125,123.6824951171875,1595100
2015-04-08,130.2899932861328,131.5500030517578,130.02000427246094,131.49000549316406,125.2156753540039,1394000
2015-04-09,131.41000366210938,132.55999755859375,131.19000244140625,132.17999267578125,125.87274169921875,1381200
2015-04-10,132.4499969482422,133.32000732421875,131.4499969482422,133.30999755859375,126.94880676269531,1667300
2015-04-13,133.50999450683594,134.9600067138672,132.72000122070312,132.8000030517578,126.46318054199219,1351300
2015-04-14,132.9199981689453,133.25,131.4199981689453,132.89999389648438,126.55838775634766,1587300
2015-04-15,133.13999938964844,133.58999633789062,129.7899932861328,130.22000122070312,124.00627899169922,3103700
2015-04-16,134.49000549316406,135.0,132.44000244140625,132.8000030517578,126.46318054199219,1936600
2015-04-17,132.0,132.57000732421875,130.11000061035156,131.1300048828125,124.87284851074219,1134800
2015-04-20,132.27999877929688,132.4199981689453,130.0800018310547,130.27000427246094,124.05387878417969,1388200
2015-04-21,130.8300018310547,131.44000244140625,130.1999969482422,130.6999969482422,124.46336364746094,1849400
2015-04-22,131.02000427246094,131.30999755859375,129.49000549316406,130.25,124.03483581542969,1242500
2015-04-23,130.14999389648438,131.02999877929688,129.89999389648438,130.57000732421875,124.33958435058594,1353100
2015-04-24,130.52999877929688,130.8699951171875,130.24000549316406,130.66000366210938,124.42525482177734,1017100
2015-04-27,131.1699981689453,131.67999267578125,129.6300048828125,130.25,124.03483581542969,2817200
2015-04-28,130.61000061035156,132.02999877929688,128.44000244140625,131.7100067138672,125.42518615722656,2160900
2015-04-29,130.75999450683594,131.52999877929688,124.81999969482422,126.68000030517578,120.63518524169922,3426000
2015-04-30,126.36000061035156,128.14999389648438,124.27999877929688,124.63999938964844,118.6925277709961,2366200
2015-05-01,125.63999938964844,126.55999755859375,124.5,125.48999786376953,119.501953125,2680500
2015-05-04,126.06999969482422,127.77999877929688,125.77999877929688,126.7300033569336,120.68280792236328,2158000
2015-05-05,126.0999984741211,126.62999725341797,124.94000244140625,125.25,119.27342224121094,1459700
2015-05-06,126.23999786376953,126.5,124.37999725341797,125.29000091552734,119.31150817871094,1384200
2015-05-07,125.44000244140625,127.19999694824219,125.2300033569336,126.48999786376953,120.45426177978516,1395700
2015-05-08,127.31999969482422,128.97999572753906,127.25,128.49000549316406,122.35882568359375,1333800
2015-05-11,128.55999755859375,129.67999267578125,127.91000366210938,128.3000030517578,122.17787170410156,1252000
2015-05-12,127.81999969482422,132.74000549316406,127.68000030517578,131.86000061035156,125.56800842285156,4211500
2015-05-13,132.4600067138672,133.35000610351562,131.3000030517578,131.69000244140625,125.4061279296875,2521000
2015-05-14,132.47999572753906,133.07000732421875,131.42999267578125,131.85000610351562,125.55847930908203,1460400
2015-05-15,131.75999450683594,132.35000610351562,131.25,132.05999755859375,125.7584457397461,1262800
2015-05-18,131.8699951171875,133.66000366210938,131.77999877929688,133.27000427246094,126.91071319580078,1104800
2015-05-19,134.11000061035156,134.72000122070312,133.5,133.77999877929688,127.3963851928711,1412500
2015-05-20,133.75,134.05999755859375,133.11000061035156,133.66000366210938,127.28211212158203,906000
2015-05-21,133.25,133.55999755859375,132.52000427246094,132.9499969482422,126.6059799194336,1133400
2015-05-22,132.9499969482422,137.16000366210938,132.61000061035156,135.86000061035156,129.3771514892578,3185700
2015-05-26,135.86000061035156,135.88999938964844,133.6999969482422,133.91000366210938,127.52017211914062,1355600
2015-05-27,134.64999389648438,135.6300048828125,134.16000366210938,134.94000244140625,128.5010223388672,1123300
2015-05-28,134.94000244140625,136.0399932861328,134.57000732421875,135.8699951171875,129.3866424560547,1094800
2015-05-29,135.58999633789062,145.3300018310547,134.66000366210938,140.8300018310547,134.1099395751953,6333500
2015-06-01,140.8699951171875,145.3000030517578,140.5,143.86000061035156,136.99539184570312,4593800
2015-06-02,143.0,143.14999389648438,140.6300048828125,141.50999450683594,134.75755310058594,3219800
2015-06-03,141.58999633789062,141.7899932861328,139.13999938964844,140.14999389648438,133.46243286132812,2450400
2015-06-04,139.67999267578125,139.8699951171875,136.97999572753906,137.69000244140625,131.1198272705078,2087000
2015-06-05,137.94000244140625,139.8300018310547,137.1699981689453,139.5,132.84344482421875,1743900
2015-06-08,139.47999572753906,140.72999572753906,138.72000122070312,138.77000427246094,132.14828491210938,1227300
2015-06-09,138.75,139.4600067138672,137.61000061035156,138.5,131.8911590576172,1094100
2015-06-10,138.82000732421875,140.3300018310547,138.00999450683594,139.83999633789062,133.16725158691406,1053400
2015-06-11,140.08999633789062,140.66000366210938,139.02000427246094,139.1999969482422,132.5577850341797,1422500
2015-06-12,138.80999755859375,138.80999755859375,137.1300048828125,137.30999755859375,130.7579345703125,1093800
2015-06-15,136.10000610351562,164.0,135.50999450683594,153.42999267578125,146.10874938964844,14199700
2015-06-16,155.52000427246094,157.10000610351562,150.83999633789062,153.97000122070312,146.6229705810547,6698900
2015-06-17,154.25999450683594,156.75,153.5,155.39999389648438,147.9847412109375,3367500
2015-06-18,155.69000244140625,157.1300048828125,155.00999450683594,156.41000366210938,148.94659423828125,1974800
2015-06-19,156.1199951171875,157.1999969482422,155.0800018310547,155.25999450683594,147.85142517089844,1840200
2015-06-22,166.5,167.0,162.25999450683594,162.60000610351562,154.8411865234375,8989400
2015-06-23,163.22999572753906,164.85000610351562,161.6699981689453,164.75,156.8885955810547,6580700
2015-06-24,164.55999755859375,166.1300048828125,164.0399932861328,165.75,157.84088134765625,3552300
2015-06-25,166.1699981689453,170.39999389648438,164.9600067138672,169.77000427246094,161.66905212402344,6178700
2015-06-26,169.30999755859375,170.67999267578125,164.91000366210938,168.05999755859375,160.0406494140625,11020400
2015-06-29,164.1300048828125,166.4199981689453,163.39999389648438,164.6699981689453,156.81240844726562,2930600
2015-06-30,166.38999938964844,166.38999938964844,161.8699951171875,162.0,154.26983642578125,3468900
2015-07-01,163.7899932861328,163.97999572753906,160.2100067138672,162.0399932861328,154.3079376220703,3589600
2015-07-02,163.25,168.36000061035156,160.1300048828125,161.2899932861328,153.59365844726562,4357800
2015-07-06,159.07000732421875,161.00999450683594,156.7899932861328,160.05999755859375,152.42239379882812,4368700
2015-07-07,159.11000061035156,160.60000610351562,150.58999633789062,154.42999267578125,147.06101989746094,5094000
2015-07-08,152.72000122070312,154.11000061035156,150.0399932861328,150.44000244140625,143.2614288330078,2542300
2015-07-09,151.91000366210938,157.3699951171875,151.02000427246094,156.55999755859375,149.08941650390625,4161500
2015-07-10,157.5,159.42999267578125,155.1999969482422,157.2100067138672,149.7083740234375,1954600
2015-07-13,157.49000549316406,157.61000061035156,153.47000122070312,155.0500030517578,147.6514434814453,1728700
2015-07-14,155.4600067138672,156.5800018310547,154.7100067138672,155.9499969482422,148.50848388671875,1207100
2015-07-15,155.57000732421875,157.91000366210938,155.00999450683594,156.07000732421875,148.62278747558594,1256400
2015-07-16,155.52000427246094,156.42999267578125,153.2899932861328,154.2899932861328,146.92770385742188,1442200
2015-07-17,153.72000122070312,154.6999969482422,152.27000427246094,153.41000366210938,146.0897216796875,1951400
2015-07-20,153.1300048828125,154.00999450683594,151.00999450683594,152.92999267578125,145.632568359375,1725900
2015-07-21,152.6199951171875,152.99000549316406,150.1699981689453,151.2899932861328,144.07086181640625,2223100
2015-07-22,151.30999755859375,153.38999938964844,150.64999389648438,151.07000732421875,143.86138916015625,1730900
2015-07-23,157.0800018310547,158.0,153.02000427246094,154.36000061035156,146.994384765625,6778700
2015-07-24,150.57000732421875,151.8000030517578,144.25,145.72000122070312,138.76666259765625,10349100
2015-07-27,145.05999755859375,147.25,144.02000427246094,145.89999389648438,138.93804931640625,3582500
2015-07-28,146.88999938964844,146.88999938964844,144.57000732421875,145.8699951171875,138.90948486328125,3324700
2015-07-29,146.25999450683594,147.1699981689453,145.02000427246094,145.41000366210938,138.47145080566406,3497600
2015-07-30,146.99000549316406,148.22999572753906,143.85000610351562,143.89999389648438,137.0334930419922,3535600
2015-07-31,144.47999572753906,145.25999450683594,143.30999755859375,144.05999755859375,137.18585205078125,2763600
2015-08-03,144.1699981689453,144.80999755859375,142.4499969482422,143.36000061035156,136.51925659179688,1778000
2015-08-04,143.39999389648438,144.2100067138672,143.05999755859375,143.88999938964844,137.02395629882812,2425800
2015-08-05,144.5800018310547,147.97999572753906,144.11000061035156,147.5500030517578,140.50933837890625,3503200
2015-08-06,147.19000244140625,148.49000549316406,145.2100067138672,146.8000030517578,139.7951202392578,2768500
2015-08-07,146.75,146.75,144.5399932861328,145.85000610351562,138.8904571533203,1025300
2015-08-10,146.3800048828125,147.25,145.19000244140625,145.67999267578125,138.72853088378906,1190100
2015-08-11,145.1699981689453,146.10000610351562,143.97999572753906,144.67999267578125,137.77627563476562,1859600
2015-08-12,143.77000427246094,143.83999633789062,140.80999755859375,143.35000610351562,136.50975036621094,1591200
2015-08-13,143.39999389648438,144.60000610351562,143.14999389648438,143.17999267578125,136.34783935546875,1691400
2015-08-14,143.3300018310547,144.72999572753906,143.08999633789062,144.1199951171875,137.2429962158203,1019100
2015-08-17,143.39999389648438,146.72000122070312,143.0,146.58999633789062,139.59515380859375,1687700
2015-08-18,146.47000122070312,149.25999450683594,146.47000122070312,148.49000549316406,141.4044952392578,2389400
2015-08-19,147.75999450683594,149.86000061035156,146.49000549316406,149.14999389648438,142.0330047607422,2002000
2015-08-20,148.75,148.88999938964844,145.24000549316406,145.24000549316406,138.30955505371094,1729700
2015-08-21,144.8800048828125,145.97999572753906,142.7100067138672,142.7100067138672,135.9003143310547,2243500
2015-08-24,127.30000305175781,140.35000610351562,124.16999816894531,135.75,129.27239990234375,3486200
2015-08-25,139.6699981689453,139.6699981689453,133.72000122070312,133.7899932861328,127.40593719482422,2090900
2015-08-26,136.33999633789062,138.02000427246094,134.58999633789062,137.5500030517578,130.98651123046875,2226500
2015-08-27,138.16000366210938,139.83999633789062,134.85000610351562,138.3000030517578,131.70069885253906,1913400
2015-08-28,138.11000061035156,138.57000732421875,136.4499969482422,137.8699951171875,131.2912139892578,1416100
2015-08-31,137.4600067138672,142.10000610351562,137.2100067138672,140.7899932861328,134.07191467285156,2214200
2015-09-01,138.88999938964844,140.1199951171875,137.61000061035156,139.0,132.3673095703125,2014500
2015-09-02,139.89999389648438,140.24000549316406,137.6199951171875,139.33999633789062,132.6910858154297,1309400
2015-09-03,139.64999389648438,142.57000732421875,139.61000061035156,141.6199951171875,134.86228942871094,1536600
2015-09-04,140.27999877929688,140.5500030517578,139.02999877929688,139.3800048828125,132.72915649414062,1830700
2015-09-08,139.8000030517578,141.7899932861328,139.50999450683594,141.0500030517578,134.31948852539062,971900
2015-09-09,142.10000610351562,142.49000549316406,139.5800018310547,139.75,133.0814971923828,1800000
2015-09-10,139.2100067138672,140.0,137.35000610351562,137.4600067138672,130.9008026123047,2665300
2015-09-11,136.75999450683594,139.63999938964844,136.52000427246094,139.6199951171875,132.95770263671875,1428000
2015-09-14,139.7100067138672,140.0,138.92999267578125,139.33999633789062,132.6910858154297,993000
2015-09-15,139.6699981689453,141.0500030517578,139.13999938964844,140.69000244140625,133.97666931152344,869200
2015-09-16,141.02000427246094,142.86000061035156,140.6699981689453,142.58999633789062,135.7860107421875,893600
2015-09-17,143.0,144.66000366210938,141.9199981689453,142.75,135.93838500976562,1011700
2015-09-18,141.44000244140625,142.6300048828125,141.0800018310547,141.6199951171875,134.86228942871094,1481400
2015-09-21,142.3699951171875,142.9499969482422,140.55999755859375,142.08999633789062,135.3098602294922,832800
2015-09-22,141.80999755859375,141.80999755859375,140.14999389648438,141.14999389648438,134.4147186279297,793600
2015-09-23,140.97000122070312,143.1199951171875,140.25999450683594,142.7100067138672,135.9003143310547,1352300
2015-09-24,140.07000732421875,142.41000366210938,139.3000030517578,141.02000427246094,134.29092407226562,1211400
2015-09-25,141.64999389648438,141.85000610351562,136.38999938964844,137.47999572753906,130.91981506347656,1850200
2015-09-28,136.74000549316406,137.1199951171875,132.52000427246094,133.0,126.65359497070312,2790500
2015-09-29,132.8300018310547,135.00999450683594,131.4499969482422,132.5,126.17747497558594,2099000
2015-09-30,133.19000244140625,135.91000366210938,133.19000244140625,135.02000427246094,128.57723999023438,1964500
2015-10-01,134.63999938964844,135.97999572753906,133.88999938964844,135.42999267578125,128.96763610839844,1469800
2015-10-02,131.97000122070312,138.6699981689453,131.97000122070312,138.5800018310547,131.9673309326172,1595600
2015-10-05,139.5,140.27999877929688,138.47000122070312,139.69000244140625,133.02438354492188,1084400
2015-10-06,139.47999572753906,139.5,135.86000061035156,136.7100067138672,130.18658447265625,1534300
2015-10-07,136.99000549316406,137.25999450683594,135.67999267578125,136.6300048828125,130.11041259765625,2632000
2015-10-08,135.8699951171875,136.60000610351562,133.6300048828125,133.6300048828125,127.25357055664062,2155800
2015-10-09,133.24000549316406,136.36000061035156,133.05999755859375,136.36000061035156,129.853271484375,2299900
2015-10-12,136.5,137.7899932861328,135.4199981689453,137.61000061035156,131.0436248779297,945200
2015-10-13,137.63999938964844,140.72999572753906,137.1699981689453,138.85000610351562,132.2244873046875,1379000
2015-10-14,138.82000732421875,139.60000610351562,136.41000366210938,137.60000610351562,131.03411865234375,897700
2015-10-15,137.25999450683594,139.1300048828125,134.13999938964844,139.08999633789062,132.45301818847656,2423500
2015-10-16,140.32000732421875,141.25,139.42999267578125,140.74000549316406,134.0242919921875,1780700
2015-10-19,140.27000427246094,142.72999572753906,140.0,141.89999389648438,135.12893676757812,800300
2015-10-20,141.89999389648438,142.66000366210938,141.49000549316406,142.2100067138672,135.42413330078125,635800
2015-10-21,142.92999267578125,143.13999938964844,128.02000427246094,136.61000061035156,130.0913848876953,3511400
2015-10-22,135.92999267578125,136.41000366210938,127.69999694824219,129.49000549316406,123.31109619140625,4702000
2015-10-23,129.86000061035156,133.10000610351562,129.77999877929688,132.5399932861328,126.21553802490234,1943700
2015-10-26,132.85000610351562,133.3800048828125,131.8300018310547,133.1300048828125,126.77739715576172,1519500
2015-10-27,132.8800048828125,137.58999633789062,132.72999572753906,136.97000122070312,130.4341583251953,2229100
2015-10-28,136.74000549316406,137.38999938964844,131.1999969482422,136.0500030517578,129.55809020996094,1398400
2015-10-29,136.10000610351562,137.85000610351562,135.36000061035156,135.5500030517578,129.08193969726562,965300
2015-10-30,135.63999938964844,136.41000366210938,133.94000244140625,134.0399932861328,127.64400482177734,1210500
2015-11-02,134.5500030517578,135.66000366210938,133.16000366210938,133.75,127.36782836914062,1229900
2015-11-03,133.8300018310547,134.22000122070312,131.1300048828125,131.9499969482422,125.6537094116211,1259000
2015-11-04,132.0399932861328,132.74000549316406,129.8000030517578,129.94000244140625,123.73961639404297,1901000
2015-11-05,130.11000061035156,132.58999633789062,129.3300018310547,132.39999389648438,126.08224487304688,1327800
2015-11-06,132.39999389648438,133.17999267578125,129.0,132.80999755859375,126.47269439697266,1771900
2015-11-09,132.3300018310547,133.4600067138672,131.52999877929688,132.94000244140625,126.59646606445312,1519700
2015-11-10,132.7100067138672,134.5399932861328,132.5,134.25,127.84393310546875,1456900
2015-11-11,134.25,134.36000061035156,131.66000366210938,131.80999755859375,125.52040100097656,1488700
2015-11-12,130.72999572753906,133.57000732421875,130.72999572753906,131.38999938964844,125.1204605102539,1212000
2015-11-13,131.49000549316406,133.25999450683594,130.66000366210938,131.57000732421875,125.2918472290039,1854500
2015-11-16,131.66000366210938,134.10000610351562,131.4499969482422,133.49000549316406,127.1202163696289,981500
2015-11-17,133.25999450683594,136.1999969482422,132.60000610351562,133.75999450683594,127.37735748291016,1357300
2015-11-18,133.67999267578125,135.50999450683594,132.89999389648438,135.13999938964844,128.69151306152344,847000
2015-11-19,130.5,131.99000549316406,127.44000244140625,127.83000183105469,121.73030853271484,2848600
2015-11-20,128.5500030517578,132.6199951171875,128.08999633789062,132.1699981689453,125.86320495605469,1855900
2015-11-23,132.6699981689453,134.57000732421875,132.58999633789062,133.1699981689453,126.81551361083984,1152700
2015-11-24,133.05999755859375,134.36000061035156,132.77999877929688,134.25999450683594,127.85346984863281,1308400
2015-11-25,134.63999938964844,135.13999938964844,134.05999755859375,134.1300048828125,127.72966003417969,907300
2015-11-27,134.4600067138672,136.35000610351562,133.99000549316406,135.3000030517578,128.84388732910156,457900
2015-11-30,135.24000549316406,135.88999938964844,134.27999877929688,134.97999572753906,128.5391387939453,1271700
2015-12-01,135.27999877929688,139.83999633789062,135.0500030517578,139.58999633789062,132.9291534423828,1871000
2015-12-02,139.2899932861328,142.13999938964844,138.6199951171875,139.74000549316406,133.07199096679688,2880200
2015-12-03,139.49000549316406,140.02000427246094,136.94000244140625,137.25999450683594,130.71031188964844,2541200
2015-12-04,138.27000427246094,141.00999450683594,137.83999633789062,140.42999267578125,133.72906494140625,1394000
2015-12-07,140.61000061035156,140.89999389648438,136.92999267578125,137.7899932861328,131.21505737304688,938000
2015-12-08,137.0,138.30999755859375,136.49000549316406,137.3000030517578,130.74842834472656,897300
2015-12-09,136.24000549316406,138.1699981689453,136.24000549316406,137.1199951171875,130.57701110839844,971600
2015-12-10,137.1199951171875,139.77999877929688,136.44000244140625,139.22999572753906,132.58633422851562,934300
2015-12-11,137.61000061035156,141.94000244140625,137.61000061035156,140.0800018310547,133.39576721191406,1203400
2015-12-14,140.72000122070312,141.6300048828125,139.27999877929688,140.69000244140625,133.97666931152344,1478100
2015-12-15,141.9199981689453,142.94000244140625,139.3699951171875,140.63999938964844,133.92904663085938,1653100
2015-12-16,141.5800018310547,142.4499969482422,138.3699951171875,141.19000244140625,134.4528045654297,1530700
2015-12-17,141.1999969482422,144.00999450683594,141.0399932861328,143.0,136.1764678955078,2073100
2015-12-18,142.88999938964844,144.5800018310547,142.63999938964844,143.97000122070312,137.1001434326172,2948200
2015-12-21,144.33999633789062,146.61000061035156,143.50999450683594,144.47000122070312,137.57630920410156,1567200
2015-12-22,145.30999755859375,146.00999450683594,143.63999938964844,145.64999389648438,138.6999969482422,1148500
2015-12-23,145.91000366210938,147.13999938964844,145.3699951171875,146.86000061035156,139.85223388671875,875000
2015-12-24,146.67999267578125,147.9199981689453,146.4600067138672,146.4600067138672,139.47132873535156,717100
2015-12-28,146.0800018310547,147.32000732421875,146.0800018310547,147.07000732421875,140.05224609375,546800
2015-12-29,146.9600067138672,148.5500030517578,146.5399932861328,148.3699951171875,141.29019165039062,718500
2015-12-30,148.22000122070312,148.25,146.80999755859375,146.85000610351562,139.84271240234375,581100
2015-12-31,146.42999267578125,147.85000610351562,145.89999389648438,146.3300018310547,139.3475341796875,896800
2016-01-04,144.7100067138672,146.8699951171875,144.08999633789062,146.5500030517578,139.5570526123047,1461700
2016-01-05,146.49000549316406,148.13999938964844,143.72000122070312,144.13999938964844,137.2620391845703,1514800
2016-01-06,143.4600067138672,144.8699951171875,142.75,143.02999877929688,136.20494079589844,1180200
2016-01-07,141.0,142.9600067138672,140.22999572753906,141.3699951171875,134.62420654296875,1779600
2016-01-08,142.0,142.1300048828125,138.5800018310547,138.74000549316406,132.11973571777344,1465400
2016-01-11,138.92999267578125,139.36000061035156,134.72999572753906,134.72999572753906,128.30105590820312,2100200
2016-01-12,135.41000366210938,139.47000122070312,135.02000427246094,139.0800018310547,132.4434814453125,1811400
2016-01-13,139.22999572753906,140.1300048828125,134.91000366210938,135.25999450683594,128.80577087402344,1671200
2016-01-14,134.9600067138672,139.1699981689453,134.9600067138672,138.72000122070312,132.10069274902344,1975300
2016-01-15,136.75,137.22000122070312,134.6199951171875,136.22999572753906,129.7294921875,1718100
2016-01-19,136.27999877929688,141.42999267578125,136.25999450683594,139.9199981689453,133.243408203125,1843800
2016-01-20,138.66000366210938,140.22000122070312,135.1300048828125,139.22999572753906,132.58633422851562,1908600
2016-01-21,139.3800048828125,142.6300048828125,139.1199951171875,140.1300048828125,133.44338989257812,1846300
2016-01-22,137.89999389648438,141.19000244140625,136.44000244140625,137.89999389648438,131.31982421875,2345600
2016-01-25,138.25999450683594,138.86000061035156,135.6699981689453,135.85000610351562,129.36766052246094,1664500
2016-01-26,137.10000610351562,137.4499969482422,134.3300018310547,135.4199981689453,128.95814514160156,1150800
2016-01-27,135.41000366210938,135.41000366210938,129.8800048828125,131.44000244140625,125.16803741455078,2696100
2016-01-28,132.08999633789062,133.1999969482422,129.11000061035156,129.8300018310547,123.63485717773438,1156600
2016-01-29,130.22000122070312,133.60000610351562,130.0800018310547,133.60000610351562,127.22498321533203,1664900
2016-02-01,133.33999633789062,135.2100067138672,132.55999755859375,133.22999572753906,126.87263488769531,1728600
2016-02-02,133.1999969482422,133.1999969482422,130.99000549316406,131.89999389648438,125.6061019897461,1128000
2016-02-03,132.0399932861328,133.0500030517578,130.6999969482422,132.5,126.17747497558594,2080900
2016-02-04,130.60000610351562,134.97000122070312,130.60000610351562,134.77000427246094,128.33917236328125,2151600
2016-02-05,133.66000366210938,135.11000061035156,131.6999969482422,133.0500030517578,126.70124816894531,1567200
2016-02-08,132.1199951171875,132.30999755859375,124.12000274658203,124.95999908447266,118.99725341796875,2763600
2016-02-09,124.48999786376953,129.11000061035156,123.54000091552734,128.17999267578125,122.0635986328125,1159100
2016-02-10,128.6300048828125,131.07000732421875,128.0,129.5,123.32062530517578,822000
2016-02-11,127.95999908447266,130.27999877929688,127.87999725341797,128.0,121.8921890258789,1155200
2016-02-12,128.72999572753906,130.5,127.44000244140625,130.3000030517578,124.08245086669922,685600
2016-02-16,131.77999877929688,134.36000061035156,130.64999389648438,134.17999267578125,127.77727508544922,851400
2016-02-17,134.66000366210938,136.27000427246094,133.00999450683594,135.85000610351562,129.36766052246094,966300
2016-02-18,135.60000610351562,137.17999267578125,135.0,135.64999389648438,129.17715454101562,1010800
2016-02-19,137.0,137.0,133.61000061035156,133.94000244140625,127.54877471923828,1094200
2016-02-22,135.33999633789062,138.11000061035156,135.3000030517578,136.36000061035156,129.853271484375,1254900
2016-02-23,135.69000244140625,138.00999450683594,135.69000244140625,137.83999633789062,131.2626495361328,955600
2016-02-24,137.49000549316406,137.77999877929688,135.4600067138672,137.24000549316406,130.6912841796875,637400
2016-02-25,137.67999267578125,140.47999572753906,137.10000610351562,140.32000732421875,133.62432861328125,909000
2016-02-26,140.17999267578125,143.22999572753906,140.00999450683594,141.25,134.5099334716797,1132800
2016-02-29,140.4499969482422,142.6699981689453,139.5800018310547,139.61000061035156,132.9481964111328,1238300
2016-03-01,140.63999938964844,140.97000122070312,137.47000122070312,138.52999877929688,131.91973876953125,1574400
2016-03-02,138.0500030517578,140.85000610351562,137.57000732421875,140.5,133.79574584960938,954200
2016-03-03,139.8800048828125,141.25999450683594,138.6999969482422,140.42999267578125,133.72906494140625,880100
2016-03-04,139.60000610351562,140.5,137.75,138.94000244140625,132.3101806640625,1251100
2016-03-07,138.0,141.02999877929688,137.99000549316406,140.47000122070312,133.76715087890625,974500
2016-03-08,139.55999755859375,141.00999450683594,139.0500030517578,139.9199981689453,133.243408203125,934900
2016-03-09,140.8800048828125,142.0,138.91000366210938,140.08999633789062,133.4434356689453,1339100
2016-03-10,140.0,142.85000610351562,139.5399932861328,142.1300048828125,135.3866729736328,1225900
2016-03-11,142.4499969482422,144.8000030517578,142.1699981689453,144.6199951171875,137.758544921875,1019700
2016-03-14,143.6300048828125,145.75,143.6300048828125,145.27000427246094,138.37767028808594,1009500
2016-03-15,144.17999267578125,145.1199951171875,143.35000610351562,143.38999938964844,136.5868682861328,1388400
2016-03-16,143.00999450683594,144.2100067138672,139.92999267578125,141.9499969482422,135.2152099609375,697700
2016-03-17,141.89999389648438,141.94000244140625,136.6699981689453,137.8000030517578,131.26210021972656,1285400
2016-03-18,138.02000427246094,141.22000122070312,137.55999755859375,139.52999877929688,132.91001892089844,1174100
2016-03-21,139.0399932861328,139.9499969482422,137.5399932861328,138.14999389648438,131.59547424316406,540000
2016-03-22,137.77999877929688,139.77999877929688,136.91000366210938,138.9499969482422,132.35752868652344,623400
2016-03-23,139.25,139.94000244140625,137.47999572753906,137.8699951171875,131.32876586914062,613600
2016-03-24,137.08999633789062,138.2899932861328,136.97000122070312,137.9499969482422,131.40499877929688,462600
2016-03-28,138.25999450683594,138.67999267578125,137.17999267578125,137.61000061035156,131.0811004638672,497200
2016-03-29,137.33999633789062,138.72000122070312,137.07000732421875,138.07000732421875,131.519287109375,1185200
2016-03-30,138.52999877929688,140.22000122070312,137.35000610351562,137.4600067138672,130.93821716308594,1187000
2016-03-31,137.60000610351562,138.4199981689453,136.17999267578125,137.24000549316406,130.72866821289062,1276500
2016-04-01,136.72000122070312,137.6300048828125,135.13999938964844,137.16000366210938,130.65245056152344,1802600
2016-04-04,137.0,141.66000366210938,136.3699951171875,141.22999572753906,134.5293731689453,2703700
2016-04-05,140.97000122070312,141.2100067138672,135.47000122070312,135.49000549316406,129.06167602539062,2720900
2016-04-06,135.1699981689453,136.1699981689453,132.4600067138672,135.1999969482422,128.7854766845703,2504900
2016-04-07,133.13999938964844,135.4600067138672,131.00999450683594,131.86000061035156,125.60391235351562,1971500
2016-04-08,132.60000610351562,133.25,129.4499969482422,130.41000366210938,124.22270202636719,2366900
2016-04-11,130.3800048828125,132.6999969482422,130.32000732421875,132.0500030517578,125.7848892211914,1863000
2016-04-12,131.97000122070312,136.30999755859375,131.9600067138672,135.77999877929688,129.33795166015625,1499900
2016-04-13,136.24000549316406,139.8800048828125,135.57000732421875,137.0,130.5000457763672,1539700
2016-04-14,137.08999633789062,137.2899932861328,134.9499969482422,135.0,128.5948944091797,964600
2016-04-15,135.6699981689453,137.64999389648438,134.83999633789062,136.64999389648438,130.1666717529297,1592300
2016-04-18,135.97999572753906,137.5800018310547,135.92999267578125,137.1199951171875,130.6143798828125,950900
2016-04-19,138.19000244140625,139.9499969482422,137.5,139.8699951171875,133.23387145996094,1432900
2016-04-20,139.80999755859375,142.91000366210938,139.0500030517578,141.27000427246094,134.5674591064453,1179500
2016-04-21,141.35000610351562,142.82000732421875,139.72999572753906,140.33999633789062,133.6815643310547,747300
2016-04-22,140.5800018310547,142.11000061035156,140.02999877929688,141.82000732421875,135.09136962890625,572600
2016-04-25,141.5,141.77000427246094,140.24000549316406,140.25,133.5958709716797,788300
2016-04-26,140.1199951171875,141.14999389648438,139.3000030517578,140.67999267578125,134.00543212890625,1417700
2016-04-27,140.57000732421875,141.0,137.69000244140625,139.27000427246094,132.66233825683594,974900
2016-04-28,138.3300018310547,141.0,138.0399932861328,139.94000244140625,133.30056762695312,566000
2016-04-29,138.94000244140625,139.16000366210938,137.27999877929688,138.5399932861328,131.96697998046875,674900
2016-05-02,139.24000549316406,139.7899932861328,137.52999877929688,138.27999877929688,131.7193145751953,653600
2016-05-03,137.9199981689453,139.0800018310547,136.69000244140625,137.74000549316406,131.2049560546875,708100
2016-05-04,136.94000244140625,137.74000549316406,134.7100067138672,135.3000030517578,128.88070678710938,1038500
2016-05-05,135.0,136.33999633789062,134.47999572753906,134.92999267578125,128.52825927734375,815000
2016-05-06,137.0,137.0,129.0500030517578,130.85000610351562,124.64183044433594,2575300
2016-05-09,130.6999969482422,132.83999633789062,130.25999450683594,131.3800048828125,125.14669799804688,1265400
2016-05-10,131.58999633789062,133.55999755859375,131.3000030517578,133.0500030517578,126.73747253417969,751500
2016-05-11,133.08999633789062,133.75,130.08999633789062,130.50999450683594,124.31795501708984,1468400
2016-05-12,130.52999877929688,130.52999877929688,127.2699966430664,128.05999755859375,121.98422241210938,1795900
2016-05-13,128.3699951171875,129.27000427246094,126.06999969482422,128.36000061035156,122.26997375488281,1609100
2016-05-16,128.30999755859375,130.9199981689453,127.86000061035156,130.00999450683594,123.84168243408203,913300
2016-05-17,129.67999267578125,130.5500030517578,128.02999877929688,130.44000244140625,124.25129699707031,1626400
2016-05-18,130.32000732421875,130.66000366210938,128.1999969482422,129.47999572753906,123.33682250976562,763300
2016-05-19,128.60000610351562,130.07000732421875,127.19999694824219,129.05999755859375,122.93677520751953,683900
2016-05-20,129.72000122070312,131.30999755859375,129.5,131.27999877929688,125.0514144897461,1976600
2016-05-23,128.47000122070312,128.5,125.01000213623047,126.1500015258789,120.16483306884766,4228400
2016-05-24,126.88999938964844,128.0,124.5199966430664,124.80999755859375,118.8884048461914,4518600
2016-05-25,126.12999725341797,129.8699951171875,125.1500015258789,129.3000030517578,123.16537475585938,3455000
2016-05-26,129.64999389648438,130.55999755859375,128.55999755859375,128.8699951171875,122.75577545166016,933100
2016-05-27,128.91000366210938,130.02999877929688,128.5399932861328,128.82000732421875,122.70816040039062,980100
2016-05-31,129.0,129.22999572753906,127.45999908447266,128.11000061035156,122.03184509277344,2260900
2016-06-01,128.11000061035156,128.38999938964844,126.27999877929688,127.72000122070312,121.66033172607422,1643200
2016-06-02,127.76000213623047,129.83999633789062,127.72000122070312,129.57000732421875,123.42257690429688,1492100
2016-06-03,128.97000122070312,130.27999877929688,128.89999389648438,129.6999969482422,123.54640197753906,1236900
2016-06-06,129.75,131.25,128.47000122070312,129.6300048828125,123.47972869873047,857600
2016-06-07,129.16000366210938,130.5,128.6699981689453,128.86000061035156,122.74624633789062,1189100
2016-06-08,128.82000732421875,131.39999389648438,128.44000244140625,131.1699981689453,124.94664001464844,1243400
2016-06-09,130.47999572753906,131.77000427246094,128.74000549316406,129.25,123.11774444580078,1043900
2016-06-10,128.55999755859375,129.22999572753906,127.55999755859375,128.0800018310547,122.00325775146484,1105000
2016-06-13,127.31999969482422,128.91000366210938,126.2300033569336,126.5,120.49822235107422,1312500
2016-06-14,126.30000305175781,127.55000305175781,125.69999694824219,127.37000274658203,121.32695007324219,987200
2016-06-15,127.52999877929688,128.22999572753906,126.08000183105469,126.55999755859375,120.55536651611328,1003500
2016-06-16,126.30999755859375,129.02000427246094,124.5,128.69000244140625,122.58432006835938,1865200
2016-06-17,129.0,130.0,128.0,129.5,123.35588836669922,1557200
2016-06-20,127.8499984741211,129.3800048828125,127.0,127.83999633789062,121.77464294433594,2537100
2016-06-21,127.8499984741211,128.25,126.73999786376953,127.79000091552734,121.72702026367188,1077100
2016-06-22,128.11000061035156,129.36000061035156,127.33000183105469,127.9000015258789,121.83180236816406,1612100
2016-06-23,129.0,129.97999572753906,128.42999267578125,129.75,123.59403228759766,1427900
2016-06-24,126.77999877929688,128.22999572753906,126.18000030517578,127.70999908447266,121.65081024169922,3304500
2016-06-27,126.69999694824219,126.80000305175781,121.87000274658203,122.08999633789062,116.29745483398438,2083300
2016-06-28,124.04000091552734,125.43000030517578,122.87999725341797,125.20999908447266,119.2694320678711,1610900
2016-06-29,125.87000274658203,129.19000244140625,125.55000305175781,128.8300018310547,122.71766662597656,1377300
2016-06-30,128.1999969482422,129.19000244140625,126.69999694824219,127.98999786376953,121.91753387451172,1846900
2016-07-01,128.3300018310547,130.75,127.5999984741211,128.27000427246094,122.18424224853516,1848600
2016-07-05,128.39999389648438,128.8000030517578,125.76000213623047,126.75,120.73636627197266,1168700
2016-07-06,126.58000183105469,129.25999450683594,125.33999633789062,128.3000030517578,122.21282196044922,1584900
2016-07-07,128.82000732421875,129.27999877929688,126.68000030517578,127.0,120.9744873046875,2082700
2016-07-08,127.80000305175781,129.89999389648438,126.4000015258789,129.60000610351562,123.4511489868164,2226200
2016-07-11,129.5,129.8699951171875,128.05999755859375,128.3699951171875,122.27950286865234,1383900
2016-07-12,128.1199951171875,129.1699981689453,128.0,129.0,122.87962341308594,1328800
2016-07-13,129.63999938964844,130.33999633789062,128.92999267578125,130.19000244140625,124.01315307617188,1122600
2016-07-14,130.69000244140625,130.99000549316406,129.72000122070312,130.00999450683594,123.84168243408203,1757700
2016-07-15,130.47000122070312,133.47999572753906,130.0399932861328,131.6699981689453,125.42292022705078,2496500
2016-07-18,132.6999969482422,133.6999969482422,131.41000366210938,133.1300048828125,126.81367492675781,1834800
2016-07-19,133.0800018310547,133.85000610351562,129.13999938964844,130.3000030517578,124.11792755126953,3183000
2016-07-20,131.02000427246094,133.25,130.99000549316406,133.11000061035156,126.79463195800781,1947400
2016-07-21,131.9199981689453,148.99000549316406,131.8000030517578,140.32000732421875,133.6625518798828,5321100
2016-07-22,141.64999389648438,146.74000549316406,139.74000549316406,146.0,139.07305908203125,3963900
2016-07-25,146.0,146.0,139.85000610351562,140.2100067138672,133.55776977539062,3500200
2016-07-26,139.69000244140625,142.63999938964844,138.25,140.00999450683594,133.3672332763672,2398700
2016-07-27,139.44000244140625,139.44000244140625,137.16000366210938,138.1300048828125,131.57643127441406,2265000
2016-07-28,137.74000549316406,138.77999877929688,135.94000244140625,135.99000549316406,129.53799438476562,1994600
2016-07-29,128.6999969482422,130.75,127.30000305175781,128.9600067138672,122.84152221679688,5451000
2016-08-01,128.75,130.11000061035156,126.0199966430664,126.79000091552734,120.77446746826172,1905500
2016-08-02,126.58999633789062,127.69999694824219,123.52999877929688,124.12999725341797,118.24066162109375,1753100
2016-08-03,124.19000244140625,125.62999725341797,123.70999908447266,124.5999984741211,118.68836212158203,1713500
2016-08-04,124.68000030517578,128.8800048828125,124.5999984741211,128.27999877929688,122.19377899169922,2286700
2016-08-05,129.07000732421875,131.47000122070312,127.61000061035156,128.5,122.40333557128906,1503600
2016-08-08,128.13999938964844,129.02000427246094,126.7300033569336,128.38999938964844,122.29853820800781,993600
2016-08-09,128.6999969482422,129.5399932861328,126.98999786376953,127.16999816894531,121.13642120361328,1396800
2016-08-10,127.0,127.91999816894531,126.01000213623047,127.5999984741211,121.54603576660156,888200
2016-08-11,128.19000244140625,129.2899932861328,126.47000122070312,126.62000274658203,120.6125259399414,1140500
2016-08-12,126.86000061035156,133.5800018310547,125.55000305175781,133.30999755859375,126.98511505126953,3709600
2016-08-15,132.69000244140625,133.38999938964844,130.55999755859375,132.6300048828125,126.33740234375,1822400
2016-08-16,132.22999572753906,132.75999450683594,130.8000030517578,131.8300018310547,125.57536315917969,1376100
2016-08-17,131.42999267578125,132.8300018310547,131.2899932861328,132.3000030517578,126.0230484008789,1270200
2016-08-18,132.0399932861328,133.91000366210938,132.0399932861328,132.6199951171875,126.32785034179688,1443900
2016-08-19,132.1999969482422,133.33999633789062,131.83999633789062,133.0,126.68983459472656,1077200
2016-08-22,133.0,133.47999572753906,132.72999572753906,133.35000610351562,127.02323150634766,660100
2016-08-23,133.77999877929688,134.49000549316406,132.8000030517578,133.0,126.68983459472656,895300
2016-08-24,132.94000244140625,133.94000244140625,131.10000610351562,131.3699951171875,125.13714599609375,800900
2016-08-25,130.6199951171875,131.57000732421875,128.9600067138672,129.41000366210938,123.27017211914062,838300
2016-08-26,129.60000610351562,130.47999572753906,126.5,127.6500015258789,121.59366607666016,1683900
2016-08-29,127.62000274658203,129.22000122070312,127.55000305175781,128.49000549316406,122.39381408691406,515700
2016-08-30,128.49000549316406,129.0399932861328,127.91999816894531,128.22000122070312,122.13662719726562,744500
2016-08-31,128.25,128.77000427246094,127.29000091552734,128.25999450683594,122.17471313476562,718700
2016-09-01,128.5800018310547,128.99000549316406,127.1500015258789,127.63999938964844,121.58414459228516,701500
2016-09-02,128.0399932861328,128.5,127.5,128.17999267578125,122.0985107421875,528100
2016-09-06,127.5999984741211,128.0399932861328,127.16999816894531,127.58000183105469,121.52696990966797,789900
2016-09-07,127.04000091552734,128.10000610351562,126.55000305175781,126.73999786376953,120.7268295288086,951500
2016-09-08,126.5199966430664,127.9000015258789,126.16999816894531,127.66999816894531,121.61270904541016,1056100
2016-09-09,127.05999755859375,129.08999633789062,127.05999755859375,128.4499969482422,122.35569763183594,1824500
2016-09-12,127.94999694824219,129.80999755859375,127.08000183105469,129.00999450683594,122.88912963867188,1224800
2016-09-13,128.77000427246094,128.77000427246094,126.94999694824219,127.54000091552734,121.48888397216797,1219900
2016-09-14,127.30999755859375,127.8499984741211,125.9800033569336,126.25,120.26007080078125,1125700
2016-09-15,126.0199966430664,128.8000030517578,125.91999816894531,128.63999938964844,122.53668212890625,1213300
2016-09-16,128.94000244140625,132.77999877929688,128.0,131.99000549316406,125.7277603149414,2742000
2016-09-19,132.2100067138672,132.88999938964844,131.61000061035156,131.88999938964844,125.63250732421875,1091500
2016-09-20,132.24000549316406,132.75999450683594,131.07000732421875,131.57000732421875,125.32768249511719,1027600
2016-09-21,131.52999877929688,132.94000244140625,130.67999267578125,132.55999755859375,126.27070617675781,1239900
2016-09-22,132.63999938964844,132.97000122070312,130.9499969482422,132.0,125.73729705810547,738900
2016-09-23,129.4600067138672,131.52000427246094,129.3699951171875,131.0,124.78473663330078,1164800
2016-09-26,130.72000122070312,130.72000122070312,129.97000122070312,130.33999633789062,124.1560287475586,718300
2016-09-27,130.11000061035156,131.88999938964844,129.85000610351562,131.6999969482422,125.4515151977539,883200
2016-09-28,131.99000549316406,132.36000061035156,130.7899932861328,131.5,125.26100158691406,459200
2016-09-29,131.8000030517578,133.57000732421875,130.5500030517578,130.8000030517578,124.5942153930664,1206800
2016-09-30,131.27999877929688,131.42999267578125,129.60000610351562,130.32000732421875,124.13700866699219,1415900
2016-10-03,129.8000030517578,130.22000122070312,127.81999969482422,128.00999450683594,121.93656921386719,704900
2016-10-04,128.30999755859375,128.5500030517578,127.30999755859375,128.11000061035156,122.03184509277344,910300
2016-10-05,128.35000610351562,128.67999267578125,126.73999786376953,127.08999633789062,121.06022644042969,994500
2016-10-06,127.04000091552734,127.61000061035156,126.55999755859375,126.9000015258789,120.87923431396484,624300
2016-10-07,127.44999694824219,128.16000366210938,126.9000015258789,127.2300033569336,121.19359588623047,670300
2016-10-10,127.2699966430664,128.0,127.13999938964844,127.7300033569336,121.66986083984375,566000
2016-10-11,127.33999633789062,127.33999633789062,124.9800033569336,125.0,119.06938171386719,1085500
2016-10-12,125.0999984741211,125.75,121.30999755859375,121.95999908447266,116.17362213134766,2546100
2016-10-13,121.56999969482422,122.4800033569336,120.08999633789062,121.16000366210938,115.41159057617188,1194900
2016-10-14,121.55999755859375,122.25,120.68000030517578,120.9000015258789,115.16390991210938,570200
2016-10-17,120.62999725341797,120.9000015258789,116.30000305175781,118.63999938964844,113.01114654541016,1943900
2016-10-18,120.0,124.66999816894531,119.5,123.6500015258789,117.783447265625,1640800
2016-10-19,123.6500015258789,123.9800033569336,122.51000213623047,123.55000305175781,117.68817901611328,1295700
2016-10-20,123.97000122070312,124.80999755859375,123.36000061035156,123.62999725341797,117.76439666748047,854400
2016-10-21,122.9000015258789,124.31999969482422,122.56999969482422,124.18000030517578,118.28827667236328,639700
2016-10-24,124.44999694824219,124.69999694824219,123.30999755859375,124.05999755859375,118.17399597167969,796200
2016-10-25,123.5999984741211,124.88999938964844,123.52999877929688,124.30000305175781,118.4026107788086,947700
2016-10-26,124.37999725341797,124.76000213623047,123.72000122070312,123.80000305175781,117.92632293701172,1117900
2016-10-27,124.16000366210938,124.72000122070312,122.4000015258789,123.05999755859375,117.22142791748047,738700
2016-10-28,123.16000366210938,123.62999725341797,121.18000030517578,121.62000274658203,115.84977722167969,1229500
2016-10-31,121.80000305175781,122.5,118.83000183105469,118.83000183105469,113.19213104248047,1414600
2016-11-01,119.55000305175781,120.83999633789062,115.02999877929688,116.02999877929688,110.52496337890625,1728500
2016-11-02,115.58999633789062,118.13999938964844,115.44999694824219,117.8499984741211,112.25862121582031,1828600
2016-11-03,119.5,123.33000183105469,117.2300033569336,117.30999755859375,111.7442398071289,2320900
2016-11-04,117.73999786376953,122.80000305175781,117.11000061035156,121.6500015258789,115.87832641601562,1735400
2016-11-07,122.56999969482422,126.91999816894531,122.3499984741211,126.25,120.26007080078125,1811900
2016-11-08,125.5199966430664,130.24000549316406,125.41000366210938,128.77000427246094,122.66053009033203,1386100
2016-11-09,127.45999908447266,136.77000427246094,124.4800033569336,135.8000030517578,129.3570098876953,2847500
2016-11-10,136.08999633789062,138.50999450683594,133.00999450683594,134.77000427246094,128.3758544921875,2572400
2016-11-11,134.6199951171875,136.4199981689453,131.88999938964844,133.6699981689453,127.32804107666016,1187200
2016-11-14,134.22999572753906,138.77999877929688,133.10000610351562,136.1199951171875,129.6617889404297,2048700
2016-11-15,136.0800018310547,138.66000366210938,134.2899932861328,137.8000030517578,131.26210021972656,1082900
2016-11-16,137.92999267578125,138.72000122070312,136.5500030517578,137.88999938964844,131.3478240966797,1049100
2016-11-17,137.22999572753906,140.1999969482422,136.25999450683594,140.0,133.3577423095703,1146300
2016-11-18,139.6199951171875,142.0,136.72999572753906,138.6999969482422,132.11941528320312,1173000
2016-11-21,138.1300048828125,139.9499969482422,136.0399932861328,137.0800018310547,130.57626342773438,1077600
2016-11-22,137.35000610351562,140.77000427246094,136.72000122070312,139.72999572753906,133.1005096435547,1458400
2016-11-23,139.6999969482422,140.5,136.80999755859375,139.52999877929688,132.91001892089844,843100
2016-11-25,139.8800048828125,141.47999572753906,138.52999877929688,138.6699981689453,132.09080505371094,306600
2016-11-28,138.8300018310547,139.33999633789062,136.1999969482422,136.77000427246094,130.28097534179688,1193500
2016-11-29,136.77000427246094,139.9499969482422,136.77000427246094,138.3000030517578,131.7384033203125,1391600
2016-11-30,137.9600067138672,138.0500030517578,134.52999877929688,134.74000549316406,128.3472442626953,2099700
2016-12-01,134.1699981689453,136.9199981689453,134.1699981689453,134.5,128.11865234375,1638300
2016-12-02,135.0800018310547,135.9499969482422,132.6300048828125,133.44000244140625,127.10894775390625,1386000
2016-12-05,133.64999389648438,135.4499969482422,131.64999389648438,134.6999969482422,128.30918884277344,1085700
2016-12-06,135.50999450683594,137.74000549316406,134.1300048828125,137.25,130.7382049560547,1121800
2016-12-07,136.8800048828125,137.52000427246094,135.80999755859375,136.8300018310547,130.33811950683594,1694300
2016-12-08,136.50999450683594,138.57000732421875,135.10000610351562,137.1300048828125,130.62393188476562,1118200
2016-12-09,137.1699981689453,137.94000244140625,133.8699951171875,134.8000030517578,128.4044189453125,1417400
2016-12-12,134.02999877929688,134.39999389648438,131.02999877929688,132.3800048828125,126.0992431640625,1169500
2016-12-13,132.91000366210938,135.82000732421875,131.52000427246094,134.57000732421875,128.1853485107422,1296800
2016-12-14,135.22999572753906,135.83999633789062,132.30999755859375,133.24000549316406,126.91844940185547,879700
2016-12-15,133.19000244140625,134.55999755859375,131.25999450683594,133.99000549316406,127.63286590576172,921400
2016-12-16,134.86000061035156,137.6999969482422,134.85000610351562,136.75999450683594,130.27142333984375,2759500
2016-12-19,137.58999633789062,139.0,136.83999633789062,138.08999633789062,131.538330078125,1214100
2016-12-20,138.10000610351562,139.74000549316406,136.5500030517578,137.11000061035156,130.60482788085938,1108100
2016-12-21,137.42999267578125,137.42999267578125,135.8699951171875,137.07000732421875,130.56671142578125,727900
2016-12-22,136.89999389648438,137.5,135.4600067138672,136.97000122070312,130.47146606445312,1097600
2016-12-23,137.42999267578125,138.63999938964844,136.4499969482422,138.61000061035156,132.0336456298828,431900
2016-12-27,138.25999450683594,140.6999969482422,138.25999450683594,139.38999938964844,132.7766571044922,481100
2016-12-28,139.61000061035156,140.3000030517578,137.0,137.0,130.5000457763672,828400
2016-12-29,137.5399932861328,138.67999267578125,135.19000244140625,135.5,129.07119750976562,641700
2016-12-30,135.57000732421875,135.88999938964844,133.11000061035156,133.38999938964844,127.06131744384766,1199600
2017-01-03,133.91000366210938,135.8300018310547,133.66000366210938,135.72000122070312,129.28077697753906,1443000
2017-01-04,136.0800018310547,138.88999938964844,133.6999969482422,138.72000122070312,132.13844299316406,1207800
2017-01-05,139.0800018310547,142.77000427246094,138.3300018310547,141.7100067138672,134.98658752441406,1446700
2017-01-06,141.0,143.14999389648438,140.99000549316406,141.80999755859375,135.0818634033203,983700
2017-01-09,141.30999755859375,142.61000061035156,140.0500030517578,142.35000610351562,135.5962371826172,986200
2017-01-10,141.24000549316406,142.0,140.1999969482422,140.22999572753906,133.57681274414062,1245100
2017-01-11,140.55999755859375,142.63999938964844,139.8800048828125,142.63999938964844,135.8724365234375,1418600
2017-01-12,141.5399932861328,145.7899932861328,141.02999877929688,144.6699981689453,137.80612182617188,1726100
2017-01-13,144.30999755859375,146.77000427246094,143.77999877929688,146.30999755859375,139.3683319091797,1488500
2017-01-17,145.9499969482422,145.9600067138672,144.02000427246094,144.77000427246094,137.90142822265625,1079300
2017-01-18,145.39999389648438,145.39999389648438,140.22000122070312,141.97000122070312,135.23426818847656,1974700
2017-01-19,141.3300018310547,146.30999755859375,133.52000427246094,144.16000366210938,137.3203582763672,2538400
2017-01-20,144.77999877929688,145.6699981689453,143.3800048828125,144.77000427246094,137.90142822265625,1333700
2017-01-23,144.32000732421875,145.6999969482422,142.25,145.30999755859375,138.415771484375,1576400
2017-01-24,145.2100067138672,147.5399932861328,144.02000427246094,146.52999877929688,139.57791137695312,1260800
2017-01-25,147.02000427246094,149.22999572753906,146.6300048828125,148.57000732421875,141.52110290527344,1211600
2017-01-26,148.27999877929688,148.6999969482422,146.64999389648438,146.8000030517578,139.83509826660156,1017500
2017-01-27,147.55999755859375,148.0,145.4199981689453,146.80999755859375,139.8446044921875,1100900
2017-01-30,146.77999877929688,146.7899932861328,144.30999755859375,145.6999969482422,138.78726196289062,687400
2017-01-31,145.1199951171875,146.52999877929688,144.5,146.22000122070312,139.28260803222656,884400
2017-02-01,147.0,149.4199981689453,145.36000061035156,147.63999938964844,140.63523864746094,1254500
2017-02-02,149.6999969482422,150.69000244140625,144.02999877929688,148.2899932861328,141.25436401367188,1532100
2017-02-03,149.07000732421875,150.11000061035156,148.10000610351562,149.3000030517578,142.2164764404297,1222600
2017-02-06,148.6699981689453,149.55999755859375,145.97999572753906,147.02999877929688,140.05416870117188,1277500
2017-02-07,147.07000732421875,148.6300048828125,145.92999267578125,147.89999389648438,140.88287353515625,772500
2017-02-08,147.0,148.69000244140625,146.3000030517578,147.83999633789062,140.82574462890625,652900
2017-02-09,147.74000549316406,148.30999755859375,145.33999633789062,148.13999938964844,141.1115264892578,2312700
2017-02-10,147.5500030517578,149.32000732421875,145.5,145.5500030517578,138.6444091796875,1918500
2017-02-13,146.6199951171875,147.14999389648438,144.82000732421875,145.85000610351562,138.93017578125,1067100
2017-02-14,145.22000122070312,148.0800018310547,144.5,146.67999267578125,139.72073364257812,1939500
2017-02-15,146.2100067138672,147.66000366210938,145.5800018310547,146.58999633789062,139.6350555419922,2249000
2017-02-16,146.83999633789062,146.94000244140625,143.8699951171875,145.3300018310547,138.434814453125,1569400
2017-02-17,144.17999267578125,144.25999450683594,141.92999267578125,143.55999755859375,136.74880981445312,2018700
2017-02-21,144.00999450683594,147.24000549316406,143.66000366210938,146.97000122070312,139.99703979492188,1773400
2017-02-22,146.24000549316406,148.4199981689453,145.9199981689453,147.49000549316406,140.49237060546875,1625800
2017-02-23,147.6199951171875,147.75,147.11000061035156,147.50999450683594,140.5113983154297,1447400
2017-02-24,147.4600067138672,147.61000061035156,146.5399932861328,147.0399932861328,140.0636749267578,919300
2017-02-27,146.75999450683594,150.0,146.25,149.72000122070312,142.61651611328125,2660400
2017-02-28,149.72000122070312,149.86000061035156,148.41000366210938,148.89999389648438,141.83546447753906,1427800
2017-03-01,150.0,152.99000549316406,149.30999755859375,152.1999969482422,144.97889709472656,1519300
2017-03-02,152.10000610351562,152.3800048828125,151.10000610351562,151.5800018310547,144.38829040527344,817700
2017-03-03,150.88999938964844,152.6199951171875,149.0,151.99000549316406,144.7788543701172,749100
2017-03-06,150.8800048828125,153.11000061035156,150.85000610351562,152.9600067138672,145.7028350830078,1843300
2017-03-07,152.58999633789062,154.24000549316406,151.14999389648438,151.83999633789062,144.635986328125,1653100
2017-03-08,151.74000549316406,153.02000427246094,150.67999267578125,152.24000549316406,145.05520629882812,832000
2017-03-09,152.8000030517578,153.0500030517578,151.4600067138672,152.1999969482422,145.01708984375,980000
2017-03-10,153.16000366210938,153.33999633789062,151.41000366210938,151.9199981689453,144.7502899169922,1270600
2017-03-13,152.3300018310547,153.9199981689453,151.32000732421875,153.39999389648438,146.1604461669922,1138300
2017-03-14,152.97000122070312,154.30999755859375,152.3300018310547,153.5399932861328,146.29385375976562,1299300
2017-03-15,154.27999877929688,154.8300018310547,153.49000549316406,154.0,146.732177734375,1452800
2017-03-16,153.99000549316406,154.27000427246094,151.60000610351562,151.7899932861328,144.62643432617188,1342500
2017-03-17,151.52999877929688,152.3800048828125,150.88999938964844,151.88999938964844,144.7217254638672,1563200
2017-03-20,152.16000366210938,153.02000427246094,150.7100067138672,151.1300048828125,143.9976043701172,1634600
2017-03-21,151.77999877929688,151.80999755859375,149.2899932861328,149.61000061035156,142.54931640625,1743000
2017-03-22,150.0800018310547,151.3300018310547,148.33999633789062,150.3699951171875,143.2734375,1104200
2017-03-23,149.99000549316406,151.36000061035156,149.00999450683594,149.17999267578125,142.1396026611328,869600
2017-03-24,149.3699951171875,150.41000366210938,144.97000122070312,145.82000732421875,138.9381866455078,2130900
2017-03-27,144.22000122070312,146.36000061035156,143.85000610351562,146.0399932861328,139.1478271484375,2003600
2017-03-28,146.02000427246094,148.66000366210938,145.5500030517578,148.3000030517578,141.30116271972656,921100
2017-03-29,147.6300048828125,148.52000427246094,146.6699981689453,147.22999572753906,140.28164672851562,822500
2017-03-30,147.5500030517578,148.94000244140625,147.13999938964844,147.60000610351562,140.6342010498047,804700
2017-03-31,147.50999450683594,147.60000610351562,146.49000549316406,146.49000549316406,139.57656860351562,1440100
2017-04-03,146.6999969482422,151.0,146.6999969482422,149.38999938964844,142.33970642089844,1631000
2017-04-04,149.07000732421875,150.6999969482422,148.75,150.5399932861328,143.4354248046875,1222700
2017-04-05,151.00999450683594,152.0,149.42999267578125,149.91000366210938,142.83517456054688,1457600
2017-04-06,149.91000366210938,151.39999389648438,148.75,151.2100067138672,144.07382202148438,1502800
2017-04-07,151.10000610351562,152.27000427246094,150.0399932861328,152.0399932861328,144.86463928222656,1480200
2017-04-10,152.00999450683594,153.19000244140625,151.57000732421875,152.27999877929688,145.09332275390625,1491400
2017-04-11,151.47000122070312,151.86000061035156,150.63999938964844,151.57000732421875,144.41683959960938,829400
2017-04-12,150.89999389648438,151.38999938964844,149.8699951171875,150.58999633789062,143.48306274414062,791900
2017-04-13,150.25,151.07000732421875,149.77000427246094,150.41000366210938,143.31158447265625,774900
2017-04-17,150.6699981689453,151.22999572753906,150.25,151.1699981689453,144.0357208251953,823800
2017-04-18,151.1699981689453,151.42999267578125,149.10000610351562,149.82000732421875,142.74940490722656,1044400
2017-04-19,150.50999450683594,152.33999633789062,149.9499969482422,151.9499969482422,144.7788848876953,789500
2017-04-20,151.69000244140625,156.2100067138672,151.0399932861328,155.3800048828125,148.0470428466797,1755900
2017-04-21,155.2100067138672,155.36000061035156,153.94000244140625,155.0800018310547,147.76119995117188,971500
2017-04-24,156.41000366210938,157.30999755859375,155.5,155.9600067138672,148.59963989257812,911100
2017-04-25,155.47000122070312,159.07000732421875,155.47000122070312,157.17999267578125,149.76206970214844,1168400
2017-04-26,157.32000732421875,158.6199951171875,155.6999969482422,156.92999267578125,149.52383422851562,907700
2017-04-27,157.2100067138672,158.22999572753906,155.89999389648438,156.2100067138672,148.83786010742188,727000
2017-04-28,155.72000122070312,157.39999389648438,152.88999938964844,156.3699951171875,148.99029541015625,1579000
2017-05-01,156.67999267578125,158.47000122070312,156.47999572753906,157.52000427246094,150.08599853515625,942700
2017-05-02,157.88999938964844,158.82000732421875,156.22999572753906,158.3800048828125,150.90541076660156,1051400
2017-05-03,158.22000122070312,159.14999389648438,156.63999938964844,157.02999877929688,149.619140625,970300
2017-05-04,157.7899932861328,158.16000366210938,155.32000732421875,156.72999572753906,149.3332977294922,1407100
2017-05-05,159.0,161.57000732421875,158.24000549316406,160.25,152.68716430664062,1623100
2017-05-08,160.66000366210938,162.1300048828125,160.11000061035156,161.75,154.1164093017578,1434800
2017-05-09,161.86000061035156,163.47999572753906,161.77999877929688,162.64999389648438,154.97389221191406,1280200
2017-05-10,162.0,163.27999877929688,161.67999267578125,162.89999389648438,155.21209716796875,1447800
2017-05-11,163.0399932861328,164.2899932861328,161.6999969482422,163.82000732421875,156.0886993408203,989200
2017-05-12,163.5,164.8800048828125,161.52999877929688,162.02999877929688,154.3831787109375,1441400
2017-05-15,161.6999969482422,162.92999267578125,161.1699981689453,162.10000610351562,154.44989013671875,1578500
2017-05-16,162.0,162.1699981689453,160.41000366210938,161.33999633789062,153.7257537841797,1318400
2017-05-17,161.33999633789062,161.33999633789062,158.2899932861328,158.41000366210938,150.93402099609375,1633500
2017-05-18,158.88999938964844,160.6699981689453,158.41000366210938,160.10000610351562,152.5442657470703,1449700
2017-05-19,160.41000366210938,161.5500030517578,159.3000030517578,159.47999572753906,151.95350646972656,1607600
2017-05-22,159.75999450683594,160.13999938964844,158.7899932861328,159.35000610351562,151.82965087890625,1586600
2017-05-23,159.35000610351562,160.72000122070312,159.35000610351562,160.52000427246094,152.94444274902344,786100
2017-05-24,160.5800018310547,162.13999938964844,160.08999633789062,161.86000061035156,154.22119140625,854300
2017-05-25,162.5800018310547,164.27999877929688,161.63999938964844,161.64999389648438,154.02110290527344,1796900
2017-05-26,161.8699951171875,162.1300048828125,159.91000366210938,161.32000732421875,153.70668029785156,1348300
2017-05-30,161.4499969482422,162.27000427246094,161.0500030517578,161.5,153.87818908691406,1084100
2017-05-31,161.4199981689453,162.3699951171875,160.75999450683594,161.22999572753906,153.62094116210938,1130200
2017-06-01,161.7899932861328,164.8000030517578,161.1999969482422,163.9499969482422,156.2125701904297,2236100
2017-06-02,164.0,165.16000366210938,163.77999877929688,164.4600067138672,156.698486328125,1377500
2017-06-05,164.58999633789062,165.58999633789062,163.88999938964844,164.75999450683594,156.98435974121094,1590500
2017-06-06,164.5,167.05999755859375,164.22999572753906,165.5,157.68942260742188,2165100
2017-06-07,165.9199981689453,170.0,165.89999389648438,168.47999572753906,160.52879333496094,2572400
2017-06-08,168.47999572753906,169.5,165.6699981689453,166.50999450683594,158.6517333984375,3074800
2017-06-09,166.61000061035156,168.0800018310547,165.6300048828125,166.74000549316406,158.87091064453125,1746300
2017-06-12,166.5,166.9499969482422,163.4600067138672,166.8000030517578,158.9280548095703,1595300
2017-06-13,166.82000732421875,167.75,165.8800048828125,166.5500030517578,158.68988037109375,1383800
2017-06-14,167.0,168.36000061035156,166.44000244140625,168.11000061035156,160.17623901367188,1199400
2017-06-15,167.64999389648438,168.1999969482422,166.55999755859375,167.27999877929688,159.38539123535156,1056800
2017-06-16,167.8300018310547,169.25,167.1199951171875,169.0800018310547,161.1004638671875,2008800
2017-06-19,169.0800018310547,170.5,169.0800018310547,170.25999450683594,162.2247772216797,1895600
2017-06-20,170.0,170.55999755859375,169.1699981689453,169.5800018310547,161.57688903808594,2130800
2017-06-21,169.52000427246094,171.6199951171875,169.52000427246094,170.17999267578125,162.1485137939453,1356100
2017-06-22,170.1999969482422,173.2100067138672,169.7899932861328,170.67999267578125,162.6249542236328,2192800
2017-06-23,171.0,171.14999389648438,168.89999389648438,169.61000061035156,161.6054229736328,3666200
2017-06-26,169.64999389648438,169.91000366210938,167.94000244140625,168.25999450683594,160.31918334960938,1407000
2017-06-27,168.64999389648438,169.36000061035156,166.88999938964844,167.0500030517578,159.16627502441406,1711200
2017-06-28,167.8300018310547,169.02999877929688,167.3699951171875,168.1300048828125,160.19529724121094,1271900
2017-06-29,168.5,168.86000061035156,166.05999755859375,166.6999969482422,158.832763671875,1112000
2017-06-30,166.69000244140625,168.05999755859375,166.55999755859375,167.38999938964844,159.49020385742188,1751900
2017-07-03,168.27000427246094,168.44000244140625,166.80999755859375,167.5,159.5950164794922,854300
2017-07-05,167.5500030517578,169.32000732421875,167.25,169.16000366210938,161.17669677734375,2368300
2017-07-06,168.85000610351562,169.33999633789062,166.86000061035156,167.94000244140625,160.0142822265625,1049200
2017-07-07,168.5,170.38999938964844,168.11000061035156,169.61000061035156,161.6054229736328,1529600
2017-07-10,169.22000122070312,170.63999938964844,168.4600067138672,169.57000732421875,161.5673370361328,1759400
2017-07-11,169.64999389648438,171.33999633789062,169.17999267578125,171.16000366210938,163.08230590820312,1101000
2017-07-12,171.50999450683594,173.44000244140625,170.8800048828125,172.05999755859375,163.93983459472656,1474200
2017-07-13,172.24000549316406,174.1999969482422,171.99000549316406,173.0500030517578,164.8831024169922,1073300
2017-07-14,173.00999450683594,174.27000427246094,172.60000610351562,173.8000030517578,165.59768676757812,945800
2017-07-17,174.39999389648438,174.39999389648438,172.9600067138672,174.19000244140625,165.96929931640625,1019000
2017-07-18,174.22999572753906,174.4600067138672,170.80999755859375,172.10000610351562,163.97793579101562,1392300
2017-07-19,172.4499969482422,174.97000122070312,172.4499969482422,174.30999755859375,166.0836639404297,1240500
2017-07-20,174.30999755859375,175.0500030517578,173.5800018310547,174.49000549316406,166.25514221191406,883300
2017-07-21,174.24000549316406,175.1699981689453,173.99000549316406,174.22999572753906,166.00741577148438,726800
2017-07-24,174.13999938964844,174.91000366210938,173.6300048828125,174.52999877929688,166.29324340820312,940900
2017-07-25,175.27999877929688,175.8000030517578,173.55999755859375,173.80999755859375,165.6072235107422,1166100
2017-07-26,173.47999572753906,174.47000122070312,172.52000427246094,173.57000732421875,165.37857055664062,913000
2017-07-27,173.3300018310547,173.5800018310547,171.19000244140625,172.07000732421875,163.94935607910156,860200
2017-07-28,172.25999450683594,174.1999969482422,170.9199981689453,173.97000122070312,165.75967407226562,920300
2017-07-31,173.88999938964844,175.17999267578125,173.33999633789062,173.55999755859375,165.3690185546875,986300
2017-08-01,174.0,174.63999938964844,172.8699951171875,172.9600067138672,164.79734802246094,864300
2017-08-02,173.17999267578125,175.3300018310547,173.17999267578125,174.74000549316406,166.49334716796875,924300
2017-08-03,175.85000610351562,177.24000549316406,174.9600067138672,176.0500030517578,167.74151611328125,1574000
2017-08-04,177.99000549316406,178.5,170.5500030517578,172.5500030517578,164.4066925048828,2225500
2017-08-07,172.6699981689453,176.97999572753906,172.5,175.97999572753906,167.67481994628906,1692100
2017-08-08,175.6699981689453,176.7899932861328,174.67999267578125,175.6300048828125,167.34133911132812,1108600
2017-08-09,175.6999969482422,178.35000610351562,174.5,178.0800018310547,169.67572021484375,1508800
2017-08-10,177.3800048828125,178.57000732421875,175.1199951171875,175.36000061035156,167.08409118652344,1143700
2017-08-11,175.99000549316406,176.82000732421875,174.22000122070312,174.3800048828125,166.1503448486328,1174000
2017-08-14,175.61000061035156,177.19000244140625,175.61000061035156,176.35000610351562,168.02734375,795800
2017-08-15,176.8300018310547,179.5,176.6199951171875,179.16000366210938,170.70474243164062,1339100
2017-08-16,179.5,180.4199981689453,179.4600067138672,179.86000061035156,171.37171936035156,942600
2017-08-17,179.61000061035156,181.0,178.0,178.02999877929688,169.62808227539062,1065800
2017-08-18,177.89999389648438,178.27000427246094,176.00999450683594,177.02999877929688,168.67523193359375,1034400
2017-08-21,177.02999877929688,178.35000610351562,177.0,177.97999572753906,169.5804443359375,1081000
2017-08-22,178.0,180.38999938964844,178.0,179.82000732421875,171.3336181640625,1001700
2017-08-23,179.50999450683594,180.05999755859375,178.85000610351562,179.38999938964844,170.92388916015625,856600
2017-08-24,179.8800048828125,179.97000122070312,178.22000122070312,179.77000427246094,171.28598022460938,1242600
2017-08-25,179.9499969482422,181.14999389648438,179.3000030517578,179.3000030517578,170.83815002441406,844000
2017-08-28,180.0399932861328,181.55999755859375,179.8300018310547,180.5,171.9815216064453,895700
2017-08-29,179.77000427246094,180.61000061035156,179.75999450683594,180.08999633789062,171.59085083007812,960900
2017-08-30,179.64999389648438,180.14999389648438,179.4199981689453,179.6699981689453,171.190673828125,905400
2017-08-31,180.00999450683594,182.17999267578125,179.86000061035156,182.05999755859375,173.46788024902344,1443500
2017-09-01,182.67999267578125,184.22999572753906,182.22999572753906,183.1699981689453,174.5255126953125,1018700
2017-09-05,182.1999969482422,185.50999450683594,182.11000061035156,185.30999755859375,176.56451416015625,1281400
2017-09-06,185.30999755859375,185.49000549316406,181.50999450683594,182.10000610351562,173.50601196289062,1297900
2017-09-07,182.25999450683594,185.17999267578125,181.86000061035156,184.97999572753906,176.25006103515625,1124100
2017-09-08,184.69000244140625,185.36000061035156,184.13999938964844,184.55999755859375,175.84991455078125,1352800
2017-09-11,185.00999450683594,186.32000732421875,184.64999389648438,186.32000732421875,177.52685546875,1618600
2017-09-12,186.41000366210938,186.92999267578125,184.8699951171875,185.5500030517578,176.79318237304688,1178300
2017-09-13,185.4600067138672,188.36000061035156,185.4600067138672,187.6199951171875,178.76547241210938,1299500
2017-09-14,187.0500030517578,187.9499969482422,185.0399932861328,185.22999572753906,176.48826599121094,1394600
2017-09-15,185.80999755859375,186.6999969482422,185.02000427246094,186.0500030517578,177.26956176757812,2462000
2017-09-18,186.0500030517578,186.47000122070312,184.80999755859375,185.3000030517578,176.5549774169922,923600
2017-09-19,185.94000244140625,185.9499969482422,180.22999572753906,181.50999450683594,172.94383239746094,1931100
2017-09-20,181.67999267578125,182.24000549316406,180.58999633789062,181.82000732421875,173.2392120361328,1887400
2017-09-21,181.69000244140625,182.85000610351562,180.0399932861328,182.1300048828125,173.53460693359375,943600
2017-09-22,182.1300048828125,184.3699951171875,180.27999877929688,182.74000549316406,174.1157989501953,1628000
2017-09-25,183.05999755859375,184.30999755859375,181.36000061035156,181.44000244140625,172.8771209716797,948600
2017-09-26,182.27999877929688,183.77999877929688,181.75,183.63999938964844,174.97329711914062,1127200
2017-09-27,184.0,185.13999938964844,182.02000427246094,184.42999267578125,175.72604370117188,1115400
2017-09-28,184.0,187.91000366210938,183.89999389648438,187.0,178.1747589111328,1006600
2017-09-29,187.0,187.22000122070312,185.11000061035156,186.94000244140625,178.11756896972656,1116000
2017-10-02,187.7100067138672,189.02999877929688,186.3300018310547,189.00999450683594,180.0898895263672,1358000
2017-10-03,189.1999969482422,192.50999450683594,189.1999969482422,191.99000549316406,182.92926025390625,1458400
2017-10-04,192.00999450683594,193.0,190.60000610351562,190.75,181.7477569580078,1054400
2017-10-05,191.02000427246094,191.92999267578125,189.47999572753906,190.67999267578125,181.68104553222656,1056900
2017-10-06,191.00999450683594,192.72000122070312,190.25,190.9499969482422,181.93833923339844,879600
2017-10-09,190.3699951171875,190.89999389648438,188.86000061035156,189.08999633789062,180.16610717773438,781900
2017-10-10,189.08999633789062,189.44000244140625,186.88999938964844,188.07000732421875,179.19424438476562,979800
2017-10-11,187.83999633789062,188.07000732421875,186.30999755859375,186.9499969482422,178.12710571289062,1331200
2017-10-12,187.6300048828125,188.75999450683594,186.55999755859375,186.9600067138672,178.1366424560547,1139300
2017-10-13,184.0,186.42999267578125,183.0800018310547,186.14999389648438,177.36485290527344,1974100
2017-10-16,186.14999389648438,186.9600067138672,184.02000427246094,184.99000549316406,176.25962829589844,1218000
2017-10-17,185.38999938964844,188.75999450683594,185.27999877929688,187.1999969482422,178.36532592773438,2279000
2017-10-18,187.85000610351562,190.52999877929688,187.85000610351562,189.36000061035156,180.4233856201172,2458700
2017-10-19,189.07000732421875,189.07000732421875,186.10000610351562,188.22000122070312,179.33717346191406,2033400
2017-10-20,189.00999450683594,192.72999572753906,188.61000061035156,191.4199981689453,182.38613891601562,1708600
2017-10-23,191.72999572753906,194.2899932861328,191.2899932861328,193.3800048828125,184.25364685058594,1252000
2017-10-24,192.83999633789062,194.52000427246094,192.0,193.88999938964844,184.7396240234375,1226000
2017-10-25,193.39999389648438,195.83999633789062,192.47999572753906,195.6999969482422,186.46414184570312,1599100
2017-10-26,196.3800048828125,202.22000122070312,195.89999389648438,198.75,189.37020874023438,1765100
2017-10-27,198.69000244140625,202.5,198.60000610351562,201.94000244140625,192.40966796875,1482300
2017-10-30,201.5399932861328,201.88999938964844,197.6999969482422,197.72000122070312,188.3888397216797,1127500
2017-10-31,198.63999938964844,198.63999938964844,196.50999450683594,197.22000122070312,187.9124298095703,1290700
2017-11-01,198.1999969482422,198.5800018310547,196.75,197.83999633789062,188.50314331054688,1679000
2017-11-02,205.75,205.75,197.60000610351562,198.38999938964844,189.02720642089844,1958600
2017-11-03,198.64999389648438,203.10000610351562,196.27999877929688,201.89999389648438,192.3715362548828,1238200
2017-11-06,201.89999389648438,205.17999267578125,201.44000244140625,205.0,195.3252410888672,1322000
2017-11-07,205.02000427246094,206.4499969482422,204.02000427246094,205.49000549316406,195.79212951660156,1128400
2017-11-08,205.0,205.0,200.47999572753906,200.5,191.03762817382812,1636800
2017-11-09,200.0,200.0,196.3699951171875,197.52000427246094,188.19827270507812,1774100
2017-11-10,197.55999755859375,198.5500030517578,196.89999389648438,197.97999572753906,188.63653564453125,991100
2017-11-13,197.8000030517578,198.27000427246094,195.89999389648438,197.61000061035156,188.28402709960938,1277900
2017-11-14,197.22999572753906,197.6699981689453,195.25,197.13999938964844,187.83619689941406,1263100
2017-11-15,196.6199951171875,197.41000366210938,196.1199951171875,196.5,187.22642517089844,1293500
2017-11-16,196.6999969482422,201.33999633789062,196.2899932861328,200.97000122070312,191.48544311523438,1130100
2017-11-17,199.91000366210938,200.2100067138672,197.77000427246094,197.97000122070312,188.62704467773438,980900
2017-11-20,198.66000366210938,199.83999633789062,197.8800048828125,199.41000366210938,189.99905395507812,826000
2017-11-21,200.0,202.08999633789062,199.72999572753906,201.99000549316406,192.4573211669922,1125100
2017-11-22,202.25,202.3699951171875,199.9199981689453,200.72000122070312,191.2472381591797,791400
2017-11-24,200.58999633789062,201.4499969482422,200.10000610351562,200.60000610351562,191.13290405273438,409800
2017-11-27,200.9199981689453,202.14999389648438,199.8699951171875,199.92999267578125,190.49453735351562,1477500
2017-11-28,200.77000427246094,201.50999450683594,199.1699981689453,200.5500030517578,191.0852813720703,1912500
2017-11-29,201.16000366210938,207.2100067138672,199.8800048828125,205.8300018310547,196.11607360839844,1529700
2017-11-30,206.27999877929688,212.4600067138672,205.50999450683594,211.72999572753906,201.73765563964844,2069300
2017-12-01,211.6199951171875,211.6199951171875,203.11000061035156,208.41000366210938,198.57431030273438,1442400
2017-12-04,211.0399932861328,211.9600067138672,203.50999450683594,204.11000061035156,194.47726440429688,1842800
2017-12-05,204.82000732421875,205.24000549316406,202.72999572753906,204.1199951171875,194.48678588867188,917300
2017-12-06,204.1199951171875,205.5800018310547,202.66000366210938,204.2100067138672,194.57254028320312,869800
2017-12-07,203.6199951171875,207.2100067138672,203.52000427246094,206.0,196.27806091308594,980100
2017-12-08,206.75999450683594,211.58999633789062,206.16000366210938,209.97000122070312,200.06072998046875,1250500
2017-12-11,209.35000610351562,210.7100067138672,208.30999755859375,209.16000366210938,199.2889404296875,1082200
2017-12-12,209.13999938964844,209.97999572753906,206.47999572753906,208.47999572753906,198.64100646972656,1044200
2017-12-13,208.44000244140625,209.3699951171875,207.13999938964844,207.9199981689453,198.10745239257812,1038700
2017-12-14,208.86000061035156,209.00999450683594,203.47999572753906,203.6300048828125,194.01991271972656,1033600
2017-12-15,205.17999267578125,205.27999877929688,202.8800048828125,204.13999938964844,194.50582885742188,3639800
2017-12-18,206.1300048828125,206.8000030517578,204.47000122070312,206.33999633789062,196.60202026367188,1643800
2017-12-19,206.4499969482422,208.47000122070312,205.5399932861328,207.25999450683594,197.47857666015625,923500
2017-12-20,207.49000549316406,210.27000427246094,205.80999755859375,206.02999877929688,196.30667114257812,1396200
2017-12-21,206.82000732421875,208.08999633789062,204.47000122070312,204.52000427246094,194.867919921875,1585200
2017-12-22,205.5500030517578,205.5500030517578,202.41000366210938,203.38999938964844,193.7912139892578,1091700
2017-12-26,202.80999755859375,204.42999267578125,202.52999877929688,203.77999877929688,194.16282653808594,641200
2017-12-27,204.35000610351562,204.4600067138672,202.47999572753906,202.7100067138672,193.14332580566406,1107400
2017-12-28,203.24000549316406,205.5,202.24000549316406,205.24000549316406,195.55392456054688,611500
2017-12-29,206.0,206.16000366210938,203.0500030517578,203.08999633789062,193.50540161132812,736200
2018-01-02,204.13999938964844,204.97999572753906,202.33999633789062,202.55999755859375,193.00042724609375,1115900
2018-01-03,202.52000427246094,206.32000732421875,201.3000030517578,205.9600067138672,196.23992919921875,1362800
2018-01-04,206.07000732421875,208.0399932861328,206.07000732421875,207.0399932861328,197.26893615722656,888600
2018-01-05,207.91000366210938,211.0800018310547,207.60000610351562,210.5500030517578,200.6133575439453,755000
2018-01-08,209.77000427246094,210.49000549316406,207.7100067138672,208.22000122070312,198.39329528808594,1130900
2018-01-09,207.97999572753906,209.2100067138672,206.97000122070312,207.8699951171875,198.05979919433594,1280200
2018-01-10,205.67999267578125,207.17999267578125,205.0500030517578,207.08999633789062,197.3166046142578,1113600
2018-01-11,208.08999633789062,211.36000061035156,207.50999450683594,210.88999938964844,200.9373016357422,1196600
2018-01-12,212.9600067138672,213.72999572753906,211.8800048828125,213.38999938964844,203.31927490234375,1151300
2018-01-16,215.07000732421875,216.33999633789062,213.86000061035156,214.75,204.61509704589844,1442400
2018-01-17,215.6999969482422,221.1300048828125,215.14999389648438,220.36000061035156,209.96035766601562,1410600
2018-01-18,220.36000061035156,220.4600067138672,218.16000366210938,219.66000366210938,209.29339599609375,1380300
2018-01-19,220.66000366210938,221.22999572753906,218.57000732421875,220.14999389648438,209.7602996826172,1363900
2018-01-22,220.5,220.8000030517578,218.67999267578125,220.75,210.3319549560547,882200
2018-01-23,220.80999755859375,221.11000061035156,218.72000122070312,219.7899932861328,209.41725158691406,821200
2018-01-24,221.16000366210938,222.67999267578125,220.2100067138672,221.0,210.57017517089844,718600
2018-01-25,221.8300018310547,222.9600067138672,220.0,221.8800048828125,211.40859985351562,760500
2018-01-26,221.99000549316406,226.27000427246094,221.4499969482422,226.22000122070312,215.54380798339844,977000
2018-01-29,225.75999450683594,227.1300048828125,223.77999877929688,223.89999389648438,213.3332977294922,936100
2018-01-30,211.58999633789062,215.55999755859375,207.1199951171875,207.88999938964844,198.07887268066406,4717400
2018-01-31,214.36000061035156,219.8699951171875,208.33999633789062,208.35000610351562,198.5171661376953,2719900
2018-02-01,207.32000732421875,209.63999938964844,198.83999633789062,205.00999450683594,195.3347625732422,2755300
2018-02-02,204.1300048828125,209.60000610351562,203.2100067138672,204.4600067138672,194.8107452392578,2158300
2018-02-05,203.39999389648438,204.4600067138672,193.19000244140625,196.41000366210938,187.14064025878906,2260100
2018-02-06,193.02000427246094,200.0,191.58999633789062,197.58999633789062,188.26495361328125,3059200
2018-02-07,196.33999633789062,198.3300018310547,194.3800048828125,195.44000244140625,186.2164306640625,1729000
2018-02-08,195.25,198.11000061035156,189.14999389648438,189.27000427246094,180.33761596679688,1637100
2018-02-09,192.02000427246094,195.08999633789062,187.13999938964844,193.77000427246094,184.625244140625,2870300
2018-02-12,195.02999877929688,196.77999877929688,192.8800048828125,193.55999755859375,184.42514038085938,945400
2018-02-13,192.00999450683594,195.5800018310547,191.07000732421875,195.44000244140625,186.2164306640625,842100
2018-02-14,193.9600067138672,196.02000427246094,193.47000122070312,195.5500030517578,186.32122802734375,645400
2018-02-15,196.36000061035156,197.30999755859375,190.72000122070312,191.94000244140625,182.88162231445312,1654500
2018-02-16,191.9600067138672,195.10000610351562,191.3699951171875,193.80999755859375,184.66336059570312,1019400
2018-02-20,192.57000732421875,193.4199981689453,190.67999267578125,192.60000610351562,183.51046752929688,919600
2018-02-21,192.94000244140625,195.30999755859375,191.61000061035156,191.64999389648438,182.60528564453125,684500
2018-02-22,192.8000030517578,194.89999389648438,191.1699981689453,191.89999389648438,182.843505859375,1105000
2018-02-23,193.1999969482422,194.8800048828125,192.0500030517578,194.7899932861328,185.59707641601562,1116800
2018-02-26,195.27999877929688,196.8300018310547,194.11000061035156,195.8800048828125,186.6356658935547,973300
2018-02-27,196.1699981689453,199.08999633789062,195.58999633789062,196.85000610351562,187.55992126464844,1224900
2018-02-28,196.7100067138672,198.8300018310547,195.8699951171875,195.88999938964844,186.6451873779297,2302400
2018-03-01,195.41000366210938,196.1300048828125,191.69000244140625,193.4199981689453,184.29176330566406,1735900
2018-03-02,192.7899932861328,193.69000244140625,191.17999267578125,193.05999755859375,183.94876098632812,884600
2018-03-05,191.83999633789062,193.27000427246094,189.63999938964844,192.33999633789062,183.2627410888672,951700
2018-03-06,192.80999755859375,194.30999755859375,190.9600067138672,194.1300048828125,184.96827697753906,1067000
2018-03-07,192.5,194.42999267578125,192.02999877929688,194.25,185.08258056640625,1276600
2018-03-08,182.2100067138672,182.57000732421875,171.05999755859375,172.0,163.8826446533203,17357000
2018-03-09,173.10000610351562,174.69000244140625,172.05999755859375,173.36000061035156,165.2168731689453,6222900
2018-03-12,173.57000732421875,173.60000610351562,167.0500030517578,167.30999755859375,159.45108032226562,8525200
2018-03-13,167.52000427246094,168.0,163.02000427246094,164.38999938964844,156.668212890625,7182900
2018-03-14,164.72000122070312,167.6199951171875,163.60000610351562,166.8800048828125,159.04129028320312,4874000
2018-03-15,167.7100067138672,169.5800018310547,166.77000427246094,166.89999389648438,159.06033325195312,4285800
2018-03-16,167.8000030517578,169.1699981689453,166.77000427246094,168.6699981689453,160.74716186523438,3912400
2018-03-19,168.3800048828125,169.02000427246094,165.47000122070312,166.44000244140625,158.6219482421875,3804300
2018-03-20,166.92999267578125,167.25999450683594,164.36000061035156,165.0,157.24957275390625,3868100
2018-03-21,165.61000061035156,169.55999755859375,164.30999755859375,167.0500030517578,159.20330810546875,5671900
2018-03-22,166.08999633789062,167.4499969482422,164.82000732421875,165.33999633789062,157.57359313964844,4238100
2018-03-23,165.82000732421875,166.83999633789062,164.0,164.0,156.29653930664062,3333400
2018-03-26,165.00999450683594,168.8699951171875,164.11000061035156,168.67999267578125,160.7567138671875,3101200
2018-03-27,169.1199951171875,170.1300048828125,164.27999877929688,165.5399932861328,157.76422119140625,4070200
2018-03-28,166.25,169.63999938964844,165.5,168.32000732421875,160.4136199951172,3036700
2018-03-29,168.86000061035156,169.38999938964844,167.02000427246094,167.74000549316406,159.86087036132812,2736100
2018-04-02,168.85000610351562,169.39999389648438,163.8000030517578,164.64999389648438,156.91604614257812,2757000
2018-04-03,165.25,168.60000610351562,165.25,167.85000610351562,159.96572875976562,1697600
2018-04-04,165.5500030517578,169.61000061035156,165.5,168.7899932861328,160.86155700683594,2533900
2018-04-05,169.6699981689453,169.97999572753906,167.8800048828125,169.02999877929688,161.09027099609375,1434700
2018-04-06,168.27999877929688,169.8699951171875,166.72999572753906,167.82000732421875,159.93711853027344,1625300
2018-04-09,168.7100067138672,169.89999389648438,167.7899932861328,167.94000244140625,160.051513671875,1475900
2018-04-10,169.72999572753906,170.8000030517578,167.60000610351562,169.85000610351562,161.87176513671875,1759700
2018-04-11,168.66000366210938,169.8800048828125,168.16000366210938,169.0,161.06170654296875,1733900
2018-04-12,169.75,171.2100067138672,168.74000549316406,170.55999755859375,162.54843139648438,3035600
2018-04-13,171.6699981689453,172.52999877929688,170.75999450683594,171.64999389648438,163.5872039794922,2611000
2018-04-16,172.22000122070312,175.6999969482422,171.72000122070312,175.0800018310547,166.85610961914062,2200000
2018-04-17,176.82000732421875,177.80999755859375,174.27999877929688,174.3800048828125,166.18899536132812,2260000
2018-04-18,174.60000610351562,175.85000610351562,173.7899932861328,175.2100067138672,166.98001098632812,1566200
2018-04-19,174.55999755859375,174.6199951171875,171.47000122070312,171.72999572753906,163.66343688964844,2026700
2018-04-20,172.0800018310547,172.5500030517578,169.6300048828125,169.94000244140625,161.95755004882812,2986800
2018-04-23,170.39999389648438,173.86000061035156,170.25,172.35000610351562,164.25433349609375,2376200
2018-04-24,172.44000244140625,173.44000244140625,170.24000549316406,171.2899932861328,163.24412536621094,2020900
2018-04-25,171.67999267578125,172.3800048828125,168.86000061035156,171.6999969482422,163.63485717773438,1380200
2018-04-26,171.63999938964844,173.0500030517578,170.6999969482422,172.14999389648438,164.063720703125,1249800
2018-04-27,172.22999572753906,174.97999572753906,172.17999267578125,173.9499969482422,165.7791748046875,1490600
2018-04-30,174.0,174.75,171.77000427246094,171.82000732421875,163.7492218017578,1494700
2018-05-01,172.00999450683594,172.97000122070312,170.8000030517578,171.07000732421875,163.03448486328125,1949400
2018-05-02,170.6300048828125,173.61000061035156,169.41000366210938,172.36000061035156,164.2638397216797,2184400
2018-05-03,172.72999572753906,174.0,166.25,172.8800048828125,164.75946044921875,3118500
2018-05-04,172.75,173.4600067138672,170.19000244140625,171.1699981689453,163.1297607421875,1854700
2018-05-07,171.5,172.6699981689453,168.35000610351562,172.58999633789062,164.48304748535156,2504500
2018-05-08,172.25,172.25,169.75999450683594,170.6999969482422,162.6818389892578,1814600
2018-05-09,170.57000732421875,170.77999877929688,168.7899932861328,169.5800018310547,161.61447143554688,2827300
2018-05-10,168.00999450683594,172.11000061035156,167.6699981689453,171.05999755859375,163.0249481201172,1948700
2018-05-11,170.5,174.27000427246094,169.6699981689453,173.72999572753906,165.56951904296875,2322900
2018-05-14,174.47000122070312,177.60000610351562,173.77000427246094,177.5399932861328,169.2005615234375,2797800
2018-05-15,177.17999267578125,177.42999267578125,175.13999938964844,176.05999755859375,167.79006958007812,1374400
2018-05-16,176.16000366210938,177.35000610351562,174.8800048828125,177.14999389648438,168.8289031982422,1489400
2018-05-17,177.64999389648438,179.99000549316406,176.69000244140625,178.91000366210938,170.5062255859375,1592700
2018-05-18,178.86000061035156,179.5800018310547,177.97999572753906,178.07000732421875,169.70567321777344,1064600
2018-05-21,179.0,179.2899932861328,176.85000610351562,177.4499969482422,169.11477661132812,1357100
2018-05-22,177.66000366210938,178.35000610351562,177.0500030517578,177.24000549316406,168.9146270751953,1262400
2018-05-23,176.6999969482422,177.3800048828125,175.14999389648438,177.08999633789062,168.7716827392578,1103600
2018-05-24,177.35000610351562,177.3800048828125,174.77999877929688,175.85000610351562,167.58995056152344,1433100
2018-05-25,175.97999572753906,176.97999572753906,175.0399932861328,175.89999389648438,167.63760375976562,1292200
2018-05-29,174.80999755859375,175.0,171.7100067138672,172.5800018310547,164.47352600097656,1448500
2018-05-30,172.60000610351562,173.97000122070312,171.33999633789062,173.32000732421875,165.17880249023438,1390300
2018-05-31,173.69000244140625,173.69000244140625,169.11000061035156,169.3699951171875,161.414306640625,2019500
2018-06-01,170.2100067138672,171.08999633789062,169.39999389648438,170.82000732421875,162.7961883544922,1162000
2018-06-04,171.24000549316406,171.63999938964844,170.4600067138672,171.0,162.96774291992188,1011400
2018-06-05,171.24000549316406,172.6699981689453,170.00999450683594,170.8300018310547,162.80572509765625,1308700
2018-06-06,174.0,175.80999755859375,172.5,174.92999267578125,166.713134765625,2680500
2018-06-07,175.22999572753906,177.88999938964844,175.0500030517578,177.11000061035156,168.79075622558594,1460800
2018-06-08,177.0500030517578,178.0399932861328,176.08999633789062,177.80999755859375,169.45787048339844,1667200
2018-06-11,178.41000366210938,182.10000610351562,177.99000549316406,180.9499969482422,172.45037841796875,1912900
2018-06-12,180.5800018310547,181.6199951171875,178.52000427246094,178.82000732421875,170.42044067382812,1500300
2018-06-13,179.5,179.5,174.6300048828125,176.17999267578125,167.90444946289062,3729600
2018-06-14,176.92999267578125,177.4499969482422,174.5500030517578,175.3300018310547,167.09439086914062,2237100
2018-06-15,175.66000366210938,177.0,174.8000030517578,175.0500030517578,166.82748413085938,3593500
2018-06-18,174.5399932861328,175.33999633789062,173.13999938964844,173.92999267578125,165.76011657714844,1585500
2018-06-19,173.10000610351562,174.39999389648438,172.9199981689453,173.36000061035156,165.2168731689453,2344200
2018-06-20,173.7899932861328,176.0399932861328,173.7899932861328,175.72000122070312,167.466064453125,1420500
2018-06-21,175.27999877929688,176.08999633789062,172.63999938964844,175.0,166.77987670898438,1976600
2018-06-22,175.4499969482422,176.05999755859375,173.9199981689453,174.0800018310547,165.90309143066406,1867400
2018-06-25,174.05999755859375,175.99000549316406,172.35000610351562,173.85000610351562,165.6838836669922,1813900
2018-06-26,173.69000244140625,174.22999572753906,172.8000030517578,172.9499969482422,164.826171875,1506000
2018-06-27,172.1199951171875,174.97999572753906,172.0,172.80999755859375,164.69271850585938,1823500
2018-06-28,169.97999572753906,170.0,163.97000122070312,169.75999450683594,161.78599548339844,4021700
2018-06-29,170.39999389648438,171.05999755859375,169.89999389648438,169.9499969482422,161.96707153320312,1905900
2018-07-02,169.47000122070312,169.47000122070312,166.8800048828125,169.02999877929688,161.09027099609375,1396900
2018-07-03,169.2899932861328,170.3699951171875,168.86000061035156,170.25,162.2529754638672,941500
2018-07-05,171.1699981689453,172.3000030517578,170.25,171.97999572753906,163.90171813964844,1234200
2018-07-06,172.0,172.52000427246094,171.16000366210938,172.10000610351562,164.01608276367188,783900
2018-07-09,172.52999877929688,174.0500030517578,172.3000030517578,173.22000122070312,165.08346557617188,1151500
2018-07-10,173.67999267578125,174.11000061035156,172.58999633789062,173.4499969482422,165.30267333984375,968200
2018-07-11,173.0800018310547,173.4499969482422,171.6999969482422,171.7899932861328,163.7206268310547,1474900
2018-07-12,172.0800018310547,173.85000610351562,171.10000610351562,172.9600067138672,164.83567810058594,2201700
2018-07-13,172.44000244140625,173.74000549316406,172.42999267578125,173.08999633789062,164.95957946777344,700400
2018-07-16,173.08999633789062,173.3000030517578,172.27000427246094,172.35000610351562,164.25433349609375,1451600
2018-07-17,172.02000427246094,172.02000427246094,167.8300018310547,170.7100067138672,162.69137573242188,2265200
2018-07-18,170.80999755859375,179.47999572753906,170.72000122070312,177.75,169.40069580078125,5413500
2018-07-19,177.92999267578125,178.7100067138672,174.25,175.89999389648438,167.63760375976562,3488700
2018-07-20,174.49000549316406,179.47000122070312,174.3000030517578,178.08999633789062,169.72471618652344,3196800
2018-07-23,178.22999572753906,179.2100067138672,177.0,177.4199981689453,169.086181640625,1676900
2018-07-24,177.47000122070312,178.9600067138672,175.8000030517578,176.42999267578125,168.14268493652344,1511500
2018-07-25,176.9199981689453,177.5500030517578,173.5399932861328,177.5,169.1624298095703,2717600
2018-07-26,178.0800018310547,179.1199951171875,176.67999267578125,177.94000244140625,169.5817413330078,2011700
2018-07-27,177.9499969482422,178.0800018310547,176.3000030517578,177.25,168.92417907714844,1277900
2018-07-30,177.17999267578125,178.13999938964844,175.6999969482422,176.8000030517578,168.49533081054688,1738500
2018-07-31,177.61000061035156,181.66000366210938,177.0,179.4199981689453,170.99224853515625,2848900
2018-08-01,179.88999938964844,188.60000610351562,178.57000732421875,182.92999267578125,174.3373565673828,6259600
2018-08-02,185.22999572753906,189.1999969482422,184.25,188.89999389648438,180.02696228027344,5071800
2018-08-03,189.61000061035156,193.3699951171875,188.91000366210938,189.25,180.3605194091797,2852300
2018-08-06,188.80999755859375,189.07000732421875,186.44000244140625,187.86000061035156,179.0358123779297,2211900
2018-08-07,188.91000366210938,190.35000610351562,187.0,188.27000427246094,179.42654418945312,3638900
2018-08-08,188.6699981689453,190.3000030517578,186.02999877929688,189.4600067138672,180.56065368652344,5734000
2018-08-09,190.02999877929688,190.3000030517578,184.9199981689453,185.4199981689453,176.71041870117188,2981800
2018-08-10,183.10000610351562,186.2100067138672,182.13999938964844,183.27999877929688,174.6709442138672,4442000
2018-08-13,183.39999389648438,183.82000732421875,180.1300048828125,181.75999450683594,173.22232055664062,2085300
2018-08-14,181.27000427246094,185.55999755859375,181.27000427246094,185.3000030517578,176.59605407714844,4180600
2018-08-15,185.0,186.41000366210938,183.1199951171875,185.47999572753906,176.76759338378906,2922200
2018-08-16,185.86000061035156,188.61000061035156,185.57000732421875,188.19000244140625,179.35031127929688,2625000
2018-08-17,189.1300048828125,189.3800048828125,187.3800048828125,188.33999633789062,179.49325561523438,1805700
2018-08-20,188.97000122070312,189.3000030517578,187.47000122070312,187.88999938964844,179.0644073486328,2449200
2018-08-21,187.33999633789062,187.5500030517578,185.75,186.0500030517578,177.31080627441406,2626400
2018-08-22,185.39999389648438,187.08999633789062,183.77999877929688,186.36000061035156,177.60623168945312,2227300
2018-08-23,186.44000244140625,187.07000732421875,185.05999755859375,185.8000030517578,177.07254028320312,1494200
2018-08-24,185.86000061035156,186.8699951171875,184.94000244140625,185.72000122070312,176.996337890625,2266800
2018-08-27,186.0,187.99000549316406,185.85000610351562,187.0,178.21620178222656,1665000
2018-08-28,187.72000122070312,188.3800048828125,186.10000610351562,187.9600067138672,179.13108825683594,1821800
2018-08-29,188.30999755859375,190.9499969482422,187.99000549316406,190.4600067138672,181.51368713378906,2502500
2018-08-30,190.42999267578125,191.24000549316406,189.58999633789062,189.8000030517578,180.88467407226562,2245400
2018-08-31,189.22000122070312,189.57000732421875,187.75999450683594,188.33999633789062,179.49325561523438,1809200
2018-09-04,187.49000549316406,188.57000732421875,185.5800018310547,186.07000732421875,177.3299102783203,2098100
2018-09-05,186.13999938964844,186.85000610351562,181.77999877929688,184.92999267578125,176.24343872070312,3997300
2018-09-06,184.47999572753906,185.6199951171875,181.91000366210938,185.17999267578125,176.48167419433594,2712400
2018-09-07,185.55999755859375,189.14999389648438,185.30999755859375,188.58999633789062,179.73150634765625,2255000
2018-09-10,188.60000610351562,189.7100067138672,186.25999450683594,186.36000061035156,177.60623168945312,1828300
2018-09-11,186.0,186.0,183.0,184.8699951171875,176.18621826171875,1603600
2018-09-12,185.07000732421875,187.35000610351562,183.82000732421875,186.88999938964844,178.11138916015625,1982500
2018-09-13,187.6300048828125,193.41000366210938,186.8800048828125,193.2100067138672,184.1344757080078,2989200
2018-09-14,193.57000732421875,195.67999267578125,192.86000061035156,195.11000061035156,185.94525146484375,2357700
2018-09-17,196.5,201.69000244140625,194.82000732421875,197.83999633789062,188.5469970703125,6532300
2018-09-18,198.08999633789062,201.5500030517578,196.0,200.07000732421875,190.67227172851562,4442100
2018-09-19,200.4199981689453,201.72000122070312,197.91000366210938,199.19000244140625,189.83360290527344,2835800
2018-09-20,200.2100067138672,201.63999938964844,200.16000366210938,201.3300018310547,191.873046875,2499900
2018-09-21,202.13999938964844,203.05999755859375,197.41000366210938,202.22999572753906,192.7308349609375,3695700
2018-09-24,200.9199981689453,203.66000366210938,200.57000732421875,203.24000549316406,193.693359375,2839400
2018-09-25,203.0500030517578,203.2899932861328,199.8000030517578,201.5,192.03509521484375,3064000
2018-09-26,202.10000610351562,204.0,200.82000732421875,202.42999267578125,192.92140197753906,2256500
2018-09-27,203.36000061035156,206.6300048828125,202.9600067138672,206.35000610351562,196.6572723388672,2573900
2018-09-28,205.02999877929688,208.72999572753906,204.22000122070312,208.25,198.46804809570312,3330600
2018-10-01,209.22000122070312,211.97999572753906,208.5500030517578,210.92999267578125,201.02212524414062,2407300
2018-10-02,211.0,211.6199951171875,209.85000610351562,210.58999633789062,200.69810485839844,2269600
2018-10-03,213.00999450683594,213.5800018310547,210.3800048828125,212.3300018310547,202.35638427734375,2100400
2018-10-04,212.39999389648438,213.4199981689453,210.97000122070312,212.6199951171875,202.63275146484375,2321600
2018-10-05,213.0,216.0,212.80999755859375,215.72000122070312,205.58714294433594,2401500
2018-10-08,214.7899932861328,215.4600067138672,210.02000427246094,212.89999389648438,202.8996124267578,2701200
2018-10-09,212.0,215.27999877929688,211.52000427246094,214.0399932861328,203.98605346679688,1764000
2018-10-10,213.82000732421875,215.36000061035156,209.7100067138672,209.97000122070312,200.10726928710938,2564400
2018-10-11,209.58999633789062,210.77000427246094,202.72999572753906,206.0,196.32371520996094,3605400
2018-10-12,207.75999450683594,209.83999633789062,205.99000549316406,207.08999633789062,197.3625030517578,2621600
2018-10-15,205.80999755859375,207.07000732421875,203.8300018310547,203.9199981689453,194.34144592285156,1791200
2018-10-16,206.83999633789062,212.47000122070312,206.38999938964844,211.9600067138672,202.00375366210938,2788200
2018-10-17,211.19000244140625,212.2100067138672,209.2100067138672,211.1999969482422,201.27944946289062,1456700
2018-10-18,211.35000610351562,213.0800018310547,209.07000732421875,212.74000549316406,202.74713134765625,1875100
2018-10-19,213.6999969482422,214.91000366210938,209.0,210.0,200.13584899902344,2055300
2018-10-22,209.77999877929688,211.4499969482422,207.39999389648438,208.8000030517578,198.99217224121094,1396000
2018-10-23,206.1699981689453,211.0800018310547,205.02000427246094,210.33999633789062,200.45985412597656,1844000
2018-10-24,209.77000427246094,210.92999267578125,201.58999633789062,201.9199981689453,192.43536376953125,2877700
2018-10-25,202.61000061035156,211.9199981689453,201.22999572753906,210.3699951171875,200.48843383789062,3653800
2018-10-26,208.14999389648438,208.3699951171875,204.0800018310547,206.69000244140625,196.98130798339844,2859000
2018-10-29,208.42999267578125,214.0,204.0500030517578,206.8699951171875,197.15283203125,1988100
2018-10-30,207.89999389648438,210.64999389648438,206.27000427246094,210.25999450683594,200.38363647460938,1994000
2018-10-31,212.0,214.4499969482422,209.27999877929688,213.80999755859375,203.76687622070312,2817300
2018-11-01,219.00999450683594,222.72000122070312,212.13999938964844,216.27999877929688,206.12086486816406,4115300
2018-11-02,216.75999450683594,218.0,212.07000732421875,213.1300048828125,203.11883544921875,2281300
2018-11-05,214.0,216.5800018310547,213.33999633789062,215.5,205.3774871826172,1355300
2018-11-06,215.0500030517578,215.9600067138672,213.47999572753906,214.24000549316406,204.1766815185547,2136800
2018-11-07,218.0,222.25,218.0,220.2899932861328,209.9425048828125,3238600
2018-11-08,220.60000610351562,221.19000244140625,219.32000732421875,220.49000549316406,210.13308715820312,3756800
2018-11-09,220.6699981689453,220.99000549316406,216.77000427246094,217.64999389648438,207.42645263671875,1794800
2018-11-12,217.0800018310547,219.16000366210938,216.4499969482422,217.4199981689453,207.20730590820312,1983700
2018-11-13,217.42999267578125,218.3699951171875,212.25999450683594,213.0500030517578,203.04257202148438,2883400
2018-11-14,213.55999755859375,214.66000366210938,210.9199981689453,212.35000610351562,202.3754425048828,2754400
2018-11-15,211.57000732421875,213.44000244140625,208.61000061035156,212.8000030517578,202.80433654785156,2405100
2018-11-16,213.2100067138672,215.11000061035156,212.38999938964844,213.72000122070312,203.68106079101562,1797000
2018-11-19,215.83999633789062,215.83999633789062,209.47000122070312,211.19000244140625,201.2699432373047,1397500
2018-11-20,211.22999572753906,211.8300018310547,207.24000549316406,207.77999877929688,198.0200958251953,1800500
2018-11-21,207.24000549316406,211.9600067138672,207.24000549316406,209.7100067138672,199.85946655273438,1839000
2018-11-23,208.83999633789062,213.16000366210938,207.19000244140625,211.16000366210938,201.24136352539062,535400
2018-11-26,213.1199951171875,218.3800048828125,211.52999877929688,216.27999877929688,206.12086486816406,2187800
2018-11-27,215.85000610351562,217.24000549316406,214.22000122070312,216.8000030517578,206.6164093017578,2278500
2018-11-28,216.5800018310547,222.52000427246094,215.47000122070312,221.72000122070312,211.3053436279297,2605500
2018-11-29,220.5,223.8300018310547,218.92999267578125,222.52000427246094,212.06773376464844,1890000
2018-11-30,223.19000244140625,223.9600067138672,219.92999267578125,223.3800048828125,212.8873291015625,2440900
2018-12-03,224.82000732421875,226.61000061035156,220.7899932861328,224.83999633789062,214.27879333496094,2704100
2018-12-04,225.4499969482422,226.19000244140625,217.2899932861328,217.83999633789062,207.60757446289062,2547900
2018-12-06,216.0399932861328,216.77999877929688,206.61000061035156,214.2899932861328,204.2243194580078,2854700
2018-12-07,213.38999938964844,215.11000061035156,204.27000427246094,206.11000061035156,196.42852783203125,2556400
2018-12-10,206.6300048828125,207.47000122070312,199.52999877929688,206.0800018310547,196.3999481201172,2017900
2018-12-11,207.72999572753906,210.1199951171875,204.05999755859375,205.94000244140625,196.2665252685547,1332300
2018-12-12,208.52999877929688,211.1999969482422,207.41000366210938,207.69000244140625,197.934326171875,2026600
2018-12-13,210.02000427246094,213.7100067138672,207.35000610351562,211.9499969482422,201.99423217773438,3082200
2018-12-14,210.83999633789062,211.5800018310547,202.66000366210938,205.3699951171875,195.7233123779297,3632200
2018-12-17,201.0,202.8699951171875,197.5500030517578,198.66000366210938,189.32846069335938,3935100
2018-12-18,201.52000427246094,202.38999938964844,190.32000732421875,192.05999755859375,183.03848266601562,3720100
2018-12-19,192.0399932861328,201.1300048828125,190.6999969482422,193.3000030517578,184.22027587890625,4751800
2018-12-20,194.80999755859375,194.80999755859375,178.3000030517578,179.8000030517578,171.3544158935547,8708800
2018-12-21,178.5399932861328,187.25999450683594,177.11000061035156,181.3000030517578,172.78392028808594,7237700
2018-12-24,180.5,181.42999267578125,176.52000427246094,178.00999450683594,169.6484832763672,2589000
2018-12-26,179.74000549316406,187.89999389648438,177.19000244140625,187.6300048828125,178.81661987304688,5037100
2018-12-27,185.75,192.7899932861328,183.38999938964844,192.7899932861328,183.73423767089844,4623600
2018-12-28,192.94000244140625,194.2100067138672,188.74000549316406,190.64999389648438,181.69473266601562,2820300
2018-12-31,191.07000732421875,191.92999267578125,188.00999450683594,189.9199981689453,180.9990234375,2871000
2019-01-02,187.69000244140625,188.9499969482422,184.3000030517578,187.1699981689453,178.37820434570312,3478200
2019-01-03,186.0,188.75,184.50999450683594,185.57000732421875,176.85336303710938,3614700
2019-01-04,186.88999938964844,191.1300048828125,185.3000030517578,188.69000244140625,179.82681274414062,2936200
2019-01-07,188.60000610351562,189.69000244140625,186.27999877929688,186.5,177.73968505859375,2340700
2019-01-08,187.52000427246094,190.27000427246094,185.00999450683594,189.92999267578125,181.00856018066406,3097300
2019-01-09,191.07000732421875,191.07000732421875,187.08999633789062,190.35000610351562,181.40882873535156,4118500
2019-01-10,190.1300048828125,191.9499969482422,188.2100067138672,191.77999877929688,182.7716522216797,2646300
2019-01-11,189.86000061035156,194.8300018310547,189.5500030517578,194.66000366210938,185.51638793945312,3923700
2019-01-14,193.67999267578125,194.58999633789062,191.67999267578125,192.0500030517578,183.02899169921875,2489900
2019-01-15,192.33999633789062,197.3300018310547,191.85000610351562,196.5500030517578,187.317626953125,2946000
2019-01-16,196.38999938964844,198.38999938964844,195.8300018310547,196.72999572753906,187.4891357421875,2911000
2019-01-17,195.41000366210938,196.72000122070312,193.08999633789062,194.5,185.3638916015625,2536700
2019-01-18,196.4499969482422,197.97999572753906,194.6199951171875,194.8300018310547,185.6783905029297,2521400
2019-01-22,193.63999938964844,195.42999267578125,192.5,193.0800018310547,184.01060485839844,3701000
2019-01-23,194.5,197.7100067138672,193.9499969482422,196.9199981689453,187.6702423095703,2241600
2019-01-24,196.38999938964844,197.42999267578125,193.0399932861328,193.07000732421875,184.00108337402344,1923200
2019-01-25,194.94000244140625,196.8699951171875,194.52999877929688,196.27999877929688,187.06027221679688,1988700
2019-01-28,195.55999755859375,195.83999633789062,193.11000061035156,195.0800018310547,185.91664123535156,1510100
2019-01-29,194.50999450683594,198.47999572753906,194.2899932861328,198.38999938964844,189.07118225097656,1575300
2019-01-30,199.25,200.27999877929688,195.27000427246094,199.8000030517578,190.4149627685547,2719500
2019-01-31,199.47999572753906,202.0500030517578,198.86000061035156,199.80999755859375,190.42446899414062,2894900
2019-02-01,195.0,199.3800048828125,188.61000061035156,194.05999755859375,184.94459533691406,5566700
2019-02-04,192.3300018310547,193.3800048828125,189.52999877929688,192.07000732421875,183.04806518554688,3346300
2019-02-05,192.72999572753906,193.2899932861328,186.00999450683594,186.4499969482422,177.69198608398438,4061100
2019-02-06,185.89999389648438,188.0,185.22000122070312,187.47999572753906,178.6736297607422,2268200
2019-02-07,185.8800048828125,186.80999755859375,183.60000610351562,185.9600067138672,177.2250518798828,2349200
2019-02-08,185.3300018310547,185.60000610351562,180.5,181.3699951171875,172.8506317138672,3036100
2019-02-11,181.61000061035156,183.02999877929688,180.8800048828125,182.88999938964844,174.2992706298828,3930300
2019-02-12,183.55999755859375,186.32000732421875,182.22000122070312,185.1199951171875,176.4244842529297,2836900
2019-02-13,185.47999572753906,189.35000610351562,185.25,188.8000030517578,179.931640625,2392100
2019-02-14,188.4499969482422,192.32000732421875,187.2899932861328,192.22000122070312,183.1909942626953,2363100
2019-02-15,193.85000610351562,198.1300048828125,193.00999450683594,197.8699951171875,188.5756072998047,2842700
2019-02-19,197.74000549316406,199.1300048828125,196.0399932861328,198.27999877929688,188.96633911132812,3208200
2019-02-20,197.74000549316406,197.89999389648438,193.6699981689453,194.1199951171875,185.00173950195312,3195800
2019-02-21,194.0,194.99000549316406,190.6300048828125,191.8699951171875,182.85743713378906,1601100
2019-02-22,192.02000427246094,194.3800048828125,190.13999938964844,193.77000427246094,184.66819763183594,1734100
2019-02-25,194.55999755859375,195.5399932861328,191.1699981689453,191.6199951171875,182.61917114257812,1886400
2019-02-26,191.6199951171875,191.6199951171875,188.0500030517578,188.14999389648438,179.31219482421875,1948200
2019-02-27,186.9499969482422,187.3800048828125,179.5,180.72000122070312,172.23117065429688,4645600
2019-02-28,180.0800018310547,180.97000122070312,173.24000549316406,174.44000244140625,166.24615478515625,5918900
2019-03-01,176.0,180.33999633789062,175.3699951171875,178.25,169.877197265625,3150400
2019-03-04,178.97999572753906,179.99000549316406,170.92999267578125,171.67999267578125,163.6157989501953,3045900
2019-03-05,171.91000366210938,172.63999938964844,168.22999572753906,170.11000061035156,162.11956787109375,3938100
2019-03-06,169.82000732421875,169.91000366210938,164.52999877929688,164.91000366210938,157.163818359375,2440600
2019-03-07,165.11000061035156,165.97000122070312,162.4199981689453,163.80999755859375,156.11549377441406,3355900
2019-03-08,162.9499969482422,165.75999450683594,162.5500030517578,163.13999938964844,155.51495361328125,2011700
2019-03-11,163.30999755859375,164.97000122070312,162.44000244140625,163.6300048828125,155.98204040527344,2090800
2019-03-12,164.47000122070312,166.85000610351562,164.0500030517578,164.3000030517578,156.62071228027344,1997800
2019-03-13,165.47999572753906,169.60000610351562,164.9499969482422,168.0,160.14779663085938,2659900
2019-03-14,168.83999633789062,171.0800018310547,168.30999755859375,169.55999755859375,161.63485717773438,3755200
2019-03-15,169.5,170.60000610351562,166.22999572753906,166.4499969482422,158.6702117919922,3753100
2019-03-18,166.5500030517578,167.97000122070312,166.4499969482422,167.11000061035156,159.29937744140625,1696400
2019-03-19,167.8800048828125,173.41000366210938,167.4600067138672,172.77999877929688,164.70436096191406,3452200
2019-03-20,172.1999969482422,173.4199981689453,167.6699981689453,167.8699951171875,160.02386474609375,2314700
2019-03-21,167.0,169.7100067138672,167.0,168.8699951171875,160.9771270751953,1625000
2019-03-22,168.25999450683594,168.6300048828125,165.22999572753906,166.08999633789062,158.32704162597656,1595600
2019-03-25,165.3800048828125,165.3800048828125,162.4499969482422,163.77000427246094,156.115478515625,1654400
2019-03-26,164.38999938964844,164.57000732421875,159.91000366210938,160.74000549316406,153.22711181640625,2614000
2019-03-27,160.4499969482422,161.77000427246094,158.5800018310547,159.7899932861328,152.32151794433594,1949800
2019-03-28,159.7899932861328,161.0399932861328,158.7899932861328,159.69000244140625,152.22616577148438,1682700
2019-03-29,160.0800018310547,161.7899932861328,158.7100067138672,160.82000732421875,153.3033905029297,3332000
2019-04-01,162.6199951171875,163.08999633789062,160.44000244140625,161.8699951171875,154.30429077148438,1894500
2019-04-02,162.4499969482422,162.49000549316406,158.52999877929688,158.6199951171875,151.20620727539062,2712800
2019-04-03,159.25,161.22999572753906,158.0,159.0,151.5684356689453,2286400
2019-04-04,159.0,161.66000366210938,158.36000061035156,161.47999572753906,153.93251037597656,1703700
2019-04-05,162.64999389648438,167.4499969482422,162.3800048828125,166.1300048828125,158.36517333984375,3692900
2019-04-08,166.1699981689453,167.52999877929688,164.64999389648438,167.39999389648438,159.57582092285156,2385400
2019-04-09,166.4600067138672,170.88999938964844,165.17999267578125,169.1300048828125,161.22496032714844,2742600
2019-04-10,168.44000244140625,169.69000244140625,166.88999938964844,168.1999969482422,160.33843994140625,2082300
2019-04-11,168.3000030517578,168.3800048828125,162.36000061035156,164.00999450683594,156.34425354003906,3368000
2019-04-12,164.94000244140625,165.0,159.72999572753906,160.60000610351562,153.0936279296875,3592700
2019-04-15,161.69000244140625,165.50999450683594,160.16000366210938,163.82000732421875,156.16314697265625,2669700
2019-04-16,166.6999969482422,167.25999450683594,150.50999450683594,151.0399932861328,143.98045349121094,6383100
2019-04-17,151.11000061035156,151.75999450683594,141.9499969482422,145.49000549316406,138.6898651123047,8670300
2019-04-18,145.9499969482422,149.0500030517578,144.24000549316406,149.0,142.0358123779297,5347700
2019-04-22,149.50999450683594,151.72000122070312,147.74000549316406,147.99000549316406,141.07305908203125,2654200
2019-04-23,148.77000427246094,155.7899932861328,148.6999969482422,153.82000732421875,146.63052368164062,4360000
2019-04-24,153.3800048828125,154.44000244140625,151.52999877929688,154.22000122070312,147.0118408203125,1821200
2019-04-25,153.24000549316406,157.72000122070312,152.1300048828125,156.80999755859375,149.48080444335938,2290900
2019-04-26,157.11000061035156,161.16000366210938,157.02999877929688,160.94000244140625,153.4177703857422,2343900
2019-04-29,160.94000244140625,161.3800048828125,158.30999755859375,160.6699981689453,153.160400390625,1795300
2019-04-30,161.14999389648438,161.1699981689453,156.14999389648438,158.83999633789062,151.41590881347656,3430200
2019-05-01,158.9199981689453,162.8300018310547,158.2899932861328,162.0,154.42822265625,3204400
2019-05-02,163.77999877929688,163.99000549316406,152.5,158.22000122070312,150.82489013671875,4885300
2019-05-03,158.1699981689453,158.74000549316406,149.80999755859375,152.8300018310547,145.68679809570312,5762400
2019-05-06,151.16000366210938,159.35000610351562,150.25,158.8000030517578,151.3778076171875,3249500
2019-05-07,157.60000610351562,158.89999389648438,153.2100067138672,155.16000366210938,147.9078826904297,2350500
2019-05-08,154.99000549316406,157.8000030517578,153.42999267578125,156.50999450683594,149.19479370117188,1800900
2019-05-09,154.83999633789062,157.3699951171875,154.00999450683594,155.86000061035156,148.5751953125,1682200
2019-05-10,156.13999938964844,158.6699981689453,153.42999267578125,158.44000244140625,151.03457641601562,2195600
2019-05-13,155.4600067138672,157.66000366210938,154.1699981689453,157.32000732421875,149.9669647216797,2341000
2019-05-14,157.32000732421875,158.6999969482422,155.25,155.2899932861328,148.03184509277344,2778500
2019-05-15,155.14999389648438,155.99000549316406,151.22000122070312,155.27000427246094,148.01278686523438,2094100
2019-05-16,155.00999450683594,158.0399932861328,153.38999938964844,153.7899932861328,146.6019287109375,2208700
2019-05-17,153.3800048828125,157.0,153.1300048828125,154.86000061035156,147.62196350097656,1558400
2019-05-20,154.0,155.8300018310547,152.8000030517578,153.6699981689453,146.48753356933594,2028800
2019-05-21,154.19000244140625,156.22999572753906,152.94000244140625,154.66000366210938,147.43125915527344,2979600
2019-05-22,154.97000122070312,154.97000122070312,150.8800048828125,152.8300018310547,145.68679809570312,2531000
2019-05-23,151.35000610351562,152.39999389648438,149.00999450683594,150.00999450683594,142.99859619140625,2370600
2019-05-24,150.33999633789062,150.8300018310547,148.75,149.47999572753906,142.49337768554688,2269700
2019-05-28,149.22000122070312,150.22999572753906,146.25999450683594,146.49000549316406,139.6431427001953,4552300
2019-05-29,145.92999267578125,148.9600067138672,144.42999267578125,148.41000366210938,141.47340393066406,2054400
2019-05-30,148.2100067138672,149.6699981689453,147.0,147.99000549316406,141.07305908203125,1291500
2019-05-31,146.88999938964844,148.3800048828125,145.00999450683594,148.02000427246094,141.1016387939453,2375600
2019-06-03,147.61000061035156,151.25,147.5,150.41000366210938,143.3799285888672,2479200
2019-06-04,151.88999938964844,154.7899932861328,151.42999267578125,154.0500030517578,146.84982299804688,2251100
2019-06-05,155.3800048828125,155.3800048828125,152.13999938964844,153.80999755859375,146.62100219726562,2194000
2019-06-06,153.6999969482422,154.66000366210938,153.1199951171875,153.72000122070312,146.5352325439453,1300600
2019-06-07,154.44000244140625,158.0,153.92999267578125,157.47000122070312,150.1099395751953,1862400
2019-06-10,157.8699951171875,158.47999572753906,156.3300018310547,156.5500030517578,149.23294067382812,1465300
2019-06-11,156.89999389648438,158.3800048828125,156.05999755859375,156.36000061035156,149.0518035888672,1263300
2019-06-12,155.8000030517578,156.42999267578125,154.60000610351562,156.07000732421875,148.77540588378906,1242000
2019-06-13,156.50999450683594,158.1999969482422,155.52000427246094,158.11000061035156,150.7200469970703,952000
2019-06-14,158.33999633789062,159.91000366210938,156.69000244140625,158.41000366210938,151.00601196289062,1473600
2019-06-17,158.4600067138672,159.6699981689453,158.02999877929688,159.11000061035156,151.67330932617188,979000
2019-06-18,160.0,161.07000732421875,158.6999969482422,159.83999633789062,152.36917114257812,1561800
2019-06-19,160.0,161.6999969482422,157.97000122070312,160.1999969482422,152.7123565673828,2386500
2019-06-20,160.6199951171875,160.82000732421875,158.75999450683594,159.75,152.28334045410156,1546400
2019-06-21,160.27999877929688,162.61000061035156,158.6199951171875,161.14999389648438,153.61793518066406,3055000
2019-06-24,161.0,161.0,159.00999450683594,160.4600067138672,152.96018981933594,1404400
2019-06-25,159.55999755859375,160.82000732421875,158.83999633789062,160.0800018310547,152.59796142578125,1245800
2019-06-26,160.25,160.63999938964844,156.3699951171875,156.91000366210938,149.5761260986328,1530400
2019-06-27,157.27999877929688,158.7100067138672,156.36000061035156,157.88999938964844,150.5102996826172,1362300
2019-06-28,158.0500030517578,159.13999938964844,156.50999450683594,157.5500030517578,150.18621826171875,3249500
2019-07-01,158.9199981689453,159.83999633789062,157.91000366210938,158.75,151.3301239013672,1715000
2019-07-02,158.9199981689453,161.83999633789062,157.32000732421875,161.80999755859375,154.2471160888672,1738000
2019-07-03,162.32000732421875,165.94000244140625,162.0,164.8300018310547,157.12594604492188,1159500
2019-07-05,164.02000427246094,165.1999969482422,162.83999633789062,163.44000244140625,155.80088806152344,862800
2019-07-08,163.25,163.4499969482422,160.16000366210938,161.72999572753906,154.1708221435547,1202300
2019-07-09,160.19000244140625,161.32000732421875,159.4499969482422,159.72999572753906,152.26431274414062,1007100
2019-07-10,159.92999267578125,161.2899932861328,159.3000030517578,160.50999450683594,153.00782775878906,948600
2019-07-11,179.52999877929688,185.77000427246094,173.0,175.33999633789062,167.1446990966797,10064800
2019-07-12,174.89999389648438,179.6999969482422,174.25,179.2100067138672,170.8338165283203,3821800
2019-07-15,179.0500030517578,179.82000732421875,176.36000061035156,177.02999877929688,168.75572204589844,1806300
2019-07-16,177.5399932861328,182.1199951171875,176.66000366210938,179.9600067138672,171.54879760742188,3057700
2019-07-17,178.41000366210938,181.85000610351562,178.05999755859375,178.47999572753906,170.13796997070312,1529700
2019-07-18,177.7899932861328,179.32000732421875,174.3000030517578,176.94000244140625,168.669921875,1719600
2019-07-19,177.60000610351562,177.60000610351562,173.47999572753906,173.69000244140625,165.5718231201172,1120800
2019-07-22,173.77999877929688,173.77999877929688,170.4600067138672,170.61000061035156,162.6357879638672,1687000
2019-07-23,170.47999572753906,172.9600067138672,168.66000366210938,172.10000610351562,164.05615234375,1642800
2019-07-24,170.89999389648438,171.5399932861328,165.50999450683594,171.27999877929688,163.27444458007812,1817100
2019-07-25,170.72000122070312,170.88999938964844,166.10000610351562,166.5500030517578,158.76556396484375,2040700
2019-07-26,167.4199981689453,167.6300048828125,165.94000244140625,167.3000030517578,159.48049926757812,1801700
2019-07-29,166.77999877929688,172.49000549316406,166.77999877929688,172.24000549316406,164.18960571289062,1563400
2019-07-30,170.57000732421875,172.44000244140625,169.17999267578125,172.25,164.19911193847656,878900
2019-07-31,173.5399932861328,173.66000366210938,169.27000427246094,169.9199981689453,161.97802734375,2017300
2019-08-01,170.0399932861328,173.00999450683594,165.0500030517578,167.55999755859375,159.7283172607422,3175900
2019-08-02,167.8699951171875,169.14999389648438,162.33999633789062,164.5800018310547,156.8876190185547,1905900
2019-08-05,162.36000061035156,163.27999877929688,157.1300048828125,159.0,151.5684356689453,2570500
2019-08-06,163.0,164.42999267578125,159.58999633789062,163.72000122070312,156.0678253173828,3088100
2019-08-07,161.57000732421875,166.8300018310547,160.3800048828125,166.47999572753906,158.6988067626953,1806300
2019-08-08,166.6199951171875,167.99000549316406,164.8800048828125,166.60000610351562,158.81320190429688,1590900
2019-08-09,166.50999450683594,170.83999633789062,166.32000732421875,169.89999389648438,161.95896911621094,1664900
2019-08-12,168.3800048828125,169.64999389648438,165.0399932861328,165.61000061035156,157.86949157714844,1313800
2019-08-13,165.61000061035156,170.08999633789062,165.61000061035156,169.47000122070312,161.54908752441406,1321900
2019-08-14,166.60000610351562,166.86000061035156,160.0399932861328,160.17999267578125,152.6932830810547,2839100
2019-08-15,161.02000427246094,161.2100067138672,157.1300048828125,159.6999969482422,152.23573303222656,1743200
2019-08-16,160.3300018310547,163.1699981689453,157.1300048828125,161.24000549316406,153.7037353515625,1453000
2019-08-19,163.0500030517578,164.77999877929688,162.72999572753906,162.97999572753906,155.36239624023438,1265400
2019-08-20,162.55999755859375,164.02999877929688,160.6999969482422,161.14999389648438,153.61793518066406,1250500
2019-08-21,162.64999389648438,164.0500030517578,161.57000732421875,162.33999633789062,154.75234985351562,1263600
2019-08-22,162.39999389648438,162.39999389648438,155.41000366210938,155.77999877929688,148.49891662597656,2060100
2019-08-23,155.0,157.0800018310547,152.2899932861328,153.3000030517578,146.13482666015625,2201800
2019-08-26,154.22999572753906,154.50999450683594,152.1999969482422,152.91000366210938,145.7630615234375,1529200
2019-08-27,153.19000244140625,153.5399932861328,146.22999572753906,146.27000427246094,139.43344116210938,2794300
2019-08-28,146.27999877929688,149.3800048828125,145.50999450683594,147.4499969482422,140.55828857421875,2343300
2019-08-29,149.08999633789062,152.8300018310547,148.9199981689453,152.5,145.37225341796875,2045200
2019-08-30,153.3000030517578,155.3699951171875,152.5399932861328,153.97000122070312,146.7735595703125,1553500
2019-09-03,152.82000732421875,155.3300018310547,152.1199951171875,154.99000549316406,147.74588012695312,2994000
2019-09-04,156.44000244140625,157.5800018310547,152.5399932861328,152.94000244140625,145.7916717529297,1915700
2019-09-05,154.88999938964844,154.88999938964844,150.94000244140625,151.0,143.94235229492188,2092900
2019-09-06,150.86000061035156,154.72000122070312,150.0,153.8000030517578,146.61146545410156,2031300
2019-09-09,155.1699981689453,162.58999633789062,154.64999389648438,162.16000366210938,154.5807342529297,2945400
2019-09-10,162.38999938964844,166.9600067138672,160.27000427246094,164.99000549316406,157.27847290039062,2936500
2019-09-11,164.4199981689453,165.4600067138672,160.19000244140625,161.88999938964844,154.3233642578125,2194500
2019-09-12,165.1300048828125,165.27999877929688,158.75,158.97999572753906,151.5493621826172,3362700
2019-09-13,160.10000610351562,162.99000549316406,159.5500030517578,160.85000610351562,153.33197021484375,2194900
2019-09-16,159.97999572753906,165.6199951171875,159.97999572753906,165.5,157.76463317871094,1558600
2019-09-17,164.08999633789062,165.75999450683594,160.7899932861328,161.5,153.9515838623047,1620000
2019-09-18,160.52999877929688,161.9600067138672,159.3800048828125,160.44000244140625,152.9411163330078,1563100
2019-09-19,161.02000427246094,166.6999969482422,160.58999633789062,164.7100067138672,157.0115509033203,2006900
2019-09-20,165.5399932861328,166.72000122070312,161.32000732421875,161.3800048828125,153.83718872070312,2695700
2019-09-23,160.57000732421875,161.39999389648438,159.69000244140625,160.14999389648438,152.66465759277344,2112500
2019-09-24,160.7899932861328,161.61000061035156,156.72999572753906,157.91000366210938,150.5293731689453,1842600
2019-09-25,157.4600067138672,158.4600067138672,154.91000366210938,155.22000122070312,147.96510314941406,1689600
2019-09-26,155.91000366210938,156.3000030517578,149.4600067138672,149.7899932861328,142.7888946533203,3523500
2019-09-27,150.61000061035156,152.0399932861328,148.1300048828125,149.47999572753906,142.49337768554688,2463900
2019-09-30,150.52999877929688,152.88999938964844,148.22999572753906,151.7899932861328,144.69541931152344,1993700
2019-10-01,152.9600067138672,153.10000610351562,147.9199981689453,150.42999267578125,143.39898681640625,2231800
2019-10-02,149.2100067138672,152.0500030517578,148.41000366210938,149.24000549316406,142.26458740234375,2563800
2019-10-03,149.02000427246094,150.0399932861328,147.80999755859375,148.61000061035156,141.66404724121094,2010100
2019-10-04,148.3699951171875,151.25999450683594,148.0,150.74000549316406,143.6945037841797,2097400
2019-10-07,150.58999633789062,151.85000610351562,149.14999389648438,149.1999969482422,142.2264862060547,2216600
2019-10-08,147.97999572753906,148.77999877929688,146.5,147.19000244140625,140.31044006347656,1854900
2019-10-09,148.38999938964844,149.99000549316406,147.38999938964844,149.58999633789062,142.5982208251953,1796900
2019-10-10,149.10000610351562,152.4600067138672,148.5500030517578,150.8300018310547,143.78028869628906,2215600
2019-10-11,152.5399932861328,155.99000549316406,151.72999572753906,152.39999389648438,145.27691650390625,1946100
2019-10-14,152.2100067138672,152.8000030517578,150.7899932861328,151.5800018310547,144.4952392578125,1304300
2019-10-15,155.3000030517578,161.33999633789062,155.10000610351562,160.16000366210938,152.67420959472656,2792200
2019-10-16,159.74000549316406,161.67999267578125,157.80999755859375,161.47000122070312,153.92295837402344,1822100
2019-10-17,161.72999572753906,165.2899932861328,161.47000122070312,164.77000427246094,157.06875610351562,1796000
2019-10-18,165.83999633789062,167.3800048828125,163.8300018310547,166.8800048828125,159.08013916015625,2030300
2019-10-21,166.9499969482422,168.05999755859375,165.85000610351562,166.74000549316406,158.94668579101562,1891200
2019-10-22,166.0800018310547,172.22999572753906,166.0800018310547,170.3800048828125,162.4165496826172,2379000
2019-10-23,170.1999969482422,173.52999877929688,169.0,172.91000366210938,164.82830810546875,2088700
2019-10-24,172.8699951171875,173.6699981689453,168.0,170.11000061035156,162.15916442871094,1974300
2019-10-25,169.99000549316406,172.14999389648438,168.8699951171875,171.49000549316406,163.4746856689453,1325300
2019-10-28,171.67999267578125,175.74000549316406,171.3699951171875,174.7899932861328,166.62042236328125,2019300
2019-10-29,174.60000610351562,178.1300048828125,174.32000732421875,177.97999572753906,169.66131591796875,1927000
2019-10-30,176.5500030517578,177.64999389648438,175.44000244140625,176.44000244140625,168.1932830810547,2033200
2019-10-31,178.25,179.5,171.64999389648438,178.4600067138672,170.11886596679688,3971400
2019-11-01,179.2100067138672,184.55999755859375,178.0,179.50999450683594,171.1197967529297,3425800
2019-11-04,181.30999755859375,183.67999267578125,178.4499969482422,183.1199951171875,174.56106567382812,2451400
2019-11-05,184.0,184.74000549316406,181.67999267578125,181.85000610351562,173.3504638671875,2581100
2019-11-06,182.97000122070312,184.44000244140625,181.74000549316406,183.1300048828125,174.57061767578125,1763600
2019-11-07,184.02999877929688,186.5,183.4600067138672,185.33999633789062,176.67730712890625,1356000
2019-11-08,186.0,189.27999877929688,185.25999450683594,188.1999969482422,179.4036407470703,1461300
2019-11-11,185.89999389648438,187.47000122070312,185.07000732421875,187.16000366210938,178.41224670410156,1390400
2019-11-12,186.47000122070312,190.5399932861328,186.25,188.97000122070312,180.1376495361328,1831900
2019-11-13,187.9499969482422,191.74000549316406,187.22000122070312,190.25,181.35781860351562,1463000
2019-11-14,190.33999633789062,191.7100067138672,189.00999450683594,189.6999969482422,180.83352661132812,1534900
2019-11-15,190.38999938964844,198.63999938964844,188.27999877929688,196.00999450683594,186.84860229492188,3056600
2019-11-18,197.3800048828125,202.85000610351562,195.75,198.3800048828125,189.10781860351562,2818800
2019-11-19,198.72999572753906,200.38999938964844,196.3300018310547,200.02000427246094,190.6711883544922,1666100
2019-11-20,199.0,200.60000610351562,197.1699981689453,199.91000366210938,190.5663299560547,1633000
2019-11-21,200.27000427246094,201.42999267578125,198.10000610351562,201.2100067138672,191.80555725097656,1359200
2019-11-22,202.0,202.8800048828125,200.32000732421875,201.85000610351562,192.41563415527344,1492300
2019-11-25,202.0,205.24000549316406,201.83999633789062,203.8699951171875,194.34124755859375,2419700
2019-11-26,204.38999938964844,204.38999938964844,199.38999938964844,200.3699951171875,191.0048370361328,2201100
2019-11-27,200.5,202.58999633789062,198.5,200.02999877929688,190.68072509765625,2042000
2019-11-29,200.02999877929688,200.7899932861328,198.5,199.9199981689453,190.5758514404297,812000
2019-12-02,199.9199981689453,200.38999938964844,196.83999633789062,196.94000244140625,187.7351531982422,1498900
2019-12-03,193.94000244140625,195.97999572753906,192.5399932861328,195.3300018310547,186.2003936767578,1975900
2019-12-04,196.41000366210938,197.99000549316406,195.2899932861328,196.74000549316406,187.5445098876953,1820300
2019-12-05,196.6999969482422,196.82000732421875,193.5800018310547,195.58999633789062,186.44821166992188,1526300
2019-12-06,197.50999450683594,199.94000244140625,197.08999633789062,198.92999267578125,189.63211059570312,1658000
2019-12-09,198.0800018310547,198.83999633789062,195.85000610351562,195.9499969482422,186.7913818359375,1376600
2019-12-10,195.67999267578125,195.67999267578125,189.52000427246094,191.7100067138672,182.74957275390625,3335200
2019-12-11,191.49000549316406,193.5,189.8300018310547,191.75,182.7877197265625,1971100
2019-12-12,192.3300018310547,194.89999389648438,191.11000061035156,193.55999755859375,184.51309204101562,2013100
2019-12-13,193.91000366210938,194.9600067138672,188.8000030517578,189.8699951171875,180.99560546875,2090900
2019-12-16,191.80999755859375,197.22999572753906,191.0,195.1300048828125,186.00973510742188,1867500
2019-12-17,194.5800018310547,196.3300018310547,192.0800018310547,193.52000427246094,184.47499084472656,1701700
2019-12-18,195.0,199.8000030517578,194.58999633789062,198.1999969482422,188.93624877929688,2439600
2019-12-19,198.2100067138672,199.99000549316406,197.80999755859375,198.72000122070312,189.43191528320312,1683500
2019-12-20,201.55999755859375,206.24000549316406,201.55999755859375,204.58999633789062,195.02757263183594,4943200
2019-12-23,203.97000122070312,207.27999877929688,203.3699951171875,206.47000122070312,196.8197021484375,1901000
2019-12-24,206.52999877929688,206.92999267578125,204.0,204.00999450683594,194.4746856689453,531000
2019-12-26,204.50999450683594,205.35000610351562,203.97999572753906,204.3800048828125,194.82740783691406,743100
2019-12-27,204.44000244140625,204.9499969482422,203.58999633789062,204.0,194.4651641845703,1053600
2019-12-30,203.6999969482422,204.58999633789062,202.3800048828125,202.97000122070312,193.4833221435547,954800
2019-12-31,202.8800048828125,204.7100067138672,202.00999450683594,204.49000549316406,194.9322509765625,1483600
2020-01-02,205.38999938964844,205.85000610351562,202.08999633789062,204.94000244140625,195.36122131347656,1372600
2020-01-03,202.00999450683594,204.38999938964844,200.8000030517578,203.17999267578125,193.6834716796875,1387300
2020-01-06,202.0,207.16000366210938,201.9499969482422,206.9199981689453,197.24868774414062,1243000
2020-01-07,206.17999267578125,208.77999877929688,205.27999877929688,207.92999267578125,198.21144104003906,1354600
2020-01-08,207.92999267578125,211.72000122070312,207.19000244140625,211.41000366210938,201.5288543701172,1483600
2020-01-09,210.02999877929688,212.22999572753906,209.0,210.85000610351562,200.99502563476562,2018200
2020-01-10,212.11000061035156,212.35000610351562,209.6999969482422,210.27999877929688,200.4516143798828,1034800
2020-01-13,208.50999450683594,209.0,201.9600067138672,203.50999450683594,193.99807739257812,2376600
2020-01-14,203.25999450683594,206.9499969482422,203.02000427246094,205.19000244140625,195.59951782226562,1499100
2020-01-15,205.19000244140625,210.4199981689453,205.19000244140625,208.22999572753906,198.49745178222656,1799700
2020-01-16,209.41000366210938,211.25999450683594,208.5,210.9499969482422,201.09031677246094,1387500
2020-01-17,210.9600067138672,212.63999938964844,209.22999572753906,212.52000427246094,202.58692932128906,1680000
2020-01-21,211.67999267578125,214.44000244140625,210.39999389648438,213.0,203.0444793701172,2192200
2020-01-22,213.3000030517578,213.8000030517578,210.3699951171875,211.25999450683594,201.3858184814453,1468700
2020-01-23,211.0399932861328,213.3800048828125,209.8300018310547,212.6999969482422,202.758544921875,1511600
2020-01-24,212.7100067138672,212.99000549316406,204.74000549316406,206.00999450683594,196.38119506835938,1882200
2020-01-27,202.1999969482422,202.61000061035156,196.64999389648438,199.9499969482422,190.60443115234375,1498300
2020-01-28,201.35000610351562,206.1199951171875,200.6300048828125,205.3300018310547,195.7329864501953,1603400
2020-01-29,204.86000061035156,206.4199981689453,201.72000122070312,202.5399932861328,193.07337951660156,1849500
2020-01-30,200.50999450683594,201.52999877929688,194.8699951171875,196.99000549316406,187.78282165527344,3180000
2020-01-31,195.3800048828125,195.82000732421875,191.08999633789062,192.3800048828125,183.38829040527344,1816000
2020-02-03,193.82000732421875,196.0800018310547,191.17999267578125,191.77000427246094,182.80677795410156,2356200
2020-02-04,194.16000366210938,198.7100067138672,193.89999389648438,196.86000061035156,187.65884399414062,1955700
2020-02-05,200.08999633789062,207.5,200.08999633789062,206.47999572753906,196.82920837402344,2122600
2020-02-06,210.25,216.17999267578125,207.8300018310547,211.86000061035156,201.957763671875,3006200
2020-02-07,210.6699981689453,212.7899932861328,208.00999450683594,208.9199981689453,199.15518188476562,2046800
2020-02-10,208.02999877929688,211.89999389648438,207.50999450683594,210.32000732421875,200.48974609375,2041400
2020-02-11,212.35000610351562,215.3300018310547,210.39999389648438,215.17999267578125,205.12261962890625,1815100
2020-02-12,217.82000732421875,224.63999938964844,217.0,222.55999755859375,212.1576690673828,2720700
2020-02-13,220.3300018310547,224.25,220.3300018310547,221.88999938964844,211.5189666748047,2115900
2020-02-14,221.63999938964844,222.27999877929688,218.92999267578125,220.33999633789062,210.04144287109375,2077300
2020-02-18,220.33999633789062,224.57000732421875,219.42999267578125,221.9499969482422,211.57618713378906,1956100
2020-02-19,221.5,223.5800018310547,219.5,221.44000244140625,211.0900115966797,1615200
2020-02-20,219.30999755859375,221.74000549316406,216.2100067138672,220.41000366210938,210.108154296875,2206200
2020-02-21,218.57000732421875,219.82000732421875,216.77000427246094,217.19000244140625,207.03863525390625,1469800
2020-02-24,207.8699951171875,210.1199951171875,200.0500030517578,200.36000061035156,190.9952850341797,3114500
2020-02-25,203.33999633789062,203.94000244140625,189.36000061035156,191.75999450683594,182.79722595214844,2824100
2020-02-26,193.72000122070312,195.5,188.5399932861328,188.9199981689453,180.08999633789062,2869700
2020-02-27,184.49000549316406,189.7899932861328,181.72000122070312,181.92999267578125,173.4266815185547,3101300
2020-02-28,176.25,184.58999633789062,174.22000122070312,182.94000244140625,174.38951110839844,5465700
2020-03-02,183.41000366210938,194.5399932861328,180.41000366210938,194.33999633789062,185.2566680908203,3901200
2020-03-03,194.33999633789062,203.8800048828125,186.89999389648438,189.25,180.4045867919922,3570000
2020-03-04,208.0399932861328,211.94000244140625,205.35000610351562,209.5399932861328,199.74618530273438,6127800
2020-03-05,203.02999877929688,206.35000610351562,198.6300048828125,200.92999267578125,191.53866577148438,3106900
2020-03-06,194.2100067138672,196.5500030517578,188.0,195.52000427246094,186.38150024414062,3447900
2020-03-09,181.25999450683594,186.35000610351562,173.89999389648438,181.60000610351562,173.1475372314453,3897800
2020-03-10,187.7899932861328,198.6999969482422,186.02999877929688,197.77000427246094,188.5648956298828,4188200
2020-03-11,191.24000549316406,196.5399932861328,183.5399932861328,187.22999572753906,178.5155029296875,4106600
2020-03-12,175.16000366210938,181.44000244140625,163.5800018310547,164.27000427246094,156.62417602539062,4830200
2020-03-13,172.69000244140625,180.0,164.22999572753906,179.8699951171875,171.49806213378906,5081600
2020-03-16,150.0,162.38999938964844,145.24000549316406,150.69000244140625,143.6762237548828,3340800
2020-03-17,154.2100067138672,162.75,148.27999877929688,155.08999633789062,147.87144470214844,3765400
2020-03-18,145.0,146.0,118.5,142.91000366210938,136.2583465576172,4199600
2020-03-19,141.60000610351562,149.57000732421875,134.10000610351562,146.52000427246094,139.70033264160156,3987400
2020-03-20,149.32000732421875,150.63999938964844,139.82000732421875,142.08999633789062,135.4765167236328,4711700
2020-03-23,140.25,140.4600067138672,126.0,130.05999755859375,124.00643920898438,4226400
2020-03-24,141.94000244140625,147.64999389648438,136.5500030517578,147.1999969482422,140.3486785888672,5464300
2020-03-25,145.0,165.5399932861328,143.0,156.82000732421875,149.52088928222656,4232900
2020-03-26,158.30999755859375,170.85000610351562,154.41000366210938,169.5399932861328,161.64883422851562,4059400
2020-03-27,160.74000549316406,167.7899932861328,159.8000030517578,161.2899932861328,153.78285217285156,3563000
2020-03-30,162.74000549316406,178.94000244140625,162.74000549316406,178.25999450683594,169.96299743652344,3677400
2020-03-31,176.97999572753906,181.97999572753906,173.5,177.17999267578125,168.93324279785156,4427600
2020-04-01,169.72000122070312,174.27000427246094,167.38999938964844,173.07000732421875,165.0145721435547,2993300
2020-04-02,168.44000244140625,172.92999267578125,164.2899932861328,168.80999755859375,160.9528350830078,2501400
2020-04-03,167.3300018310547,169.77000427246094,159.38999938964844,163.83999633789062,156.21417236328125,2271700
2020-04-06,171.67999267578125,176.6999969482422,170.39999389648438,173.49000549316406,165.41500854492188,3060600
2020-04-07,181.47000122070312,186.41000366210938,176.2100067138672,177.1699981689453,168.92373657226562,2351500
2020-04-08,179.63999938964844,189.25,175.13999938964844,186.22000122070312,177.55250549316406,2548700
2020-04-09,186.88999938964844,188.64999389648438,180.75,181.8300018310547,173.36683654785156,2485600
2020-04-13,180.50999450683594,182.0,174.0500030517578,177.47999572753906,169.21929931640625,1682800
2020-04-14,181.0399932861328,188.33999633789062,181.0399932861328,185.6199951171875,176.98040771484375,1799300
2020-04-15,182.75999450683594,187.6199951171875,179.22999572753906,182.60000610351562,174.1009979248047,2597600
2020-04-16,184.75,196.3300018310547,183.25,195.35000610351562,186.25753784179688,2678800
2020-04-17,198.6300048828125,199.35000610351562,190.6999969482422,194.1300048828125,185.09434509277344,3482700
2020-04-20,191.49000549316406,193.52999877929688,188.3800048828125,188.6999969482422,179.9170684814453,1861500
2020-04-21,184.0399932861328,188.0,177.75,177.91000366210938,169.62928771972656,2452800
2020-04-22,182.94000244140625,187.80999755859375,180.85000610351562,182.58999633789062,174.0914764404297,1756800
2020-04-23,183.0,186.4499969482422,182.64999389648438,184.27999877929688,175.70278930664062,1024000
2020-04-24,185.52999877929688,188.8300018310547,183.0,188.1999969482422,179.4403533935547,1346700
2020-04-27,190.3699951171875,193.94000244140625,190.0,192.80999755859375,183.83578491210938,1529700
2020-04-28,196.52999877929688,196.99000549316406,184.8300018310547,189.58999633789062,180.76565551757812,1347600
2020-04-29,192.91000366210938,197.32000732421875,187.8000030517578,195.8699951171875,186.75335693359375,1844500
2020-04-30,197.25,202.75,194.11000061035156,195.77999877929688,186.6675262451172,2732700
2020-05-01,192.0,194.8800048828125,185.36000061035156,187.08999633789062,178.38198852539062,1614200
2020-05-04,181.0,186.4199981689453,180.52999877929688,184.61000061035156,176.0174560546875,1525600
2020-05-05,187.02999877929688,192.7899932861328,186.61000061035156,190.38999938964844,181.52841186523438,1440300
2020-05-06,192.27999877929688,193.42999267578125,183.00999450683594,183.42999267578125,174.89234924316406,1438600
2020-05-07,185.52000427246094,187.69000244140625,183.3000030517578,184.17999267578125,175.6074676513672,1127400
2020-05-08,187.1199951171875,189.42999267578125,186.10000610351562,189.27000427246094,180.46055603027344,1300600
2020-05-11,187.6300048828125,191.5399932861328,187.55999755859375,188.99000549316406,180.1935577392578,1068100
2020-05-12,190.6999969482422,194.2100067138672,189.55999755859375,189.55999755859375,180.73704528808594,1334600
2020-05-13,188.3300018310547,189.0,178.67999267578125,181.00999450683594,172.58497619628906,1845800
2020-05-14,179.67999267578125,184.4600067138672,176.52000427246094,184.4600067138672,175.8744354248047,1838700
2020-05-15,183.6699981689453,190.41000366210938,183.25999450683594,190.14999389648438,181.29959106445312,1305200
2020-05-18,195.24000549316406,196.1999969482422,193.36000061035156,193.50999450683594,184.50318908691406,1257900
2020-05-19,192.86000061035156,194.97999572753906,190.5,191.77999877929688,182.85369873046875,997200
2020-05-20,193.94000244140625,194.5500030517578,187.5,188.27000427246094,179.50709533691406,1617300
2020-05-21,187.9600067138672,190.22999572753906,186.6699981689453,188.67999267578125,179.89801025390625,1072300
2020-05-22,189.4600067138672,189.75,186.8800048828125,189.0,180.20310974121094,818700
2020-05-26,193.75999450683594,198.0,192.86000061035156,195.9199981689453,186.80104064941406,1542700
2020-05-27,196.63999938964844,199.64999389648438,193.2899932861328,199.4600067138672,190.17625427246094,1288200
2020-05-28,200.0,205.0,199.55999755859375,200.57000732421875,191.23458862304688,1463000
2020-05-29,200.57000732421875,203.3699951171875,195.67999267578125,197.32000732421875,188.13584899902344,2306800
2020-06-01,196.44000244140625,198.80999755859375,194.6199951171875,198.10000610351562,188.87957763671875,1062900
2020-06-02,198.2100067138672,202.50999450683594,196.25,201.30999755859375,191.94015502929688,1964900
2020-06-03,203.55999755859375,204.8699951171875,200.5800018310547,201.36000061035156,191.98779296875,1404700
2020-06-04,199.4600067138672,204.39999389648438,198.4600067138672,202.38999938964844,192.96987915039062,1259200
2020-06-05,205.0,213.55999755859375,203.41000366210938,209.47999572753906,199.72987365722656,1956000
2020-06-08,207.97999572753906,215.9199981689453,207.22000122070312,215.83999633789062,205.7938690185547,2092800
2020-06-09,213.99000549316406,217.3000030517578,211.5,214.5,204.51620483398438,1497600
2020-06-10,214.47000122070312,214.5,206.63999938964844,209.0,199.27223205566406,1433300
2020-06-11,204.17999267578125,204.77999877929688,189.3300018310547,191.55999755859375,182.6439666748047,2936300
2020-06-12,197.8300018310547,198.4199981689453,187.9499969482422,190.02000427246094,181.1756591796875,2004800
2020-06-15,185.27000427246094,189.38999938964844,182.36000061035156,187.1300048828125,178.42013549804688,2105400
2020-06-16,193.85000610351562,196.16000366210938,189.5,193.02000427246094,184.0360107421875,1348400
2020-06-17,194.52000427246094,194.99000549316406,190.8300018310547,191.8000030517578,182.87278747558594,1169500
2020-06-18,190.36000061035156,190.77000427246094,187.27999877929688,189.97999572753906,181.1374969482422,1881200
2020-06-19,194.0800018310547,196.85000610351562,190.75,191.39999389648438,182.49139404296875,2260000
2020-06-22,190.2899932861328,192.41000366210938,187.1699981689453,190.3800048828125,181.51885986328125,1450000
2020-06-23,192.13999938964844,193.99000549316406,189.63999938964844,192.30999755859375,183.35906982421875,1687200
2020-06-24,190.10000610351562,191.97999572753906,182.2100067138672,183.97000122070312,175.40724182128906,1658100
2020-06-25,183.10000610351562,185.9600067138672,181.05999755859375,185.47999572753906,176.84693908691406,1225200
2020-06-26,184.9199981689453,185.6300048828125,182.42999267578125,185.05999755859375,176.4464874267578,2410400
2020-06-29,186.67999267578125,187.75999450683594,183.69000244140625,187.5500030517578,178.82058715820312,1294300
2020-06-30,187.52999877929688,188.7899932861328,184.35000610351562,187.64999389648438,178.9159393310547,2146900
2020-07-01,187.9600067138672,192.35000610351562,187.47999572753906,190.5,181.63328552246094,2004000
2020-07-02,191.9600067138672,194.52000427246094,190.08999633789062,190.49000549316406,181.62376403808594,892500
2020-07-06,191.8000030517578,192.8000030517578,189.00999450683594,189.3300018310547,180.5177459716797,1571100
2020-07-07,186.9499969482422,188.1999969482422,181.52999877929688,182.0500030517578,173.5765838623047,2183500
2020-07-08,182.47999572753906,184.52999877929688,177.13999938964844,180.0800018310547,171.6982879638672,2535200
2020-07-09,179.5,180.32000732421875,171.77000427246094,173.89999389648438,165.80593872070312,2331500
2020-07-10,174.35000610351562,176.0500030517578,170.7899932861328,175.5399932861328,167.36961364746094,1520600
2020-07-13,176.35000610351562,180.1300048828125,176.2100067138672,177.3699951171875,169.1144256591797,1733600
2020-07-14,176.97000122070312,182.38999938964844,175.3300018310547,182.1699981689453,173.69100952148438,1798900
2020-07-15,183.10000610351562,184.72000122070312,180.19000244140625,181.0399932861328,172.61358642578125,1816400
2020-07-16,181.0,181.36000061035156,178.89999389648438,180.0,171.6220245361328,1706800
2020-07-17,181.27999877929688,181.91000366210938,179.2899932861328,179.80999755859375,171.44085693359375,2537500
2020-07-20,179.97000122070312,180.24000549316406,175.72000122070312,175.86000061035156,167.67469787597656,2002200
2020-07-21,178.0,178.47999572753906,176.25999450683594,178.3000030517578,170.00115966796875,2542700
2020-07-22,178.33999633789062,178.47999572753906,175.1999969482422,176.92999267578125,168.6949005126953,1608400
2020-07-23,177.0500030517578,181.19000244140625,176.8000030517578,179.1199951171875,170.78297424316406,2042400
2020-07-24,180.80999755859375,184.1699981689453,179.91000366210938,181.02000427246094,172.5945587158203,2263600
2020-07-27,179.89999389648438,180.08999633789062,175.38999938964844,175.5,167.33145141601562,1886200
2020-07-28,175.24000549316406,177.8699951171875,174.19000244140625,175.75,167.56982421875,1816400
2020-07-29,177.1199951171875,183.33999633789062,176.61000061035156,181.8000030517578,173.33822631835938,2132200
2020-07-30,179.2100067138672,181.22000122070312,177.0,178.47000122070312,170.1632080078125,1730200
2020-07-31,177.0399932861328,177.1300048828125,171.00999450683594,172.69000244140625,164.65225219726562,2452600
2020-08-03,173.88999938964844,174.0,170.83999633789062,173.0,164.9478302001953,2063400
2020-08-04,172.49000549316406,175.7899932861328,171.77000427246094,173.5,165.424560546875,1860200
2020-08-05,175.42999267578125,176.8000030517578,173.27000427246094,174.8699951171875,166.73077392578125,2416100
2020-08-06,173.2100067138672,175.6199951171875,171.4199981689453,173.07000732421875,165.0145721435547,1775800
2020-08-07,173.1999969482422,178.30999755859375,172.97999572753906,178.19000244140625,169.89627075195312,1801000
2020-08-10,177.13999938964844,183.22999572753906,177.13999938964844,183.0,174.4823760986328,2048300
2020-08-11,185.0,187.1999969482422,182.02000427246094,182.3800048828125,173.8912353515625,1928100
2020-08-12,185.13999938964844,186.77000427246094,181.75,184.32000732421875,175.74095153808594,2154200
2020-08-13,182.44000244140625,182.66000366210938,179.7100067138672,180.8800048828125,172.4610595703125,1210700
2020-08-14,179.66000366210938,184.66000366210938,178.74000549316406,183.39999389648438,174.86373901367188,1211900
2020-08-17,183.3000030517578,183.9199981689453,181.60000610351562,182.19000244140625,173.71011352539062,1522500
2020-08-18,182.0,183.52000427246094,180.75999450683594,181.92999267578125,173.462158203125,1145100
2020-08-19,182.41000366210938,183.5,181.02999877929688,181.25,172.8138427734375,1688200
2020-08-20,180.0500030517578,180.52000427246094,177.4499969482422,178.00999450683594,169.7246551513672,1247700
2020-08-21,178.57000732421875,180.5,177.33999633789062,178.3000030517578,170.00115966796875,1385800
2020-08-24,179.42999267578125,179.74000549316406,175.61000061035156,177.67999267578125,169.4099884033203,1454100
2020-08-25,178.4600067138672,178.4600067138672,176.00999450683594,177.41000366210938,169.15255737304688,1337700
2020-08-26,177.02999877929688,177.02999877929688,172.16000366210938,174.10000610351562,165.9966278076172,1938600
2020-08-27,175.13999938964844,178.35000610351562,174.2899932861328,177.0800018310547,168.83792114257812,1648000
2020-08-28,177.41000366210938,181.44000244140625,175.9600067138672,181.14999389648438,172.71847534179688,1511300
2020-08-31,179.33999633789062,182.74000549316406,177.27999877929688,177.3699951171875,169.1144256591797,3040200
2020-09-01,176.0,177.3000030517578,174.5,176.14999389648438,167.9512176513672,1878800
2020-09-02,177.1300048828125,182.08999633789062,176.10000610351562,181.33999633789062,172.89962768554688,1692900
2020-09-03,182.60000610351562,185.25,176.80999755859375,178.42999267578125,170.12509155273438,1654800
2020-09-04,179.4499969482422,179.9499969482422,175.30999755859375,178.61000061035156,170.2967071533203,1813700
2020-09-08,178.0,178.0,172.9600067138672,173.97999572753906,165.8822021484375,1511600
2020-09-09,174.91000366210938,176.22999572753906,172.10000610351562,174.02999877929688,165.92991638183594,1667000
2020-09-10,174.4199981689453,175.8000030517578,169.69000244140625,169.74000549316406,161.83956909179688,1346300
2020-09-11,170.6699981689453,170.8699951171875,167.7100067138672,169.36000061035156,161.4772186279297,1499900
2020-09-14,170.3300018310547,173.49000549316406,169.27999877929688,171.85000610351562,163.8513641357422,1564800
2020-09-15,173.36000061035156,173.9600067138672,165.97999572753906,166.5,158.7503662109375,2857900
2020-09-16,168.60000610351562,171.66000366210938,167.02999877929688,168.58999633789062,160.7430877685547,5268400
2020-09-17,167.3300018310547,170.16000366210938,166.83999633789062,169.0,161.13400268554688,3159800
2020-09-18,167.8699951171875,169.4600067138672,166.6699981689453,167.9199981689453,160.10426330566406,3016700
2020-09-21,165.0,166.22000122070312,160.02000427246094,164.9600067138672,157.2820281982422,2527200
2020-09-22,164.64999389648438,166.60000610351562,161.55999755859375,161.74000549316406,154.21189880371094,2318500
2020-09-23,162.39999389648438,164.11000061035156,160.30999755859375,160.5,153.02960205078125,2879300
2020-09-24,160.0,163.00999450683594,158.83999633789062,160.8800048828125,153.39195251464844,1797300
2020-09-25,159.0500030517578,162.7100067138672,159.0,162.4499969482422,154.88885498046875,1853500
2020-09-28,164.91000366210938,166.7100067138672,163.88999938964844,164.2899932861328,156.64321899414062,1161800
2020-09-29,164.75,165.4600067138672,162.4199981689453,164.30999755859375,156.66229248046875,1460700
2020-09-30,164.0800018310547,170.80999755859375,163.66000366210938,169.41000366210938,161.52491760253906,2328100
2020-10-01,169.35000610351562,169.8699951171875,166.07000732421875,167.3800048828125,159.58941650390625,1341800
2020-10-02,164.4600067138672,170.14999389648438,164.0399932861328,167.22999572753906,159.44639587402344,1782100
2020-10-05,169.1999969482422,173.3300018310547,168.7100067138672,172.22000122070312,164.20413208007812,1891000
2020-10-06,173.2899932861328,175.60000610351562,170.75999450683594,170.8800048828125,162.92649841308594,1478200
2020-10-07,172.3000030517578,177.0399932861328,172.3000030517578,176.3000030517578,168.09423828125,1587600
2020-10-08,176.39999389648438,178.14999389648438,175.1300048828125,177.8699951171875,169.59115600585938,1144400
2020-10-09,178.5,178.63999938964844,175.77999877929688,176.39999389648438,168.1895751953125,1158900
2020-10-12,176.1300048828125,179.00999450683594,175.49000549316406,177.4600067138672,169.20022583007812,1186700
2020-10-13,175.7100067138672,177.89999389648438,173.6999969482422,174.5800018310547,166.4542694091797,1094900
2020-10-14,174.69000244140625,176.8300018310547,173.1300048828125,174.49000549316406,166.3684539794922,1403700
2020-10-15,172.16000366210938,177.35000610351562,172.0,176.82000732421875,168.59002685546875,1350000
2020-10-16,176.6999969482422,179.38999938964844,175.6199951171875,177.89999389648438,169.6197509765625,1485800
2020-10-19,177.91000366210938,178.22999572753906,170.66000366210938,171.66000366210938,163.67019653320312,1939200
2020-10-20,172.63999938964844,173.60000610351562,170.8699951171875,171.08999633789062,163.12673950195312,2013600
2020-10-21,170.91000366210938,176.13999938964844,169.25,174.55999755859375,166.43521118164062,1902700
2020-10-22,174.97999572753906,179.9499969482422,174.75,179.3300018310547,170.98318481445312,1418600
2020-10-23,180.4199981689453,184.6999969482422,180.0,184.49000549316406,175.90304565429688,1716100
2020-10-26,182.75999450683594,184.11000061035156,179.92999267578125,181.8800048828125,173.4145050048828,1852700
2020-10-27,180.1199951171875,182.49000549316406,177.2899932861328,178.2899932861328,169.99159240722656,2008200
2020-10-28,174.2899932861328,176.39999389648438,168.0500030517578,168.3300018310547,160.49520874023438,2154400
2020-10-29,167.5500030517578,167.5800018310547,160.3699951171875,163.39999389648438,155.7946319580078,2375100
2020-10-30,163.4600067138672,167.50999450683594,163.22000122070312,166.97000122070312,159.19850158691406,2014500
2020-11-02,169.88999938964844,175.25,167.61000061035156,174.83999633789062,166.70216369628906,1930800
2020-11-03,177.4600067138672,185.22999572753906,177.27000427246094,183.8800048828125,175.32142639160156,2236400
2020-11-04,195.30999755859375,212.5800018310547,194.97000122070312,210.6199951171875,200.81680297851562,7051800
2020-11-05,208.5,217.75,207.9499969482422,214.16000366210938,204.1920623779297,4441300
2020-11-06,212.58999633789062,212.82000732421875,200.69000244140625,201.47000122070312,192.09268188476562,3648400
2020-11-09,215.16000366210938,217.2100067138672,206.0,211.1999969482422,201.36981201171875,2686300
2020-11-10,212.66000366210938,221.5,210.25,220.1999969482422,209.950927734375,2840500
2020-11-11,220.3000030517578,224.9600067138672,220.0,221.11000061035156,210.81857299804688,2060100
2020-11-12,219.5,222.47999572753906,217.5800018310547,220.14999389648438,209.9032745361328,1514100
2020-11-13,220.0,221.6300048828125,218.22000122070312,219.69000244140625,209.46466064453125,1480200
2020-11-16,223.11000061035156,223.64999389648438,217.50999450683594,218.3000030517578,208.13934326171875,1740400
2020-11-17,215.8300018310547,217.0,208.14999389648438,214.80999755859375,204.81179809570312,2761800
2020-11-18,215.97999572753906,216.02999877929688,210.67999267578125,210.92999267578125,201.1123809814453,1665700
2020-11-19,208.63999938964844,210.0800018310547,203.36000061035156,204.74000549316406,195.2104949951172,2051100
2020-11-20,203.2899932861328,206.3300018310547,201.89999389648438,204.82000732421875,195.28680419921875,1453400
2020-11-23,206.5399932861328,209.5,205.42999267578125,206.94000244140625,197.30810546875,1675500
2020-11-24,208.19000244140625,214.25999450683594,206.75,210.02000427246094,200.2447509765625,1592500
2020-11-25,209.92999267578125,210.1999969482422,205.10000610351562,207.00999450683594,197.37484741210938,1615600
2020-11-27,207.27999877929688,213.08999633789062,206.64999389648438,212.5,202.6092987060547,780900
2020-11-30,210.17999267578125,212.00999450683594,207.75,209.13999938964844,199.40570068359375,3792800
2020-12-01,213.52999877929688,214.8800048828125,207.39999389648438,207.50999450683594,197.85154724121094,1797800
2020-12-02,207.50999450683594,213.42999267578125,207.02000427246094,212.00999450683594,202.14212036132812,1368300
2020-12-03,211.0,215.22000122070312,211.0,213.38999938964844,203.4578857421875,1394800
2020-12-04,213.39999389648438,219.9499969482422,213.39999389648438,217.64999389648438,207.5195770263672,1629500
2020-12-07,216.27000427246094,219.02999877929688,213.5,218.58999633789062,208.41586303710938,1533400
2020-12-08,216.4600067138672,219.7899932861328,215.85000610351562,218.6699981689453,208.4921417236328,1369600
2020-12-09,218.8000030517578,220.3800048828125,215.5,217.0,206.89987182617188,1375700
2020-12-10,214.6199951171875,217.52000427246094,211.27999877929688,212.64999389648438,202.75233459472656,1500500
2020-12-11,211.6999969482422,212.58999633789062,208.27000427246094,209.35000610351562,199.6059112548828,1334100
2020-12-14,211.75999450683594,211.75999450683594,202.61000061035156,203.14999389648438,193.6945037841797,2027600
2020-12-15,206.2899932861328,206.8300018310547,202.25999450683594,205.50999450683594,195.94464111328125,1581000
2020-12-16,204.9199981689453,205.17999267578125,201.6999969482422,202.39999389648438,192.9794158935547,1583600
2020-12-17,203.30999755859375,205.3699951171875,201.1699981689453,202.6300048828125,193.19869995117188,2823800
2020-12-18,201.69000244140625,202.6999969482422,194.44000244140625,197.0800018310547,187.90704345703125,6149100
2020-12-21,193.08999633789062,198.02000427246094,191.52999877929688,197.3800048828125,188.1930694580078,1339200
2020-12-22,196.0399932861328,197.0,193.89999389648438,194.97000122070312,185.89524841308594,1402900
2020-12-23,196.5800018310547,200.5399932861328,196.5,198.97999572753906,189.7185821533203,1825200
2020-12-24,199.50999450683594,199.55999755859375,197.25999450683594,198.8300018310547,189.57557678222656,497600
2020-12-28,200.32000732421875,204.25,199.75,202.16000366210938,192.75059509277344,1259100
2020-12-29,203.92999267578125,206.27999877929688,203.63999938964844,204.0500030517578,194.5526123046875,1168700
2020-12-30,203.91000366210938,205.57000732421875,203.5500030517578,204.0500030517578,194.5526123046875,1194800
2020-12-31,204.0500030517578,208.61000061035156,203.4199981689453,208.17999267578125,198.49038696289062,1233400
2021-01-04,209.13999938964844,210.0,200.5399932861328,205.72000122070312,196.1448974609375,2614200
2021-01-05,205.52999877929688,207.39999389648438,203.07000732421875,203.42999267578125,193.9614715576172,1768400
2021-01-06,194.3300018310547,210.3000030517578,190.8800048828125,209.42999267578125,199.68222045898438,3488700
2021-01-07,213.0,220.50999450683594,210.25,220.5,210.23695373535156,2812200
2021-01-08,220.0,223.11000061035156,219.0399932861328,220.8000030517578,210.52297973632812,2346000
2021-01-11,219.25999450683594,222.8300018310547,218.33999633789062,219.9199981689453,209.68394470214844,1154500
2021-01-12,219.5800018310547,227.25,218.9199981689453,225.22000122070312,214.73727416992188,2124400
2021-01-13,225.8000030517578,226.77999877929688,223.3699951171875,223.80999755859375,213.3928985595703,1417600
2021-01-14,224.5399932861328,225.77000427246094,220.07000732421875,220.77999877929688,210.50390625,1175700
2021-01-15,220.05999755859375,220.05999755859375,216.42999267578125,218.89999389648438,208.71142578125,1462500
2021-01-19,222.14999389648438,223.94000244140625,218.9199981689453,220.8000030517578,210.52297973632812,1759100
2021-01-20,221.2899932861328,229.1199951171875,219.02999877929688,228.4199981689453,217.78834533691406,2021900
2021-01-21,229.11000061035156,230.89999389648438,226.0800018310547,226.19000244140625,215.66212463378906,2095000
2021-01-22,225.52000427246094,227.4199981689453,223.22999572753906,223.4199981689453,213.02105712890625,1422900
2021-01-25,221.97000122070312,222.22999572753906,217.16000366210938,220.08999633789062,209.8460693359375,1858100
2021-01-26,220.11000061035156,221.5500030517578,215.16000366210938,215.75999450683594,205.7175750732422,1436900
2021-01-27,212.33999633789062,215.64999389648438,209.5500030517578,212.55999755859375,202.66650390625,2235400
2021-01-28,215.1699981689453,222.77999877929688,213.41000366210938,218.7899932861328,208.60655212402344,1542000
2021-01-29,218.3000030517578,220.58999633789062,213.91000366210938,217.0500030517578,206.9475555419922,1308700
2021-02-01,218.11000061035156,219.0500030517578,213.4499969482422,216.8000030517578,206.70916748046875,1410500
2021-02-02,219.9199981689453,222.75,217.69000244140625,217.80999755859375,207.67218017578125,1230800
2021-02-03,217.72999572753906,221.5399932861328,216.2899932861328,219.42999267578125,209.2167510986328,1532300
2021-02-04,210.0,216.3000030517578,204.75,205.3800048828125,195.82070922851562,3797300
2021-02-05,207.49000549316406,209.07000732421875,203.35000610351562,203.42999267578125,193.9614715576172,2822300
2021-02-08,204.05999755859375,207.1300048828125,203.10000610351562,206.0500030517578,196.4595184326172,1898400
2021-02-09,207.10000610351562,211.9199981689453,206.58999633789062,210.99000549316406,201.1696014404297,2050400
2021-02-10,212.32000732421875,215.63999938964844,210.9499969482422,211.1699981689453,201.34120178222656,1556600
2021-02-11,212.39999389648438,213.0,207.7899932861328,208.4600067138672,198.75735473632812,1587200
2021-02-12,209.11000061035156,211.0500030517578,205.8699951171875,206.92999267578125,197.29855346679688,1696000
2021-02-16,206.83999633789062,207.50999450683594,202.9499969482422,203.27000427246094,193.80892944335938,2514400
2021-02-17,203.0800018310547,208.9199981689453,202.44000244140625,208.02000427246094,198.33782958984375,1957400
2021-02-18,207.99000549316406,209.2899932861328,205.50999450683594,205.64999389648438,196.078125,1449100
2021-02-19,205.64999389648438,206.22000122070312,202.50999450683594,204.25999450683594,194.7528533935547,1699900
2021-02-22,202.94000244140625,209.88999938964844,201.6300048828125,209.14999389648438,199.4152374267578,1494100
2021-02-23,210.89999389648438,215.4499969482422,209.69000244140625,212.6699981689453,202.77139282226562,2443000
2021-02-24,211.63999938964844,215.9600067138672,211.63999938964844,214.94000244140625,204.9357452392578,1342800
2021-02-25,214.3800048828125,216.64999389648438,208.22999572753906,209.33999633789062,199.5963897705078,1590600
2021-02-26,210.00999450683594,212.49000549316406,208.1199951171875,209.89999389648438,200.13034057617188,2724500
2021-03-01,212.3699951171875,216.1300048828125,211.0399932861328,214.9499969482422,204.94529724121094,1833700
2021-03-02,216.52000427246094,220.47000122070312,215.1199951171875,219.50999450683594,209.2930145263672,2242400
2021-03-03,218.72000122070312,222.2899932861328,217.39999389648438,220.6300048828125,210.36090087890625,1428400
2021-03-04,221.0,227.99000549316406,220.50999450683594,224.5800018310547,214.12704467773438,2769200
2021-03-05,226.35000610351562,232.4499969482422,224.52999877929688,230.6199951171875,219.88592529296875,2355000
2021-03-08,231.4600067138672,237.49000549316406,231.1999969482422,235.86000061035156,224.88204956054688,2316600
2021-03-09,234.25999450683594,242.16000366210938,232.86000061035156,236.61000061035156,226.5576629638672,2325800
2021-03-10,238.5800018310547,240.83999633789062,235.6199951171875,238.22000122070312,228.0992889404297,2282700
2021-03-11,237.17999267578125,240.75,236.97000122070312,239.11000061035156,228.9514617919922,1638600
2021-03-12,240.39999389648438,243.89999389648438,239.19000244140625,243.4600067138672,233.1166534423828,1259600
2021-03-15,243.3699951171875,247.6300048828125,243.08999633789062,245.49000549316406,235.0604248046875,1955200
2021-03-16,245.47999572753906,245.47999572753906,241.6199951171875,241.69000244140625,231.421875,1549700
2021-03-17,242.0500030517578,244.17999267578125,239.66000366210938,241.91000366210938,231.63253784179688,1772400
2021-03-18,241.94000244140625,248.38999938964844,241.94000244140625,243.82000732421875,233.4613800048828,2015800
2021-03-19,243.55999755859375,246.75999450683594,242.0399932861328,243.25999450683594,232.9251708984375,5060200
2021-03-22,243.25999450683594,243.3699951171875,239.0,242.39999389648438,232.10169982910156,1433500
2021-03-23,242.60000610351562,244.1300048828125,237.39999389648438,238.44000244140625,228.30995178222656,1559300
2021-03-24,238.99000549316406,244.02000427246094,238.57000732421875,240.5399932861328,230.32070922851562,1804500
2021-03-25,240.27999877929688,241.75,235.66000366210938,241.38999938964844,231.13462829589844,1733900
2021-03-26,243.17999267578125,244.0,240.36000061035156,243.77999877929688,233.42308044433594,1649100
2021-03-29,242.16000366210938,248.83999633789062,242.02000427246094,247.5500030517578,237.0329132080078,1802700
2021-03-30,246.67999267578125,248.52000427246094,243.69000244140625,245.8000030517578,235.35726928710938,1765700
2021-03-31,244.58999633789062,246.30999755859375,241.36000061035156,241.74000549316406,231.46974182128906,2151600
2021-04-01,242.35000610351562,243.5500030517578,238.1699981689453,241.8300018310547,231.55592346191406,1298600
2021-04-05,243.4199981689453,245.2100067138672,241.52999877929688,243.33999633789062,233.0017547607422,1149800
2021-04-06,242.72999572753906,244.19000244140625,238.7100067138672,239.1300048828125,228.9706268310547,1391100
2021-04-07,240.24000549316406,241.99000549316406,239.14999389648438,240.22000122070312,230.0143280029297,1358800
2021-04-08,239.5800018310547,240.97000122070312,237.8699951171875,238.25,228.12802124023438,1692800
2021-04-09,239.77000427246094,246.14999389648438,238.35000610351562,246.10000610351562,235.64451599121094,1654600
2021-04-12,245.63999938964844,248.5,245.57000732421875,245.82000732421875,235.37640380859375,2127200
2021-04-13,246.07000732421875,247.66000366210938,245.1999969482422,245.25999450683594,234.84019470214844,1423500
2021-04-14,245.61000061035156,250.32000732421875,245.61000061035156,249.44000244140625,238.8426055908203,1169100
2021-04-15,249.5399932861328,255.88999938964844,249.44000244140625,254.36000061035156,243.5535888671875,1670000
2021-04-16,254.77000427246094,255.41000366210938,250.39999389648438,252.57000732421875,241.8396453857422,1542900
2021-04-19,253.5,254.55999755859375,251.27000427246094,252.49000549316406,241.76303100585938,1321600
2021-04-20,252.1199951171875,254.5,251.1699981689453,253.3699951171875,242.60562133789062,1049000
2021-04-21,255.0,256.739990234375,252.52000427246094,253.0,242.25135803222656,1447500
2021-04-22,252.0,252.97000122070312,248.00999450683594,252.5399932861328,241.81089782714844,1256600
2021-04-23,253.0,253.5,249.0500030517578,251.8000030517578,241.1023406982422,879200
2021-04-26,252.3000030517578,253.38999938964844,248.75,249.3800048828125,238.78517150878906,1133300
2021-04-27,248.74000549316406,250.97000122070312,247.4600067138672,250.44000244140625,239.80014038085938,1106600
2021-04-28,251.0800018310547,252.36000061035156,246.67999267578125,247.13999938964844,236.64031982421875,1213600
2021-04-29,249.11000061035156,251.4199981689453,248.14999389648438,250.24000549316406,239.60862731933594,1284600
2021-04-30,249.25999450683594,249.75,246.16000366210938,249.00999450683594,238.43089294433594,1428300
2021-05-03,250.5,254.30999755859375,250.0,252.0500030517578,241.3417510986328,1282600
2021-05-04,252.30999755859375,259.510009765625,251.35000610351562,259.5,248.47525024414062,1873300
2021-05-05,258.8299865722656,259.9800109863281,256.20001220703125,258.4200134277344,247.44110107421875,1546700
2021-05-06,258.4200134277344,259.80999755859375,254.8800048828125,256.92999267578125,246.01437377929688,1709100
2021-05-07,256.92999267578125,263.6700134277344,256.0199890136719,261.17999267578125,250.0838165283203,1761000
2021-05-10,262.8999938964844,272.80999755859375,262.1700134277344,266.9100036621094,255.57040405273438,2517300
2021-05-11,265.67999267578125,266.1099853515625,257.92999267578125,260.8599853515625,249.77743530273438,1381400
2021-05-12,261.1000061035156,262.1600036621094,258.5299987792969,258.7200012207031,247.7283935546875,1750400
2021-05-13,260.3800048828125,265.7699890136719,259.6499938964844,264.0,252.78404235839844,1470500
2021-05-14,264.4100036621094,265.0,263.239990234375,263.5199890136719,252.3243865966797,1103800
2021-05-17,264.07000732421875,265.69000244140625,262.6000061035156,264.7200012207031,253.4734344482422,813000
2021-05-18,264.32000732421875,265.0,261.7099914550781,263.1700134277344,251.9893341064453,710900
2021-05-19,260.3299865722656,262.6199951171875,258.3399963378906,262.4200134277344,251.27120971679688,869800
2021-05-20,262.739990234375,263.3399963378906,259.489990234375,260.6600036621094,249.58590698242188,917100
2021-05-21,261.6499938964844,265.489990234375,260.4700012207031,262.239990234375,251.0988006591797,1020900
2021-05-24,263.3900146484375,264.05999755859375,261.2799987792969,261.5299987792969,250.4189910888672,954600
2021-05-25,261.67999267578125,262.17999267578125,259.0299987792969,259.6000061035156,248.57098388671875,1444700
2021-05-26,259.8800048828125,261.07000732421875,255.52999877929688,259.3900146484375,248.36988830566406,1245300
2021-05-27,260.260009765625,260.4800109863281,257.9200134277344,259.5,248.47525024414062,2578800
2021-05-28,261.0400085449219,261.5400085449219,258.0299987792969,258.8500061035156,247.85284423828125,1054900
2021-06-01,260.07000732421875,260.6300048828125,255.07000732421875,257.67999267578125,246.73252868652344,1297900
2021-06-02,259.6700134277344,259.6700134277344,254.5500030517578,255.41000366210938,244.55897521972656,1259600
2021-06-03,255.19000244140625,259.1499938964844,254.19000244140625,256.9700012207031,246.05270385742188,1716300
2021-06-04,257.6000061035156,258.42999267578125,252.77000427246094,252.94000244140625,242.1939239501953,1487500
2021-06-07,254.02999877929688,254.02999877929688,245.25999450683594,247.60000610351562,238.0218048095703,2593000
2021-06-08,247.3300018310547,247.8300018310547,244.25999450683594,245.9199981689453,236.4067840576172,1661900
2021-06-09,246.24000549316406,246.7100067138672,241.8699951171875,242.00999450683594,232.6480255126953,1933200
2021-06-10,242.80999755859375,244.22999572753906,238.72000122070312,239.64999389648438,230.37933349609375,1679000
2021-06-11,241.63999938964844,243.92999267578125,240.3699951171875,241.85000610351562,232.49424743652344,1988200
2021-06-14,240.63999938964844,241.50999450683594,238.52000427246094,239.58999633789062,230.32164001464844,1471500
2021-06-15,240.19000244140625,240.25,235.89999389648438,239.0800018310547,229.83140563964844,2252100
2021-06-16,239.41000366210938,240.3800048828125,236.10000610351562,236.99000549316406,227.82228088378906,2040700
2021-06-17,237.33999633789062,237.5,233.3699951171875,236.69000244140625,227.53384399414062,2592100
2021-06-18,231.99000549316406,234.38999938964844,231.14999389648438,231.97000122070312,222.9964599609375,4244700
2021-06-21,232.9499969482422,236.8699951171875,232.47999572753906,236.47999572753906,227.33197021484375,2559500
2021-06-22,237.24000549316406,237.24000549316406,234.6300048828125,236.00999450683594,226.88015747070312,1816900
2021-06-23,235.24000549316406,235.9199981689453,232.6999969482422,232.92999267578125,223.9193115234375,1443900
2021-06-24,234.08999633789062,235.75999450683594,233.11000061035156,234.77000427246094,225.68814086914062,1743900
2021-06-25,235.97000122070312,238.3300018310547,234.25999450683594,237.10000610351562,227.92796325683594,3411100
2021-06-28,237.02999877929688,241.0,236.60000610351562,240.0399932861328,230.75424194335938,1864200
2021-06-29,240.3000030517578,242.5,236.4600067138672,236.69000244140625,227.53384399414062,1729500
2021-06-30,236.49000549316406,237.99000549316406,236.4600067138672,237.07000732421875,227.89915466308594,1203400
2021-07-01,238.3300018310547,239.13999938964844,236.85000610351562,238.3000030517578,229.08157348632812,2525900
2021-07-02,238.5,238.7899932861328,236.6199951171875,238.02999877929688,228.82200622558594,1475300
2021-07-06,237.1999969482422,238.02000427246094,233.32000732421875,235.24000549316406,226.13992309570312,2751300
2021-07-07,234.6300048828125,236.3800048828125,233.10000610351562,235.92999267578125,226.80325317382812,2032600
2021-07-08,234.16000366210938,234.16000366210938,230.5,231.41000366210938,222.45809936523438,1397800
2021-07-09,233.89999389648438,235.14999389648438,232.72000122070312,234.89999389648438,225.81307983398438,2193800
2021-07-12,233.22000122070312,235.92999267578125,232.0,235.22000122070312,226.12071228027344,2391000
2021-07-13,235.35000610351562,237.1699981689453,234.07000732421875,235.55999755859375,226.4475860595703,2542100
2021-07-14,236.35000610351562,236.82000732421875,234.10000610351562,236.02000427246094,226.88978576660156,1297000
2021-07-15,234.36000061035156,235.94000244140625,233.1199951171875,234.91000366210938,225.82272338867188,1646700
2021-07-16,235.9199981689453,235.9199981689453,233.0399932861328,233.8300018310547,224.7845001220703,1387000
2021-07-19,231.1699981689453,232.38999938964844,225.17999267578125,227.6300048828125,218.8243408203125,1707300
2021-07-20,228.7899932861328,233.1999969482422,228.22999572753906,232.02000427246094,223.04452514648438,2562800
2021-07-21,233.61000061035156,235.13999938964844,232.58999633789062,233.57000732421875,224.53453063964844,1482400
2021-07-22,234.05999755859375,234.47999572753906,231.25,232.24000549316406,223.25599670410156,915700
2021-07-23,234.0,234.1199951171875,232.10000610351562,232.8800048828125,223.8712615966797,1105400
2021-07-26,232.42999267578125,233.41000366210938,228.0500030517578,228.44000244140625,219.60299682617188,1675500
2021-07-27,227.0,229.0,224.66000366210938,228.8800048828125,220.0259552001953,3122600
2021-07-28,229.32000732421875,229.32000732421875,225.14999389648438,227.25,218.4590301513672,1912500
2021-07-29,228.61000061035156,229.9499969482422,227.6300048828125,228.9499969482422,220.09326171875,1202800
2021-07-30,228.24000549316406,230.99000549316406,227.44000244140625,229.49000549316406,220.6123809814453,1782600
2021-08-02,230.0,230.83999633789062,228.5,229.35000610351562,220.47781372070312,1389100
2021-08-03,230.82000732421875,234.3800048828125,228.89999389648438,233.9600067138672,224.90945434570312,1447400
2021-08-04,232.77999877929688,233.49000549316406,230.8000030517578,231.47999572753906,222.52537536621094,1754700
2021-08-05,216.41000366210938,218.22000122070312,199.66000366210938,206.2100067138672,198.2329559326172,7961700
2021-08-06,207.14999389648438,211.1300048828125,205.3699951171875,209.3000030517578,201.2034149169922,3906100
2021-08-09,209.2100067138672,213.1300048828125,208.72000122070312,211.14999389648438,202.98184204101562,2352700
2021-08-10,211.38999938964844,211.91000366210938,209.33999633789062,210.9499969482422,202.78956604003906,2370300
2021-08-11,212.63999938964844,213.13999938964844,210.8000030517578,211.3000030517578,203.1260528564453,1314900
2021-08-12,209.97000122070312,211.5500030517578,209.25,209.67999267578125,201.56871032714844,1920800
2021-08-13,211.3699951171875,211.9499969482422,209.02999877929688,210.61000061035156,202.46273803710938,1161300
2021-08-16,209.10000610351562,211.5,208.3000030517578,210.89999389648438,202.74151611328125,1359800
2021-08-17,210.44000244140625,212.00999450683594,209.10000610351562,210.5,202.35699462890625,1539000
2021-08-18,209.42999267578125,209.97999572753906,205.41000366210938,205.60000610351562,197.64654541015625,3367700
2021-08-19,205.0,206.7899932861328,204.49000549316406,206.17999267578125,198.20407104492188,2649900
2021-08-20,206.69000244140625,208.91000366210938,205.69000244140625,207.52999877929688,199.5018768310547,1817900
2021-08-23,208.24000549316406,209.10000610351562,207.1999969482422,207.74000549316406,199.70375061035156,1201500
2021-08-24,210.19000244140625,213.5,209.5,211.88999938964844,203.69322204589844,1690600
2021-08-25,211.35000610351562,213.49000549316406,209.27000427246094,211.38999938964844,203.2125701904297,1740000
2021-08-26,210.25,211.61000061035156,207.61000061035156,207.7899932861328,199.7518310546875,2072200
2021-08-27,208.64999389648438,211.5800018310547,208.10000610351562,210.67999267578125,202.53001403808594,1533100
2021-08-30,210.63999938964844,210.89999389648438,207.25,207.47000122070312,199.44418334960938,1545900
2021-08-31,207.0,214.52000427246094,206.69000244140625,211.64999389648438,203.4624786376953,2792000
2021-09-01,212.86000061035156,212.86000061035156,208.5399932861328,211.0500030517578,202.88571166992188,1598000
2021-09-02,211.52000427246094,219.5800018310547,211.52000427246094,218.2100067138672,209.7687530517578,2520100
2021-09-03,218.11000061035156,218.24000549316406,213.3300018310547,216.9199981689453,208.52865600585938,1642700
2021-09-07,216.07000732421875,218.36000061035156,214.6199951171875,216.32000732421875,208.91494750976562,1841200
2021-09-08,216.02999877929688,217.00999450683594,212.64999389648438,213.36000061035156,206.0562744140625,1738500
2021-09-09,213.0,215.3000030517578,212.3800048828125,213.9499969482422,206.6260528564453,1544900
2021-09-10,208.99000549316406,209.99000549316406,203.1999969482422,204.69000244140625,197.6830596923828,4442500
2021-09-13,204.92999267578125,211.8699951171875,204.1699981689453,209.10000610351562,201.94210815429688,2524800
2021-09-14,209.89999389648438,210.7899932861328,203.35000610351562,203.64999389648438,196.67868041992188,2297000
2021-09-15,203.1699981689453,208.61000061035156,203.16000366210938,206.5800018310547,199.50836181640625,2666200
2021-09-16,207.27999877929688,209.25,203.5,205.52000427246094,198.48464965820312,2524900
2021-09-17,205.1199951171875,207.47000122070312,204.0,205.6199951171875,198.5812225341797,3717200
2021-09-20,203.05999755859375,204.24000549316406,200.8300018310547,202.52999877929688,195.59698486328125,2177500
2021-09-21,203.9199981689453,205.25,201.97000122070312,202.38999938964844,195.46180725097656,1939300
2021-09-22,204.4600067138672,205.1699981689453,201.52999877929688,201.99000549316406,195.0754852294922,2235000
2021-09-23,202.35000610351562,204.58999633789062,201.6199951171875,202.4600067138672,195.52938842773438,2370300
2021-09-24,202.3000030517578,205.41000366210938,202.3000030517578,203.88999938964844,196.9104461669922,1713000
2021-09-27,203.10000610351562,208.2899932861328,203.10000610351562,206.61000061035156,199.53732299804688,2053100
2021-09-28,206.4499969482422,208.02000427246094,203.0,203.27999877929688,196.32131958007812,1994000
2021-09-29,203.69000244140625,205.91000366210938,203.19000244140625,203.92999267578125,196.94906616210938,1457500
2021-09-30,206.0399932861328,207.5500030517578,200.10000610351562,200.16000366210938,193.3081512451172,1634000
2021-10-01,201.0,203.77000427246094,198.86000061035156,202.60000610351562,195.66458129882812,1786200
2021-10-04,202.5,204.77000427246094,198.6999969482422,199.4499969482422,192.62242126464844,1751800
2021-10-05,200.05999755859375,203.99000549316406,199.74000549316406,201.39999389648438,194.50570678710938,1528100
2021-10-06,199.41000366210938,203.38999938964844,197.2899932861328,203.25,196.29237365722656,1914500
2021-10-07,204.77999877929688,207.3699951171875,204.60000610351562,204.7100067138672,197.702392578125,1731500
2021-10-08,207.5,209.0,204.30999755859375,205.17999267578125,198.15626525878906,1478900
2021-10-11,204.85000610351562,207.50999450683594,203.55999755859375,203.92999267578125,196.94906616210938,1048300
2021-10-12,204.1999969482422,205.1199951171875,201.77000427246094,202.10000610351562,195.18173217773438,1368600
2021-10-13,201.44000244140625,202.0,197.25,199.47000122070312,192.64175415039062,1962400
2021-10-14,204.88999938964844,207.22000122070312,202.8800048828125,203.0399932861328,196.08953857421875,2531600
2021-10-15,204.13999938964844,208.05999755859375,204.00999450683594,206.19000244140625,199.1317138671875,1439900
2021-10-18,205.4600067138672,205.8699951171875,203.22999572753906,204.57000732421875,197.56716918945312,1392200
2021-10-19,205.91000366210938,207.1300048828125,204.57000732421875,206.6300048828125,199.55665588378906,1145300
2021-10-20,208.4199981689453,216.0,207.3300018310547,214.75999450683594,207.4083251953125,2807500
2021-10-21,213.38999938964844,216.3000030517578,213.32000732421875,216.22999572753906,208.82803344726562,1491600
2021-10-22,216.07000732421875,219.1199951171875,214.7100067138672,216.39999389648438,208.99220275878906,1412500
2021-10-25,216.85000610351562,218.11000061035156,215.4199981689453,215.6199951171875,208.23890686035156,1710100
2021-10-26,215.75999450683594,216.3699951171875,213.49000549316406,215.6699981689453,208.28717041015625,1441800
2021-10-27,215.6699981689453,216.5,213.27000427246094,213.39999389648438,206.0948944091797,1354400
2021-10-28,213.3800048828125,216.14999389648438,212.97000122070312,215.75,208.36444091796875,1370100
2021-10-29,214.97000122070312,216.07000732421875,213.3000030517578,213.61000061035156,206.2977294921875,1499200
2021-11-01,213.82000732421875,217.52999877929688,213.77999877929688,216.1300048828125,208.73146057128906,1636600
2021-11-02,216.92999267578125,217.3800048828125,213.5399932861328,214.7100067138672,207.36007690429688,1704700
2021-11-03,212.52000427246094,218.33999633789062,209.2100067138672,218.25,210.7788848876953,2927700
2021-11-04,225.22999572753906,226.75999450683594,210.63999938964844,213.16000366210938,205.86312866210938,3722300
2021-11-05,214.66000366210938,222.82000732421875,213.69000244140625,214.1199951171875,206.79025268554688,2521800
2021-11-08,215.0,219.6300048828125,213.74000549316406,218.16000366210938,210.69195556640625,1976500
2021-11-09,217.5,218.9199981689453,216.0800018310547,216.1999969482422,208.79905700683594,1971000
2021-11-10,216.58999633789062,220.89999389648438,216.47999572753906,217.83999633789062,210.38291931152344,2420700
2021-11-11,217.4499969482422,219.69000244140625,216.97999572753906,217.6999969482422,210.24771118164062,1134100
2021-11-12,218.44000244140625,219.8300018310547,217.3800048828125,217.72999572753906,210.27667236328125,1459200
2021-11-15,217.97999572753906,218.4199981689453,215.13999938964844,215.52999877929688,208.15200805664062,1551100
2021-11-16,216.14999389648438,221.77000427246094,215.5399932861328,217.75999450683594,210.30563354492188,1701400
2021-11-17,219.0,220.72000122070312,216.91000366210938,216.97999572753906,209.55235290527344,1452600
2021-11-18,217.17999267578125,220.25,216.6199951171875,218.75,211.2617645263672,1918900
2021-11-19,218.39999389648438,218.39999389648438,208.88999938964844,210.50999450683594,203.30384826660156,2981400
2021-11-22,211.07000732421875,214.9499969482422,210.8300018310547,211.5500030517578,204.30824279785156,2005700
2021-11-23,211.52999877929688,214.11000061035156,211.22000122070312,213.24000549316406,205.9403839111328,2441900
2021-11-24,212.3699951171875,214.77999877929688,209.17999267578125,210.5800018310547,203.37142944335938,1738700
2021-11-26,208.00999450683594,208.35000610351562,200.67999267578125,202.02999877929688,195.11412048339844,1899300
2021-11-29,203.1300048828125,204.89999389648438,198.91000366210938,199.61000061035156,192.77696228027344,3474800
2021-11-30,198.0,198.72000122070312,191.74000549316406,191.89999389648438,185.33090209960938,3545600
2021-12-01,195.4600067138672,201.47999572753906,192.36000061035156,194.72000122070312,188.05435180664062,2785600
2021-12-02,194.69000244140625,199.0399932861328,193.6300048828125,197.7899932861328,191.01925659179688,2226600
2021-12-03,198.7899932861328,201.6999969482422,198.0800018310547,199.86000061035156,193.01840209960938,2363900
2021-12-06,202.7100067138672,208.55999755859375,201.6199951171875,206.58999633789062,200.52133178710938,1844600
2021-12-07,206.9499969482422,209.4199981689453,206.6199951171875,207.97000122070312,201.86077880859375,2028200
2021-12-08,207.86000061035156,209.0,206.44000244140625,208.30999755859375,202.19082641601562,1462600
2021-12-09,208.27999877929688,211.3699951171875,207.72999572753906,211.3000030517578,205.0929718017578,1518700
2021-12-10,212.77999877929688,215.4600067138672,211.97000122070312,214.94000244140625,208.62603759765625,2176600
2021-12-13,214.9499969482422,216.61000061035156,212.88999938964844,215.14999389648438,208.8298797607422,1857700
2021-12-14,213.3800048828125,217.85000610351562,212.86000061035156,216.6199951171875,210.25669860839844,2605500
2021-12-15,217.0399932861328,218.8699951171875,213.64999389648438,217.4600067138672,211.072021484375,2513700
2021-12-16,216.5399932861328,220.3800048828125,216.50999450683594,218.6699981689453,212.24647521972656,2063700
2021-12-17,218.64999389648438,221.08999633789062,216.07000732421875,219.6199951171875,213.16856384277344,4037000
2021-12-20,216.77000427246094,219.5399932861328,213.02999877929688,217.0,210.6255340576172,1843700
2021-12-21,216.0,221.64999389648438,216.0,220.24000549316406,213.7703857421875,1570600
2021-12-22,220.0,223.13999938964844,219.92999267578125,222.3300018310547,215.79896545410156,1539800
2021-12-23,223.4499969482422,226.9499969482422,222.27000427246094,225.88999938964844,219.25439453125,1286100
2021-12-27,227.58999633789062,228.6699981689453,225.91000366210938,227.86000061035156,221.16650390625,932300
2021-12-28,227.77999877929688,230.97000122070312,227.77999877929688,230.5399932861328,223.7677764892578,864800
2021-12-29,230.60000610351562,232.30999755859375,230.49000549316406,231.64999389648438,224.84518432617188,821400
2021-12-30,231.47000122070312,232.88999938964844,230.58999633789062,230.75,223.97161865234375,768200
2021-12-31,231.11000061035156,232.27999877929688,229.60000610351562,229.6300048828125,222.88450622558594,923800
2022-01-03,229.49000549316406,234.39999389648438,228.64999389648438,234.1999969482422,227.3202667236328,1434400
2022-01-04,234.11000061035156,236.9499969482422,232.8800048828125,233.3000030517578,226.44671630859375,1614000
2022-01-05,234.82000732421875,239.60000610351562,233.38999938964844,236.52000427246094,229.57212829589844,1559300
2022-01-06,232.82000732421875,235.14999389648438,226.0800018310547,227.5399932861328,220.8559112548828,2258300
2022-01-07,227.13999938964844,234.08999633789062,225.1999969482422,233.17999267578125,226.3302459716797,2049800
2022-01-10,234.08999633789062,236.0,230.1300048828125,233.69000244140625,226.82525634765625,1675100
2022-01-11,235.72999572753906,241.19000244140625,232.60000610351562,240.13999938964844,233.08580017089844,1926500
2022-01-12,240.08999633789062,240.83999633789062,236.0800018310547,238.77999877929688,231.76573181152344,1352600
2022-01-13,237.92999267578125,242.2100067138672,237.38999938964844,240.5500030517578,233.48373413085938,1139000
2022-01-14,239.6199951171875,242.35000610351562,238.88999938964844,242.1699981689453,235.05615234375,1327700
2022-01-18,241.3300018310547,241.75,236.88999938964844,239.97999572753906,232.9304656982422,1445700
2022-01-19,240.80999755859375,244.1699981689453,238.49000549316406,238.8000030517578,231.78517150878906,1452300
2022-01-20,238.39999389648438,244.67999267578125,237.74000549316406,240.38999938964844,233.3284454345703,1429100
2022-01-21,240.61000061035156,242.17999267578125,235.6699981689453,236.25,229.31005859375,1782000
2022-01-24,233.8699951171875,236.8300018310547,228.33999633789062,236.4199981689453,229.47508239746094,1980300
2022-01-25,233.91000366210938,236.1199951171875,228.00999450683594,234.74000549316406,227.84442138671875,1557800
2022-01-26,235.36000061035156,238.9600067138672,230.75,234.02000427246094,227.14556884765625,1761800
2022-01-27,231.0399932861328,232.63999938964844,224.41000366210938,227.42999267578125,220.7491455078125,2338800
2022-01-28,227.66000366210938,234.4600067138672,226.02000427246094,233.4499969482422,226.59228515625,2682700
2022-01-31,230.72999572753906,232.97000122070312,227.64999389648438,230.4600067138672,223.69017028808594,2622200
2022-02-01,229.4600067138672,229.91000366210938,223.49000549316406,225.91000366210938,219.2738037109375,2318800
2022-02-02,225.91000366210938,230.61000061035156,225.32000732421875,230.02000427246094,223.2630615234375,2044200
2022-02-03,225.0,225.0,217.27000427246094,217.55999755859375,211.16908264160156,3029400
2022-02-04,213.33999633789062,223.0399932861328,213.16000366210938,221.3699951171875,214.86717224121094,2036700
2022-02-07,218.16000366210938,226.60000610351562,218.00999450683594,224.47999572753906,217.8857879638672,1473200
2022-02-08,226.57000732421875,232.41000366210938,224.55999755859375,231.77000427246094,224.96165466308594,1613900
2022-02-09,232.72999572753906,233.89999389648438,230.44000244140625,232.3800048828125,225.55374145507812,1112600
2022-02-10,230.05999755859375,235.5,229.3000030517578,230.27000427246094,223.5057373046875,1358000
2022-02-11,230.0,233.44000244140625,226.77999877929688,227.5,220.8170928955078,1215500
2022-02-14,228.7100067138672,229.16000366210938,223.5399932861328,225.24000549316406,218.62347412109375,1472000
2022-02-15,226.92999267578125,229.74000549316406,226.16000366210938,228.41000366210938,221.7003631591797,1683400
2022-02-16,227.80999755859375,229.9199981689453,227.05999755859375,229.0,222.2730255126953,1241900
2022-02-17,227.49000549316406,229.8699951171875,226.1199951171875,227.11000061035156,220.4385528564453,1222800
2022-02-18,226.99000549316406,230.8000030517578,225.0500030517578,228.64999389648438,221.93328857421875,1339800
2022-02-22,227.35000610351562,229.33999633789062,225.39999389648438,227.72999572753906,221.0403289794922,1598300
2022-02-23,228.5800018310547,229.17999267578125,224.86000061035156,225.08999633789062,218.47789001464844,1596100
2022-02-24,220.94000244140625,224.8800048828125,218.52000427246094,224.42999267578125,217.83726501464844,3009900
2022-02-25,225.50999450683594,234.1199951171875,225.14999389648438,232.83999633789062,226.000244140625,1863600
2022-02-28,228.6999969482422,239.1300048828125,228.11000061035156,237.77999877929688,230.79510498046875,3367700
2022-03-01,237.08999633789062,239.35000610351562,233.60000610351562,237.10000610351562,230.1350860595703,1546300
2022-03-02,239.0,241.9499969482422,237.8699951171875,240.50999450683594,233.4449005126953,1462200
2022-03-03,241.2100067138672,241.99000549316406,236.1199951171875,237.80999755859375,230.82421875,1285600
2022-03-04,234.32000732421875,241.94000244140625,232.47999572753906,241.6300048828125,234.53201293945312,1345600
2022-03-07,241.1300048828125,241.94000244140625,236.86000061035156,237.85000610351562,230.863037109375,1733900
2022-03-08,235.0800018310547,236.72000122070312,229.0,229.10000610351562,223.42214965820312,1816100
2022-03-09,233.1300048828125,233.69000244140625,230.11000061035156,231.25999450683594,225.5286102294922,1298100
2022-03-10,229.02000427246094,230.0399932861328,225.49000549316406,229.4600067138672,223.77320861816406,2156200
2022-03-11,231.0,232.0,226.44000244140625,226.86000061035156,221.23765563964844,1757100
2022-03-14,229.57000732421875,229.57000732421875,224.22000122070312,226.1999969482422,220.59402465820312,1984000
2022-03-15,228.2100067138672,234.25,227.94000244140625,233.0800018310547,227.3035125732422,1683900
2022-03-16,234.5,238.1999969482422,233.3000030517578,237.5,231.61398315429688,1536100
2022-03-17,234.88999938964844,242.8800048828125,234.88999938964844,242.38999938964844,236.38278198242188,2136500
2022-03-18,241.7100067138672,243.7100067138672,239.16000366210938,241.16000366210938,235.18325805664062,3473700
2022-03-21,240.47999572753906,245.99000549316406,240.1699981689453,243.50999450683594,237.47500610351562,1519700
2022-03-22,244.74000549316406,246.77999877929688,243.44000244140625,243.52999877929688,237.49453735351562,1561600
2022-03-23,242.4499969482422,243.60000610351562,238.47999572753906,238.5,232.5891876220703,1530300
2022-03-24,238.97000122070312,242.9199981689453,238.5,242.10000610351562,236.0999755859375,1120700
2022-03-25,242.8000030517578,243.9600067138672,241.35000610351562,243.5800018310547,237.5432891845703,1327300
2022-03-28,244.0,244.0,241.3699951171875,243.66000366210938,237.62130737304688,1470800
2022-03-29,245.42999267578125,245.5500030517578,240.13999938964844,243.33999633789062,237.30923461914062,1238100
2022-03-30,243.8800048828125,246.07000732421875,243.13999938964844,245.8300018310547,239.73751831054688,943400
2022-03-31,243.0800018310547,244.89999389648438,239.5,239.61000061035156,233.67166137695312,1784200
2022-04-01,242.1999969482422,247.83999633789062,240.77999877929688,246.25,240.14710998535156,1584700
2022-04-04,244.9499969482422,246.19000244140625,241.36000061035156,242.25999450683594,236.2559814453125,1405100
2022-04-05,240.77000427246094,248.97000122070312,240.77000427246094,245.08999633789062,239.01585388183594,1433100
2022-04-06,243.69000244140625,250.32000732421875,243.0399932861328,249.61000061035156,243.42384338378906,1372900
2022-04-07,249.47999572753906,256.1700134277344,248.66000366210938,255.1300048828125,248.80703735351562,1648000
2022-04-08,256.2900085449219,259.29998779296875,254.7899932861328,257.8999938964844,251.50840759277344,1493000
2022-04-11,257.94000244140625,259.45001220703125,253.4600067138672,254.1199951171875,247.82205200195312,1172700
2022-04-12,254.3699951171875,257.45001220703125,253.41000366210938,254.82000732421875,248.5047149658203,1102500
2022-04-13,255.89999389648438,259.3699951171875,254.8000030517578,258.989990234375,252.5713653564453,1500600
2022-04-14,260.0,265.2200012207031,258.8699951171875,259.2099914550781,252.78591918945312,1381000
2022-04-18,258.1000061035156,261.5299987792969,257.79998779296875,258.9599914550781,252.5421142578125,1157000
2022-04-19,260.1300048828125,262.30999755859375,258.6600036621094,261.0299987792969,254.56082153320312,1501700
2022-04-20,262.4700012207031,269.8399963378906,261.4599914550781,268.8699951171875,262.20654296875,1463000
2022-04-21,269.1400146484375,269.9700012207031,264.3500061035156,264.6099853515625,258.0520935058594,1132000
2022-04-22,263.0,263.0,254.7100067138672,255.05999755859375,248.73876953125,1262100
2022-04-25,255.1699981689453,255.1699981689453,246.77999877929688,254.36000061035156,248.05612182617188,1402200
2022-04-26,252.1999969482422,256.4100036621094,252.16000366210938,252.60000610351562,246.33973693847656,889100
2022-04-27,252.6699981689453,255.25,248.63999938964844,250.77000427246094,244.55508422851562,1208100
2022-04-28,252.89999389648438,254.74000549316406,249.75999450683594,254.24000549316406,247.93910217285156,917600
2022-04-29,252.58999633789062,253.67999267578125,246.05999755859375,246.77999877929688,240.6639862060547,1423800
2022-05-02,247.2100067138672,249.47999572753906,241.61000061035156,246.11000061035156,240.0105743408203,1497500
2022-05-03,246.74000549316406,250.64999389648438,246.32000732421875,247.2899932861328,241.16136169433594,1115900
2022-05-04,248.13999938964844,256.7099914550781,245.89999389648438,255.6699981689453,249.3336639404297,1130700
2022-05-05,253.89999389648438,255.80999755859375,249.7899932861328,252.0800018310547,245.83262634277344,1628500
2022-05-06,255.8000030517578,267.510009765625,255.0399932861328,266.8999938964844,260.28533935546875,2208100
2022-05-09,266.79998779296875,268.4700012207031,259.7200012207031,261.4100036621094,254.93141174316406,2228400
2022-05-10,262.0199890136719,264.44000244140625,258.6300048828125,260.6499938964844,254.19024658203125,1612900
2022-05-11,260.1099853515625,267.5299987792969,259.69000244140625,260.20001220703125,253.7514190673828,1410700
2022-05-12,259.42999267578125,260.7300109863281,254.27000427246094,260.0299987792969,253.58560180664062,1675400
2022-05-13,261.04998779296875,261.9800109863281,258.0299987792969,259.19000244140625,252.7664031982422,1520100
2022-05-16,265.4599914550781,269.44000244140625,262.30999755859375,266.489990234375,259.8854675292969,1542700
2022-05-17,268.57000732421875,271.7099914550781,267.510009765625,271.3500061035156,264.62506103515625,1436300
2022-05-18,269.57000732421875,270.0,255.92999267578125,257.57000732421875,251.1865692138672,2537200
2022-05-19,255.4600067138672,259.1499938964844,253.1300048828125,256.8800048828125,250.513671875,1692000
2022-05-20,256.760009765625,261.8699951171875,254.4199981689453,259.489990234375,253.05899047851562,1623700
2022-05-23,262.2699890136719,265.760009765625,261.3599853515625,263.3699951171875,256.84283447265625,1092300
2022-05-24,264.239990234375,266.6499938964844,261.4100036621094,264.9599914550781,258.3934631347656,1383100
2022-05-25,265.3500061035156,266.5400085449219,263.44000244140625,265.75,259.1638488769531,1097500
2022-05-26,269.2900085449219,271.0,267.7099914550781,268.8800048828125,262.2162780761719,1695800
2022-05-27,268.1099853515625,272.9700012207031,266.2900085449219,272.3999938964844,265.6490783691406,1248100
2022-05-31,270.2200012207031,273.5799865722656,267.3299865722656,268.2900085449219,261.640869140625,3557100
2022-06-01,271.2900085449219,271.5799865722656,262.1499938964844,264.5799865722656,258.0228271484375,2622900
2022-06-02,265.2099914550781,265.2099914550781,257.5899963378906,263.42999267578125,256.90130615234375,1656300
2022-06-03,262.82000732421875,263.30999755859375,253.69000244140625,253.97000122070312,247.67579650878906,2331300
2022-06-06,256.19000244140625,259.739990234375,254.52000427246094,258.32000732421875,251.91798400878906,1615000
2022-06-07,257.17999267578125,262.82000732421875,255.14999389648438,262.2799987792969,256.8936462402344,1792300
2022-06-08,259.5199890136719,262.6000061035156,258.8900146484375,260.7799987792969,255.42446899414062,1235600
2022-06-09,260.20001220703125,262.5400085449219,257.45001220703125,257.5799865722656,252.2901611328125,1101600
2022-06-10,253.24000549316406,256.0899963378906,251.8800048828125,253.2899932861328,248.0882568359375,1403000
2022-06-13,248.8800048828125,249.8000030517578,241.14999389648438,242.22999572753906,237.2554168701172,2242000
2022-06-14,242.14999389648438,246.3699951171875,240.11000061035156,245.7100067138672,240.66395568847656,2205400
2022-06-15,247.0500030517578,249.7100067138672,243.9600067138672,247.10000610351562,242.02540588378906,1643400
2022-06-16,247.2899932861328,248.52000427246094,240.17999267578125,248.3000030517578,243.20077514648438,1904200
2022-06-17,250.1699981689453,251.82000732421875,241.5399932861328,244.52000427246094,239.49838256835938,3822900
2022-06-21,249.8000030517578,254.7899932861328,244.85000610351562,252.17999267578125,247.0010528564453,2324600
2022-06-22,252.8300018310547,259.0199890136719,250.25,255.89999389648438,250.64466857910156,1506200
2022-06-23,257.2900085449219,260.2799987792969,254.9199981689453,259.67999267578125,254.34703063964844,1774200
2022-06-24,261.4700012207031,265.79998779296875,255.91000366210938,265.1300048828125,259.68511962890625,3406200
2022-06-27,264.3399963378906,269.1499938964844,262.30999755859375,267.8800048828125,262.378662109375,1637100
2022-06-28,268.4599914550781,271.3999938964844,264.760009765625,266.2099914550781,260.742919921875,1494900
2022-06-29,268.19000244140625,269.8800048828125,264.8399963378906,267.3399963378906,261.8497314453125,1439600
2022-06-30,264.5,266.07000732421875,261.45001220703125,263.5199890136719,258.108154296875,2029700
2022-07-01,263.760009765625,268.95001220703125,260.6499938964844,268.0299987792969,262.5255432128906,1302800
2022-07-05,264.5199890136719,265.2300109863281,256.3699951171875,264.8399963378906,259.40106201171875,2331900
2022-07-06,265.0400085449219,273.20001220703125,263.4100036621094,271.0899963378906,265.5227355957031,3259600
2022-07-07,272.04998779296875,277.45001220703125,272.04998779296875,275.7799987792969,270.1163635253906,5021100
2022-07-08,275.6099853515625,281.489990234375,274.67999267578125,279.19000244140625,273.4563903808594,2325200
2022-07-11,277.19000244140625,281.9100036621094,276.79998779296875,279.9100036621094,274.1615905761719,1550500
2022-07-12,279.1700134277344,282.3299865722656,278.3699951171875,279.3500061035156,273.6131286621094,2599300
2022-07-13,276.8599853515625,279.5199890136719,273.4599914550781,273.75,268.1280822753906,1563400
2022-07-14,266.82000732421875,266.82000732421875,261.0,264.9100036621094,259.4696044921875,2260800
2022-07-15,269.0199890136719,274.3800048828125,267.2900085449219,274.1099853515625,268.4806823730469,1880600
2022-07-18,274.4700012207031,274.8500061035156,267.2900085449219,268.3500061035156,262.8389892578125,1597100
2022-07-19,270.20001220703125,276.3800048828125,270.0799865722656,274.6000061035156,268.9606018066406,2084800
2022-07-20,273.67999267578125,274.17999267578125,264.2900085449219,266.7200012207031,261.2424621582031,1669200
2022-07-21,264.7900085449219,267.75,263.4599914550781,266.3500061035156,260.88006591796875,1705900
2022-07-22,267.0,269.2200012207031,265.7200012207031,269.20001220703125,263.6715393066406,1787200
2022-07-25,270.25,274.9200134277344,270.25,272.6300048828125,267.0310974121094,1323500
2022-07-26,274.1499938964844,275.6499938964844,272.82000732421875,274.8299865722656,269.1858825683594,1731400
2022-07-27,274.010009765625,276.6000061035156,270.0400085449219,274.7300109863281,269.0879821777344,1120100
2022-07-28,275.4100036621094,275.75,270.5899963378906,273.2200012207031,267.60894775390625,1650700
2022-07-29,273.1400146484375,277.7200012207031,272.4200134277344,275.3599853515625,269.7050476074219,1836900
2022-08-01,273.9800109863281,276.9200134277344,272.1300048828125,273.4100036621094,267.7950744628906,1434600
2022-08-02,274.95001220703125,275.0299987792969,270.7699890136719,271.44000244140625,265.86553955078125,1415400
2022-08-03,272.1099853515625,273.79998779296875,271.2799987792969,271.739990234375,266.15936279296875,3548800
2022-08-04,280.6300048828125,284.4599914550781,279.260009765625,280.1000061035156,274.34771728515625,3654700
2022-08-05,278.55999755859375,282.6600036621094,278.2799987792969,281.7699890136719,275.9833679199219,2039800
2022-08-08,282.0,283.8500061035156,280.7300109863281,281.7699890136719,275.9833679199219,2392000
2022-08-09,284.32000732421875,288.4599914550781,283.3699951171875,285.0400085449219,279.1862487792969,1690700
2022-08-10,287.04998779296875,289.25,285.70001220703125,287.07000732421875,281.1745300292969,1400000
2022-08-11,286.8999938964844,289.6300048828125,284.3800048828125,286.0,280.12652587890625,1844900
2022-08-12,286.1499938964844,291.3900146484375,286.1499938964844,290.9200134277344,284.94549560546875,4395400
2022-08-15,290.0400085449219,293.5,288.0799865722656,290.8699951171875,284.8965148925781,1057100
2022-08-16,291.0400085449219,293.20001220703125,289.2300109863281,290.6099853515625,284.641845703125,1491700
2022-08-17,288.6300048828125,293.3800048828125,287.5400085449219,291.6000061035156,285.61151123046875,1107700
2022-08-18,292.0,292.1600036621094,287.9599914550781,290.8900146484375,284.9161071777344,1845000
2022-08-19,291.3699951171875,293.9599914550781,290.739990234375,292.9800109863281,286.96319580078125,1162600
2022-08-22,290.5899963378906,292.6499938964844,290.3900146484375,291.5,285.5135803222656,1348800
2022-08-23,291.0,291.3900146484375,285.80999755859375,286.3299865722656,280.44970703125,1255000
2022-08-24,286.69000244140625,289.6000061035156,285.8299865722656,288.760009765625,282.8298645019531,1808400
2022-08-25,288.80999755859375,291.94000244140625,286.80999755859375,291.8500061035156,285.85638427734375,1443300
2022-08-26,292.0,292.1700134277344,284.6499938964844,284.8699951171875,279.0197448730469,1724100
2022-08-29,283.8699951171875,289.2900085449219,282.04998779296875,287.19000244140625,281.2920837402344,1158700
2022-08-30,287.67999267578125,288.510009765625,283.6099853515625,285.07000732421875,279.21563720703125,1235700
2022-08-31,285.4100036621094,286.7099914550781,283.1499938964844,283.45001220703125,277.62890625,2452000
2022-09-01,284.8399963378906,288.42999267578125,283.510009765625,288.0400085449219,282.1246032714844,1267800
2022-09-02,289.8699951171875,292.7799987792969,286.260009765625,287.70001220703125,281.7916259765625,2035300
2022-09-06,286.5799865722656,290.2200012207031,283.7799987792969,285.25,280.48382568359375,1242600
2022-09-07,285.3599853515625,291.8399963378906,284.8900146484375,290.0,285.15447998046875,2674900
2022-09-08,289.7699890136719,291.45001220703125,286.8999938964844,290.7099914550781,285.85260009765625,1985300
2022-09-09,291.25,294.5299987792969,290.8800048828125,292.8399963378906,287.947021484375,1362900
2022-09-12,292.760009765625,296.2900085449219,291.9700012207031,294.1499938964844,289.2351379394531,3001400
2022-09-13,291.1400146484375,291.6499938964844,286.1400146484375,286.82000732421875,282.027587890625,2276200
2022-09-14,288.760009765625,289.2900085449219,281.6300048828125,284.0799865722656,279.3333740234375,2454300
2022-09-15,289.3399963378906,292.1499938964844,284.57000732421875,289.9599914550781,285.1151428222656,2369400
2022-09-16,289.9599914550781,291.1000061035156,287.3599853515625,290.3500061035156,285.4986267089844,4982700
2022-09-19,287.5899963378906,289.45001220703125,285.760009765625,289.32000732421875,284.4858703613281,2042900
2022-09-20,289.55999755859375,290.3900146484375,285.69000244140625,288.0799865722656,283.26654052734375,1768500
2022-09-21,291.07000732421875,294.2799987792969,284.8800048828125,284.95001220703125,280.1888427734375,1802100
2022-09-22,284.760009765625,285.3599853515625,281.3699951171875,282.8999938964844,278.173095703125,1176000
2022-09-23,280.6700134277344,280.8900146484375,273.6199951171875,277.7699890136719,273.1288146972656,1892200
2022-09-26,277.0,278.6000061035156,273.1400146484375,276.79998779296875,272.1750183105469,1994100
2022-09-27,279.07000732421875,282.3500061035156,276.1400146484375,277.6199951171875,272.9813232421875,2295400
2022-09-28,279.54998779296875,284.260009765625,277.0,282.54998779296875,277.82891845703125,1561800
2022-09-29,281.69000244140625,281.69000244140625,277.70001220703125,280.55999755859375,275.8721923828125,1472300
2022-09-30,279.82000732421875,283.989990234375,277.3500061035156,277.4700012207031,272.8338623046875,2327200
2022-10-03,280.75,288.6099853515625,279.3299865722656,287.2200012207031,282.4209289550781,2315000
2022-10-04,289.1499938964844,293.07000732421875,288.5,293.0199890136719,288.1239929199219,1838300
2022-10-05,292.0400085449219,295.1600036621094,291.0400085449219,294.0299987792969,289.11712646484375,1220400
2022-10-06,292.3900146484375,294.67999267578125,291.7200012207031,293.0799865722656,288.1829833984375,1673100
2022-10-07,289.3599853515625,290.8900146484375,286.3699951171875,288.3800048828125,283.5615539550781,1956100
2022-10-10,288.0,289.67999267578125,283.7900085449219,285.7300109863281,280.955810546875,2891200
2022-10-11,284.5,293.8299865722656,284.1300048828125,290.95001220703125,286.088623046875,1815600
2022-10-12,291.989990234375,294.9100036621094,288.20001220703125,288.3599853515625,283.5418701171875,2332900
2022-10-13,285.6000061035156,299.1199951171875,284.8500061035156,297.6400146484375,292.6668395996094,2205200
2022-10-14,300.0,300.75,293.1000061035156,295.29998779296875,290.3658752441406,2500600
2022-10-17,295.0,297.1499938964844,289.2799987792969,289.9200134277344,285.0758056640625,2596100
2022-10-18,295.0,296.2300109863281,290.3999938964844,293.739990234375,288.83197021484375,2221800
2022-10-19,294.25,296.2900085449219,290.17999267578125,293.0799865722656,288.1829833984375,1548200
2022-10-20,292.79998779296875,296.9800109863281,291.9200134277344,294.30999755859375,289.3924560546875,1509500
2022-10-21,293.2200012207031,302.2900085449219,291.9100036621094,301.3399963378906,296.30499267578125,1881200
2022-10-24,303.5,308.2799987792969,303.45001220703125,306.95001220703125,301.8212585449219,1875200
2022-10-25,308.0,311.6099853515625,304.8500061035156,310.9200134277344,305.7249755859375,1650900
2022-10-26,313.0199890136719,317.7300109863281,312.82000732421875,314.95001220703125,309.6876220703125,1770300
2022-10-27,315.9100036621094,319.5,314.0199890136719,316.5799865722656,311.29034423828125,1422600
2022-10-28,318.3500061035156,325.1600036621094,318.3500061035156,324.760009765625,319.33367919921875,1420000
2022-10-31,322.3500061035156,324.1499938964844,321.29998779296875,323.05999755859375,317.6620788574219,1835800
2022-11-01,323.20001220703125,326.32000732421875,320.6199951171875,325.1199951171875,319.68768310546875,1713600
2022-11-02,324.1300048828125,328.6000061035156,320.8399963378906,320.8599853515625,315.49884033203125,2190200
2022-11-03,321.2300109863281,328.510009765625,317.3800048828125,324.239990234375,318.8223571777344,2902600
2022-11-04,327.0,327.0,318.0799865722656,322.1300048828125,316.74761962890625,2230400
2022-11-07,324.0,327.3699951171875,321.4800109863281,324.3699951171875,318.9501647949219,1566600
2022-11-08,323.0899963378906,329.3900146484375,321.17999267578125,327.739990234375,322.2638854980469,1349300
2022-11-09,328.7099914550781,331.04998779296875,324.5899963378906,324.989990234375,319.559814453125,1278000
2022-11-10,329.04998779296875,329.04998779296875,315.6300048828125,323.3399963378906,317.9374084472656,2063000
2022-11-11,324.3900146484375,324.5,289.6099853515625,303.82000732421875,298.7435607910156,5494500
2022-11-14,306.42999267578125,312.5299987792969,304.82000732421875,306.8500061035156,301.722900390625,1973300
2022-11-15,308.32000732421875,308.6600036621094,301.3999938964844,305.1700134277344,300.0710144042969,2121100
2022-11-16,306.1499938964844,309.4100036621094,305.1300048828125,306.69000244140625,301.56561279296875,1375000
2022-11-17,305.45001220703125,312.8800048828125,305.45001220703125,312.1000061035156,306.8852233886719,1616400
2022-11-18,315.1199951171875,322.2699890136719,315.1199951171875,319.2099914550781,313.87640380859375,1909700
2022-11-21,319.5400085449219,322.1400146484375,314.5,315.2900085449219,310.02191162109375,1930700
2022-11-22,317.6300048828125,321.3599853515625,317.4599914550781,319.3500061035156,314.0140686035156,1519300
2022-11-23,319.1000061035156,322.0,318.9800109863281,319.8399963378906,314.495849609375,1542800
2022-11-25,322.07000732421875,324.1099853515625,319.95001220703125,323.8999938964844,318.488037109375,921400
2022-11-28,323.0400085449219,327.04998779296875,318.9800109863281,319.510009765625,314.17138671875,1989800
2022-11-29,318.5799865722656,322.9599914550781,318.5799865722656,320.70001220703125,315.3415222167969,2131500
2022-11-30,320.70001220703125,328.9200134277344,319.1300048828125,328.8900146484375,323.3946838378906,4833900
2022-12-01,328.6000061035156,329.57000732421875,322.5899963378906,323.45001220703125,318.0455627441406,2181500
2022-12-02,322.6400146484375,328.1000061035156,322.57000732421875,327.20001220703125,321.7328796386719,1301200
2022-12-05,323.82000732421875,328.2699890136719,323.3599853515625,327.3900146484375,323.0254211425781,1476900
2022-12-06,327.79998779296875,331.95001220703125,325.989990234375,329.6400146484375,325.2454528808594,1300500
2022-12-07,329.5,332.8999938964844,328.6400146484375,332.19000244140625,327.7614440917969,1951700
2022-12-08,333.4100036621094,335.6499938964844,332.19000244140625,333.5,329.0539855957031,1039500
2022-12-09,333.2200012207031,336.30999755859375,332.0799865722656,332.1199951171875,327.6923828125,1323600
2022-12-12,332.2900085449219,339.510009765625,332.2900085449219,339.29998779296875,334.7766418457031,1566500
2022-12-13,340.0,340.1099853515625,330.07000732421875,330.25,325.8473205566406,2003900
2022-12-14,332.489990234375,336.0,330.6700134277344,334.67999267578125,330.21826171875,1217900
2022-12-15,332.489990234375,334.0,329.3500061035156,331.45001220703125,327.03131103515625,2013400
2022-12-16,327.95001220703125,329.6099853515625,321.6000061035156,327.2900085449219,322.9267883300781,3188400
2022-12-19,327.79998779296875,331.9599914550781,326.7200012207031,330.7799987792969,326.3702697753906,1041400
2022-12-20,330.6199951171875,333.4800109863281,329.3699951171875,329.5400085449219,325.14678955078125,983600
2022-12-21,332.20001220703125,333.7699890136719,327.3800048828125,333.1600036621094,328.718505859375,1283200
2022-12-22,333.2300109863281,334.54998779296875,329.6499938964844,333.2799987792969,328.8369445800781,888500
2022-12-23,333.2799987792969,335.80999755859375,331.760009765625,334.30999755859375,329.8531799316406,618900
2022-12-27,335.3999938964844,335.8599853515625,333.20001220703125,334.1000061035156,329.6459655761719,563600
2022-12-28,335.010009765625,336.0,331.489990234375,331.8500061035156,327.42596435546875,553500
2022-12-29,333.739990234375,334.04998779296875,330.3900146484375,330.7200012207031,326.31103515625,583500
2022-12-30,330.70001220703125,331.82000732421875,327.3699951171875,331.3399963378906,326.92279052734375,699700
2023-01-03,327.3599853515625,327.9100036621094,318.0400085449219,321.4800109863281,317.1942443847656,1560400
2023-01-04,321.07000732421875,322.2300109863281,307.1199951171875,310.29998779296875,306.16326904296875,2482800
2023-01-05,308.92999267578125,309.1199951171875,303.29998779296875,304.19000244140625,300.1347351074219,1949800
2023-01-06,305.3599853515625,305.3599853515625,299.510009765625,302.67999267578125,298.6448669433594,3554000
2023-01-09,302.75,304.6300048828125,299.489990234375,303.0400085449219,299.0000915527344,2531400
2023-01-10,303.4200134277344,306.94000244140625,302.260009765625,303.7900085449219,299.7400817871094,1393300
2023-01-11,303.45001220703125,311.2699890136719,303.260009765625,309.2300109863281,305.1075439453125,1608300
2023-01-12,308.5799865722656,311.989990234375,306.82000732421875,310.2200012207031,306.0843200683594,1278600
2023-01-13,309.4700012207031,317.44000244140625,309.4700012207031,314.2099914550781,310.0211486816406,1524900
2023-01-17,314.7799987792969,318.20001220703125,313.70001220703125,315.0,310.8006286621094,1813000
2023-01-18,314.42999267578125,316.260009765625,307.9599914550781,308.3599853515625,304.2491149902344,1106000
2023-01-19,309.5,313.75,309.239990234375,310.6600036621094,306.51849365234375,1207600
2023-01-20,310.69000244140625,312.3399963378906,306.010009765625,308.3599853515625,304.2491149902344,1118300
2023-01-23,308.3699951171875,312.44000244140625,307.6099853515625,308.1700134277344,304.0616760253906,1482000
2023-01-24,308.5400085449219,309.07000732421875,303.8399963378906,308.989990234375,304.8707275390625,1296700
2023-01-25,309.0,315.3999938964844,307.4700012207031,313.5899963378906,309.409423828125,1193300
2023-01-26,314.1499938964844,315.42999267578125,311.6000061035156,313.20001220703125,309.0246276855469,1051100
2023-01-27,313.20001220703125,314.32000732421875,307.5899963378906,308.29998779296875,304.1899108886719,1217000
2023-01-30,309.7900085449219,311.8500061035156,308.6400146484375,310.3599853515625,306.22247314453125,1551200
2023-01-31,313.25,317.010009765625,311.2300109863281,316.6700134277344,312.4483642578125,1583500
2023-02-01,315.0,316.1499938964844,311.2699890136719,313.2799987792969,309.1035461425781,1253700
2023-02-02,310.0,310.1600036621094,299.44000244140625,301.5299987792969,297.51019287109375,2146000
2023-02-03,304.3800048828125,309.75,291.3500061035156,292.5899963378906,288.68939208984375,2842000
2023-02-06,293.82000732421875,294.75,286.6099853515625,288.44000244140625,284.5947265625,2245600
2023-02-07,286.9800109863281,289.70001220703125,284.2699890136719,289.0,285.147216796875,2078500
2023-02-08,287.95001220703125,292.6000061035156,286.5,290.20001220703125,286.3312683105469,2000200
2023-02-09,290.20001220703125,293.1700134277344,287.6000061035156,291.510009765625,287.6238098144531,1781200
2023-02-10,293.6099853515625,296.7799987792969,292.82000732421875,296.510009765625,292.55712890625,1267600
2023-02-13,296.1600036621094,300.6199951171875,295.45001220703125,298.55999755859375,294.5798034667969,1232500
2023-02-14,298.6000061035156,302.0899963378906,298.3699951171875,299.3599853515625,295.3691101074219,1347500
2023-02-15,298.8399963378906,303.8800048828125,298.260009765625,298.5799865722656,294.5995178222656,1760200
2023-02-16,297.29998779296875,302.79998779296875,296.92999267578125,299.42999267578125,295.43817138671875,1525500
2023-02-17,299.1400146484375,302.70001220703125,298.010009765625,301.05999755859375,297.04644775390625,2116900
2023-02-21,300.3299865722656,301.32000732421875,293.6600036621094,293.9800109863281,290.06085205078125,1191900
2023-02-22,294.3900146484375,296.45001220703125,292.7699890136719,294.9200134277344,290.9883117675781,1865300
2023-02-23,295.4700012207031,299.8399963378906,293.6199951171875,294.6499938964844,290.7218933105469,2163300
2023-02-24,293.30999755859375,296.3500061035156,292.19000244140625,293.7300109863281,289.8141784667969,1473800
2023-02-27,294.05999755859375,298.4700012207031,293.70001220703125,296.3599853515625,292.4090881347656,1275200
2023-02-28,295.7900085449219,296.5,290.3800048828125,292.1000061035156,288.2059020996094,1753500
2023-03-01,288.9200134277344,292.0,286.8800048828125,288.75,284.90057373046875,1557000
2023-03-02,289.0,290.4599914550781,286.94000244140625,287.5899963378906,283.7560119628906,1498700
2023-03-03,289.1099853515625,289.20001220703125,284.75,286.9700012207031,283.144287109375,2179000
2023-03-06,286.3299865722656,289.19000244140625,284.3999938964844,288.4700012207031,284.624267578125,1316300
2023-03-07,288.42999267578125,288.70001220703125,279.67999267578125,281.7200012207031,279.1545715332031,1234600
2023-03-08,281.67999267578125,283.6300048828125,277.32000732421875,279.32000732421875,276.77642822265625,1317800
2023-03-09,281.19000244140625,281.3999938964844,270.9100036621094,271.92999267578125,269.4537048339844,1807200
2023-03-10,271.6700134277344,280.1300048828125,271.6600036621094,275.6400146484375,273.12994384765625,2599900
2023-03-13,272.9700012207031,277.2200012207031,272.6600036621094,273.04998779296875,270.5635070800781,1404300
2023-03-14,273.9599914550781,274.7699890136719,268.4599914550781,272.1300048828125,269.6518859863281,1731200
2023-03-15,268.92999267578125,270.69000244140625,267.1700134277344,270.3599853515625,267.89801025390625,1585000
2023-03-16,269.4200134277344,274.92999267578125,268.8900146484375,274.42999267578125,271.9309387207031,1473000
2023-03-17,274.8500061035156,274.8500061035156,267.1700134277344,269.45001220703125,266.9963073730469,3738100
2023-03-20,270.32000732421875,274.5,270.32000732421875,272.8999938964844,270.4148864746094,1626400
2023-03-21,274.7300109863281,277.5799865722656,274.1300048828125,276.6199951171875,274.1009826660156,1704900
2023-03-22,277.5400085449219,279.4700012207031,270.25,270.44000244140625,267.9772644042969,1183900
2023-03-23,267.92999267578125,269.010009765625,255.25999450683594,256.5799865722656,254.2434844970703,3386100
2023-03-24,254.99000549316406,261.04998779296875,251.74000549316406,260.2099914550781,257.8404541015625,2216500
2023-03-27,263.5899963378906,265.7900085449219,259.8500061035156,261.7799987792969,259.3961486816406,1666800
2023-03-28,261.4100036621094,262.4800109863281,255.25999450683594,256.5,254.1642303466797,2127500
2023-03-29,256.7799987792969,257.3599853515625,252.0,254.02999877929688,251.71670532226562,3023100
2023-03-30,256.3399963378906,256.9700012207031,250.61000061035156,254.08999633789062,251.7761688232422,2834000
2023-03-31,255.74000549316406,256.0,253.41000366210938,255.52999877929688,253.2030487060547,1876900
2023-04-03,259.739990234375,264.3500061035156,258.17999267578125,262.0,259.6141357421875,2168700
2023-04-04,261.0199890136719,261.82000732421875,256.1099853515625,256.5400085449219,254.20387268066406,1417400
2023-04-05,258.70001220703125,266.9800109863281,257.1499938964844,265.8800048828125,263.4588317871094,2695800
2023-04-06,267.7300109863281,269.260009765625,264.54998779296875,265.2900085449219,262.8741760253906,1709000
2023-04-10,264.3399963378906,264.9800109863281,261.2200012207031,263.1000061035156,260.7041320800781,1199000
2023-04-11,265.19000244140625,267.8299865722656,263.67999267578125,266.4800109863281,264.0533752441406,1496100
2023-04-12,264.5400085449219,264.6700134277344,258.5799865722656,260.7699890136719,258.39532470703125,2293400
2023-04-13,261.8399963378906,265.9599914550781,260.7200012207031,263.80999755859375,261.40765380859375,2994400
2023-04-14,264.1499938964844,264.8900146484375,258.7099914550781,259.1000061035156,256.7405700683594,2823900
2023-04-17,260.0,260.5799865722656,256.3399963378906,258.6700134277344,256.3144836425781,2468200
2023-04-18,260.0,260.2799987792969,257.04998779296875,259.69000244140625,257.3251647949219,1367500
2023-04-19,256.3399963378906,256.55999755859375,251.1999969482422,256.1000061035156,253.7678680419922,1960200
2023-04-20,256.4599914550781,257.6499938964844,255.47999572753906,255.77999877929688,253.45077514648438,1822500
2023-04-21,256.5,256.7099914550781,250.82000732421875,252.1199951171875,249.8240966796875,1449500
2023-04-24,253.50999450683594,256.6000061035156,252.1199951171875,256.1000061035156,253.7678680419922,1208700
2023-04-25,256.1099853515625,258.6000061035156,252.57000732421875,253.7100067138672,251.39964294433594,1606800
2023-04-26,252.14999389648438,253.97999572753906,247.02999877929688,248.1699981689453,245.9100799560547,1339100
2023-04-27,249.44000244140625,251.10000610351562,247.7899932861328,250.3300018310547,248.0504150390625,1138700
2023-04-28,249.6199951171875,253.82000732421875,249.22000122070312,253.2899932861328,250.9834442138672,1111900
2023-05-01,253.2899932861328,256.7699890136719,252.0,254.89999389648438,252.5787811279297,1133500
2023-05-02,252.99000549316406,254.4499969482422,247.63999938964844,250.4199981689453,248.13958740234375,1370700
2023-05-03,250.3000030517578,250.97999572753906,245.16000366210938,246.0,243.7598419189453,1540200
2023-05-04,243.58999633789062,244.50999450683594,241.05999755859375,243.69000244140625,241.47088623046875,1564000
2023-05-05,252.17999267578125,264.20001220703125,252.0,260.739990234375,258.3656005859375,3767900
2023-05-08,259.05999755859375,266.19000244140625,257.510009765625,264.69000244140625,262.2796325683594,2357900
2023-05-09,265.0799865722656,269.3599853515625,262.6300048828125,262.7900085449219,260.39697265625,2177700
2023-05-10,265.4100036621094,268.6400146484375,262.510009765625,263.45001220703125,261.05096435546875,2772500
2023-05-11,262.6400146484375,262.9800109863281,258.70001220703125,260.0,257.6323547363281,1964300
2023-05-12,261.0799865722656,261.0799865722656,255.27000427246094,256.57000732421875,254.2335968017578,1161300
2023-05-15,256.42999267578125,258.8800048828125,253.55999755859375,258.0,255.65057373046875,1979500
2023-05-16,258.8699951171875,260.05999755859375,255.27999877929688,255.47999572753906,253.1535186767578,1601300
2023-05-17,255.7100067138672,263.5,254.3699951171875,263.2200012207031,260.8230285644531,1639100
2023-05-18,260.9200134277344,260.9200134277344,253.60000610351562,256.489990234375,254.15431213378906,1718800
2023-05-19,257.260009765625,258.9200134277344,254.41000366210938,255.1300048828125,252.80670166015625,1079500
2023-05-22,256.55999755859375,257.6300048828125,251.8300018310547,255.52000427246094,253.19314575195312,1025500
2023-05-23,254.4600067138672,254.9199981689453,251.75999450683594,251.9199981689453,249.6259307861328,963900
2023-05-24,252.3800048828125,253.0500030517578,249.66000366210938,249.75999450683594,247.485595703125,1013300
2023-05-25,247.86000061035156,248.83999633789062,243.44000244140625,247.07000732421875,244.8201141357422,1323200
2023-05-26,246.77999877929688,248.6300048828125,242.89999389648438,244.10000610351562,241.8771514892578,1683200
2023-05-30,241.5500030517578,245.57000732421875,240.5,242.63999938964844,240.43043518066406,1475400
2023-05-31,241.83999633789062,248.02999877929688,241.83999633789062,247.41000366210938,245.15699768066406,4134900
2023-06-01,248.86000061035156,255.99000549316406,248.86000061035156,253.38999938964844,251.08255004882812,1966500
2023-06-02,255.3800048828125,258.4800109863281,253.50999450683594,257.0299987792969,254.68939208984375,1282800
2023-06-05,257.55999755859375,263.29998779296875,257.55999755859375,262.739990234375,260.347412109375,1882100
2023-06-06,267.0,269.8800048828125,259.2300109863281,263.20001220703125,262.0299072265625,1606600
2023-06-07,261.989990234375,262.54998779296875,255.24000549316406,261.7900085449219,260.62615966796875,1440100
2023-06-08,262.2300109863281,266.2900085449219,261.04998779296875,264.510009765625,263.3340759277344,1285600
2023-06-09,264.0,267.82000732421875,262.6300048828125,265.8800048828125,264.6979675292969,1275400
2023-06-12,265.3399963378906,268.3299865722656,265.3399963378906,266.989990234375,265.80303955078125,1167800
2023-06-13,267.3500061035156,272.82000732421875,266.3399963378906,272.25,271.0396423339844,1837900
2023-06-14,260.0799865722656,266.010009765625,255.5,263.7699890136719,262.59735107421875,3507500
2023-06-15,266.2900085449219,274.04998779296875,265.75,269.489990234375,268.2919006347656,2514100
2023-06-16,271.80999755859375,272.80999755859375,266.8500061035156,268.8299865722656,267.63482666015625,2896200
2023-06-20,268.8500061035156,272.010009765625,267.260009765625,270.04998779296875,268.84942626953125,1347100
2023-06-21,269.9100036621094,276.25,269.57000732421875,273.8299865722656,272.61260986328125,1825200
2023-06-22,274.3500061035156,276.19000244140625,272.0400085449219,275.3299865722656,274.10595703125,1300200
2023-06-23,275.4100036621094,276.6199951171875,273.6099853515625,274.8500061035156,273.6280822753906,2060300
2023-06-26,275.4100036621094,278.6600036621094,274.010009765625,276.4100036621094,275.18115234375,1396100
2023-06-27,273.2200012207031,276.44000244140625,273.1300048828125,275.79998779296875,274.5738525390625,1168900
2023-06-28,275.67999267578125,276.05999755859375,273.0899963378906,274.739990234375,273.5185852050781,803800
2023-06-29,275.1300048828125,278.5299987792969,273.3999938964844,277.25,276.0174255371094,1164500
2023-06-30,277.6400146484375,282.1000061035156,276.4599914550781,280.6000061035156,279.3525390625,1525000
2023-07-03,278.95001220703125,280.92999267578125,277.6700134277344,280.3299865722656,279.0837097167969,627700
2023-07-05,279.9100036621094,282.3699951171875,278.6000061035156,280.75,279.5018615722656,1279500
2023-07-06,279.7799987792969,281.3399963378906,277.739990234375,279.0,277.7596435546875,1794900
2023-07-07,277.6600036621094,280.3900146484375,276.7200012207031,277.1199951171875,275.88800048828125,999700
2023-07-10,277.6099853515625,280.7799987792969,275.6300048828125,278.3399963378906,277.1025695800781,994700
2023-07-11,279.3500061035156,282.3500061035156,278.4100036621094,281.739990234375,280.4874572753906,934300
2023-07-12,277.5,278.0,268.510009765625,268.69000244140625,267.4954833984375,2350800
2023-07-13,269.1300048828125,271.9800109863281,267.510009765625,270.05999755859375,268.859375,1940900
2023-07-14,277.94000244140625,284.8999938964844,277.94000244140625,282.760009765625,281.5029296875,2063800
2023-07-17,281.1400146484375,283.82000732421875,279.7099914550781,281.1600036621094,279.9100341796875,1154800
2023-07-18,283.75,288.0,281.010009765625,284.82000732421875,283.55377197265625,1301900
2023-07-19,295.2099914550781,297.4200134277344,291.0799865722656,292.6600036621094,291.3589172363281,2197400
2023-07-20,293.17999267578125,295.1000061035156,289.010009765625,294.2200012207031,292.9119873046875,1516800
2023-07-21,294.6300048828125,296.8299865722656,293.0199890136719,293.7699890136719,292.4639587402344,1497100
2023-07-24,293.07000732421875,294.57000732421875,290.4100036621094,292.05999755859375,290.7615661621094,1638200
2023-07-25,291.75,295.3399963378906,290.0299987792969,294.69000244140625,293.3798828125,1291500
2023-07-26,294.4599914550781,295.54998779296875,289.739990234375,290.69000244140625,289.3976745605469,1416100
2023-07-27,291.45001220703125,293.4800109863281,290.45001220703125,292.75,291.4485168457031,1283400
2023-07-28,293.25,293.25,284.92999267578125,292.1000061035156,290.8014221191406,1397400
2023-07-31,292.8399963378906,295.4800109863281,290.05999755859375,295.1000061035156,293.7880554199219,1245100
2023-08-01,295.7900085449219,297.989990234375,294.2900085449219,295.6400146484375,294.32568359375,1498100
2023-08-02,299.2300109863281,303.3299865722656,297.80999755859375,299.3999938964844,298.0689392089844,2039700
2023-08-03,292.6199951171875,293.29998779296875,281.8900146484375,287.6400146484375,286.3612365722656,2410900
2023-08-04,287.75,290.44000244140625,285.69000244140625,286.5799865722656,285.3059387207031,1213200
2023-08-07,287.1099853515625,291.8900146484375,287.1099853515625,291.82000732421875,290.52264404296875,1142100
2023-08-08,290.44000244140625,294.0,288.2699890136719,292.1499938964844,290.8511657714844,1152900
2023-08-09,290.70001220703125,291.4200134277344,287.9800109863281,288.3299865722656,287.04815673828125,899800
2023-08-10,290.0,292.92999267578125,288.010009765625,288.9100036621094,287.6255798339844,1074700
2023-08-11,288.4700012207031,290.7799987792969,287.6499938964844,289.510009765625,288.2229309082031,947900
2023-08-14,289.1400146484375,292.0299987792969,289.04998779296875,289.8399963378906,288.55145263671875,825100
2023-08-15,288.32000732421875,290.45001220703125,287.69000244140625,289.2900085449219,288.00390625,869700
2023-08-16,288.9100036621094,292.5199890136719,288.7900085449219,288.9599914550781,287.67535400390625,993400
2023-08-17,269.9700012207031,277.8500061035156,265.55999755859375,270.5299987792969,269.3273010253906,4554900
2023-08-18,270.6600036621094,276.29998779296875,270.5,276.010009765625,274.7829284667969,2103700
2023-08-21,276.8599853515625,281.5899963378906,276.010009765625,281.260009765625,280.0096130371094,1345200
2023-08-22,280.79998779296875,282.57000732421875,279.5400085449219,280.07000732421875,278.82489013671875,1044200
2023-08-23,280.8999938964844,282.8599853515625,280.44000244140625,281.8299865722656,280.5770568847656,1203300
2023-08-24,281.3699951171875,284.6400146484375,280.3800048828125,282.3800048828125,281.1246337890625,1340800
2023-08-25,283.3500061035156,284.6199951171875,279.0199890136719,279.2300109863281,277.9886169433594,1209400
2023-08-28,280.5899963378906,282.6199951171875,280.25,281.54998779296875,280.29827880859375,531900
2023-08-29,282.2200012207031,283.94000244140625,279.0,281.6400146484375,280.3879089355469,1117400
2023-08-30,282.94000244140625,284.54998779296875,282.010009765625,282.6700134277344,281.413330078125,744800
2023-08-31,282.6499938964844,282.989990234375,276.1300048828125,276.260009765625,275.0318298339844,1747500
2023-09-01,277.80999755859375,280.1199951171875,276.1700134277344,276.6700134277344,275.44000244140625,1118600
2023-09-05,276.45001220703125,280.989990234375,276.1499938964844,278.75,278.75,1236300
2023-09-06,277.29998779296875,278.1499938964844,274.8999938964844,275.6300048828125,275.6300048828125,1004100
2023-09-07,276.7300109863281,282.82000732421875,275.92999267578125,281.2900085449219,281.2900085449219,1029500
2023-09-08,280.4700012207031,284.19000244140625,279.3800048828125,281.4800109863281,281.4800109863281,1065200
2023-09-11,282.010009765625,287.2699890136719,280.9100036621094,284.82000732421875,284.82000732421875,1191800
2023-09-12,283.3399963378906,288.3900146484375,281.0,286.5299987792969,286.5299987792969,970900
2023-09-13,287.4100036621094,287.82000732421875,282.5,285.2099914550781,285.2099914550781,1177900
2023-09-14,287.5799865722656,288.8299865722656,281.80999755859375,283.30999755859375,283.30999755859375,892700
2023-09-15,283.0799865722656,287.32000732421875,282.1099853515625,283.2200012207031,283.2200012207031,1595000
2023-09-18,285.0,286.20001220703125,282.82000732421875,285.3399963378906,285.3399963378906,626300
2023-09-19,284.6600036621094,286.6300048828125,283.55999755859375,284.6400146484375,284.6400146484375,735700
2023-09-20,285.80999755859375,288.8999938964844,284.2900085449219,287.3299865722656,287.3299865722656,768000
2023-09-21,287.29998779296875,292.4800109863281,286.0899963378906,290.8399963378906,290.8399963378906,1696000
2023-09-22,289.3699951171875,292.19000244140625,288.79998779296875,289.44000244140625,289.44000244140625,1170900
2023-09-25,289.44000244140625,294.3599853515625,289.19000244140625,294.3399963378906,294.3399963378906,806600
2023-09-26,293.70001220703125,293.80999755859375,287.9700012207031,288.4700012207031,288.4700012207031,1051400
2023-09-27,289.1499938964844,291.260009765625,286.20001220703125,288.6099853515625,288.6099853515625,1217600
2023-09-28,289.4100036621094,293.55999755859375,289.4100036621094,290.32000732421875,290.32000732421875,1016900
2023-09-29,288.3299865722656,288.8699951171875,285.2699890136719,286.07000732421875,286.07000732421875,1358500
2023-10-02,285.7099914550781,288.17999267578125,283.57000732421875,287.5400085449219,287.5400085449219,978600
2023-10-03,286.1099853515625,286.8900146484375,283.75,284.4100036621094,284.4100036621094,989100
2023-10-04,284.3500061035156,285.55999755859375,281.70001220703125,285.0799865722656,285.0799865722656,992900
2023-10-05,285.29998779296875,288.05999755859375,283.04998779296875,285.3500061035156,285.3500061035156,1095400
2023-10-06,285.9200134277344,289.30999755859375,285.1199951171875,288.2300109863281,288.2300109863281,1051200
2023-10-09,287.17999267578125,290.3500061035156,286.989990234375,289.6700134277344,289.6700134277344,762100
2023-10-10,289.2200012207031,292.4200134277344,288.32000732421875,291.760009765625,291.760009765625,1070800
2023-10-11,291.17999267578125,294.7699890136719,289.82000732421875,294.45001220703125,294.45001220703125,1220600
2023-10-12,295.0,298.30999755859375,292.3599853515625,295.79998779296875,295.79998779296875,1527600
2023-10-13,299.8999938964844,307.30999755859375,299.8999938964844,305.0899963378906,305.0899963378906,2387900
2023-10-16,306.989990234375,312.7099914550781,305.9700012207031,312.1300048828125,312.1300048828125,2283000
2023-10-17,314.0,316.1400146484375,309.80999755859375,310.6000061035156,310.6000061035156,1183400
2023-10-18,313.57000732421875,315.0,309.8999938964844,311.94000244140625,311.94000244140625,1049400
2023-10-19,311.2900085449219,313.5400085449219,306.8299865722656,310.1700134277344,310.1700134277344,1190400
2023-10-20,310.44000244140625,312.0199890136719,306.0400085449219,306.7799987792969,306.7799987792969,1263100
2023-10-23,306.4100036621094,306.70001220703125,300.17999267578125,301.04998779296875,301.04998779296875,1595100
2023-10-24,303.1000061035156,307.79998779296875,302.510009765625,304.6400146484375,304.6400146484375,864400
2023-10-25,305.1400146484375,305.6600036621094,300.4100036621094,303.8900146484375,303.8900146484375,1144600
2023-10-26,302.0799865722656,305.7300109863281,301.6000061035156,304.2200012207031,304.2200012207031,968900
2023-10-27,303.239990234375,304.2099914550781,301.3900146484375,303.239990234375,303.239990234375,1269800
2023-10-30,303.9700012207031,306.4599914550781,301.7799987792969,305.2200012207031,305.2200012207031,1725200
2023-10-31,307.20001220703125,310.0899963378906,306.1499938964844,309.20001220703125,309.20001220703125,1592500
2023-11-01,307.75,311.8399963378906,305.6499938964844,309.4100036621094,309.4100036621094,1755300
2023-11-02,306.30999755859375,319.9200134277344,306.30999755859375,318.8900146484375,318.8900146484375,2231400
2023-11-03,317.7099914550781,319.25,310.4800109863281,310.6499938964844,310.6499938964844,1580400
2023-11-06,311.19000244140625,315.3399963378906,302.2300109863281,306.8399963378906,306.8399963378906,2272600
2023-11-07,307.7099914550781,307.79998779296875,293.29998779296875,295.0299987792969,295.0299987792969,3558000
2023-11-08,296.4800109863281,298.67999267578125,293.9100036621094,295.3500061035156,295.3500061035156,1565700
2023-11-09,295.54998779296875,296.8399963378906,288.510009765625,288.9100036621094,288.9100036621094,1389700
2023-11-10,289.239990234375,294.0,286.4599914550781,293.2099914550781,293.2099914550781,1224600
2023-11-13,293.7300109863281,295.989990234375,291.7200012207031,294.1199951171875,294.1199951171875,1002800
2023-11-14,293.19000244140625,294.6099853515625,285.2900085449219,290.0799865722656,290.0799865722656,2766800
2023-11-15,289.9599914550781,290.7900085449219,281.0400085449219,282.9800109863281,282.9800109863281,2401900
2023-11-16,282.6000061035156,284.5,280.1000061035156,282.239990234375,282.239990234375,1774300
2023-11-17,282.9700012207031,282.9700012207031,277.05999755859375,282.55999755859375,282.55999755859375,1517200
2023-11-20,281.3800048828125,285.8299865722656,281.3800048828125,284.29998779296875,284.29998779296875,1394900
2023-11-21,285.2099914550781,286.8900146484375,280.7200012207031,286.489990234375,286.489990234375,1274500
2023-11-22,286.5899963378906,289.1600036621094,285.95001220703125,288.30999755859375,288.30999755859375,905900
2023-11-24,288.5,290.7799987792969,287.3299865722656,287.8500061035156,287.8500061035156,416200
2023-11-27,287.9700012207031,289.6600036621094,285.010009765625,286.260009765625,286.260009765625,1220100
2023-11-28,287.0299987792969,289.0400085449219,285.3500061035156,286.0799865722656,286.0799865722656,1437000
2023-11-29,283.1499938964844,287.6000061035156,262.510009765625,262.8699951171875,262.8699951171875,7568700
2023-11-30,263.8900146484375,266.9100036621094,259.4200134277344,262.8800048828125,262.8800048828125,7045500
2023-12-01,263.9599914550781,273.1300048828125,263.79010009765625,269.0199890136719,269.0199890136719,3383535
